대회,라운드,선수A,선수B,세트번호,맵
대국민 스타리그,32강,김건욱,김택용,1,서킷브레이커
대국민 스타리그,32강,신상문,한상봉,1,서킷브레이커
대국민 스타리그,32강,김택용,한상봉,1,투혼
대국민 스타리그,32강,김건욱,신상문,1,투혼
대국민 스타리그,32강,김건욱,한상봉,1,매치포인트
대국민 스타리그,32강,김명운,김봉준,1,서킷브레이커
대국민 스타리그,32강,유영진,임진묵,1,서킷브레이커
대국민 스타리그,32강,김명운,임진묵,1,투혼
대국민 스타리그,32강,김봉준,유영진,1,투혼
대국민 스타리그,32강,유영진,임진묵,1,매치포인트
대국민 스타리그,32강,임홍규,최호선,1,서킷브레이커
대국민 스타리그,32강,김윤중,진영화,1,서킷브레이커
대국민 스타리그,32강,임홍규,진영화,1,투혼
대국민 스타리그,32강,김윤중,최호선,1,투혼
대국민 스타리그,32강,진영화,최호선,1,매치포인트
대국민 스타리그,32강,구성훈,서문지훈,1,서킷브레이커
대국민 스타리그,32강,김정우,박세정,1,서킷브레이커
대국민 스타리그,32강,구성훈,김정우,1,투혼
대국민 스타리그,32강,박세정,서문지훈,1,투혼
대국민 스타리그,32강,김정우,서문지훈,1,매치포인트
대국민 스타리그,32강,박재현,조기석,1,서킷브레이커
대국민 스타리그,32강,강정우,박성균,1,서킷브레이커
대국민 스타리그,32강,강정우,조기석,1,투혼
대국민 스타리그,32강,박성균,박재현,1,투혼
대국민 스타리그,32강,강정우,박성균,1,매치포인트
대국민 스타리그,32강,박성준,심대성,1,서킷브레이커
대국민 스타리그,32강,김재현,김재훈,1,서킷브레이커
대국민 스타리그,32강,김재훈,박성준,1,투혼
대국민 스타리그,32강,김재현,심대성,1,투혼
대국민 스타리그,32강,김재현,박성준,1,매치포인트
대국민 스타리그,32강,정윤성,조일장,1,서킷브레이커
대국민 스타리그,32강,김승현,염보성,1,서킷브레이커
대국민 스타리그,32강,김승현,조일장,1,투혼
대국민 스타리그,32강,염보성,정윤성,1,투혼
대국민 스타리그,32강,염보성,조일장,1,매치포인트
대국민 스타리그,32강,김성현,윤용태,1,서킷브레이커
대국민 스타리그,32강,김상곤,윤찬희,1,서킷브레이커
대국민 스타리그,32강,김성현,윤찬희,1,투혼
대국민 스타리그,32강,김상곤,윤용태,1,투혼
대국민 스타리그,32강,윤용태,윤찬희,1,매치포인트
대국민 스타리그,16강,김재훈,김택용,1,서킷브레이커
대국민 스타리그,16강,김건욱,조기석,1,투혼
대국민 스타리그,16강,김정우,박성준,1,매치포인트
대국민 스타리그,16강,염보성,윤용태,1,아카디아 2
대국민 스타리그,16강,박성균,임홍규,1,투혼
대국민 스타리그,16강,구성훈,김성현,1,매치포인트
대국민 스타리그,16강,김명운,유영진,1,아카디아 2
대국민 스타리그,16강,김승현,최호선,1,서킷브레이커
대국민 스타리그,16강,김택용,임홍규,1,매치포인트
대국민 스타리그,16강,구성훈,김건욱,1,아카디아 2
대국민 스타리그,16강,김정우,유영진,1,서킷브레이커
대국민 스타리그,16강,김승현,윤용태,1,투혼
대국민 스타리그,16강,김재훈,박성균,1,아카디아 2
대국민 스타리그,16강,김성현,조기석,1,서킷브레이커
대국민 스타리그,16강,김명운,박성준,1,투혼
대국민 스타리그,16강,염보성,최호선,1,매치포인트
대국민 스타리그,16강,김택용,박성균,1,서킷브레이커
대국민 스타리그,16강,김건욱,김성현,1,투혼
대국민 스타리그,16강,김명운,김정우,1,매치포인트
대국민 스타리그,16강,윤용태,최호선,1,아카디아 2
대국민 스타리그,16강,김재훈,임홍규,1,투혼
대국민 스타리그,16강,구성훈,조기석,1,매치포인트
대국민 스타리그,16강,박성준,유영진,1,아카디아 2
대국민 스타리그,16강,김승현,염보성,1,서킷브레이커
대국민 스타리그,16강,김택용,임홍규,1,서킷브레이커
대국민 스타리그,16강,김택용,박성균,1,투혼
대국민 스타리그,16강,박성균,임홍규,1,매치포인트
대국민 스타리그,16강,윤용태,최호선,1,서킷브레이커
대국민 스타리그,16강,염보성,최호선,1,투혼
대국민 스타리그,16강,염보성,윤용태,1,매치포인트
대국민 스타리그,8강,김성현,김택용,1,서킷브레이커
대국민 스타리그,8강,김성현,김택용,2,글래디에이터
대국민 스타리그,8강,김성현,김택용,3,매치포인트
대국민 스타리그,8강,박성균,조기석,1,서킷브레이커
대국민 스타리그,8강,박성균,조기석,2,투혼
대국민 스타리그,8강,박성균,조기석,3,매치포인트
대국민 스타리그,8강,박성균,조기석,4,글래디에이터
대국민 스타리그,8강,김명운,윤용태,1,투혼
대국민 스타리그,8강,김명운,윤용태,2,글래디에이터
대국민 스타리그,8강,김명운,윤용태,3,서킷브레이커
대국민 스타리그,8강,김명운,윤용태,4,매치포인트
대국민 스타리그,8강,김승현,김정우,1,서킷브레이커
대국민 스타리그,8강,김승현,김정우,2,매치포인트
대국민 스타리그,8강,김승현,김정우,3,글래디에이터
대국민 스타리그,8강,김승현,김정우,4,투혼
대국민 스타리그,4강,김택용,조기석,1,글래디에이터
대국민 스타리그,4강,김택용,조기석,2,서킷브레이커
대국민 스타리그,4강,김택용,조기석,3,투혼
대국민 스타리그,4강,김택용,조기석,4,매치포인트
대국민 스타리그,4강,김명운,김정우,1,서킷브레이커
대국민 스타리그,4강,김명운,김정우,2,글래디에이터
대국민 스타리그,4강,김명운,김정우,3,투혼
대국민 스타리그,4강,김명운,김정우,4,매치포인트
대국민 스타리그,3-4위전,김명운,조기석,1,서킷브레이커
대국민 스타리그,3-4위전,김명운,조기석,2,매치포인트
대국민 스타리그,3-4위전,김명운,조기석,3,투혼
대국민 스타리그,결승전,김정우,김택용,1,서킷브레이커
대국민 스타리그,결승전,김정우,김택용,2,글래디에이터
대국민 스타리그,결승전,김정우,김택용,3,투혼
대국민 스타리그,결승전,김정우,김택용,4,매치포인트
ASL Season 1,16강,김윤중,김정우,1,투혼
ASL Season 1,16강,임진묵,조기석,1,서킷브레이커
ASL Season 1,16강,김명운,이영호,1,오버워치
ASL Season 1,16강,김성현,윤찬희,1,태백산맥
ASL Season 1,16강,윤용태,최호선,1,투혼
ASL Season 1,16강,김재훈,임홍규,1,서킷브레이커
ASL Season 1,16강,박성균,염보성,1,오버워치
ASL Season 1,16강,도재욱,조일장,1,태백산맥
ASL Season 1,16강,김정우,윤용태,1,서킷브레이커
ASL Season 1,16강,임홍규,조기석,1,투혼
ASL Season 1,16강,김명운,박성균,1,태백산맥
ASL Season 1,16강,김성현,도재욱,1,오버워치
ASL Season 1,16강,김윤중,최호선,1,서킷브레이커
ASL Season 1,16강,김재훈,임진묵,1,투혼
ASL Season 1,16강,염보성,이영호,1,태백산맥
ASL Season 1,16강,윤찬희,조일장,1,오버워치
ASL Season 1,16강,김정우,최호선,1,오버워치
ASL Season 1,16강,김재훈,조기석,1,태백산맥
ASL Season 1,16강,김명운,염보성,1,서킷브레이커
ASL Season 1,16강,김성현,조일장,1,투혼
ASL Season 1,16강,김윤중,윤용태,1,태백산맥
ASL Season 1,16강,임진묵,임홍규,1,오버워치
ASL Season 1,16강,박성균,이영호,1,투혼
ASL Season 1,16강,도재욱,윤찬희,1,서킷브레이커
ASL Season 1,16강,김재훈,조기석,1,서킷브레이커
ASL Season 1,16강,김재훈,임진묵,1,오버워치
ASL Season 1,16강,임진묵,조기석,1,투혼
ASL Season 1,16강,김재훈,조기석,1,오버워치
ASL Season 1,16강,김재훈,임진묵,1,투혼
ASL Season 1,16강,임진묵,조기석,1,서킷브레이커
ASL Season 1,8강,조기석,최호선,1,서킷브레이커
ASL Season 1,8강,조기석,최호선,2,신 태백산맥
ASL Season 1,8강,조기석,최호선,3,투혼
ASL Season 1,8강,조기석,최호선,4,오버워치
ASL Season 1,8강,염보성,조일장,1,투혼
ASL Season 1,8강,염보성,조일장,2,신 태백산맥
ASL Season 1,8강,염보성,조일장,3,오버워치
ASL Season 1,8강,염보성,조일장,4,서킷브레이커
ASL Season 1,8강,염보성,조일장,5,투혼
ASL Season 1,8강,김윤중,김재훈,1,서킷브레이커
ASL Season 1,8강,김윤중,김재훈,2,신 태백산맥
ASL Season 1,8강,김윤중,김재훈,3,투혼
ASL Season 1,8강,김윤중,김재훈,4,오버워치
ASL Season 1,8강,김성현,이영호,1,투혼
ASL Season 1,8강,김성현,이영호,2,서킷브레이커
ASL Season 1,8강,김성현,이영호,3,오버워치
ASL Season 1,4강,염보성,조기석,1,투혼
ASL Season 1,4강,염보성,조기석,2,신 태백산맥
ASL Season 1,4강,염보성,조기석,3,오버워치
ASL Season 1,4강,염보성,조기석,4,서킷브레이커
ASL Season 1,4강,염보성,조기석,5,투혼
ASL Season 1,4강,김성현,김윤중,1,오버워치
ASL Season 1,4강,김성현,김윤중,2,신 태백산맥
ASL Season 1,4강,김성현,김윤중,3,서킷브레이커
ASL Season 1,4강,김성현,김윤중,4,투혼
ASL Season 1,결승전,김윤중,조기석,1,서킷브레이커
ASL Season 1,결승전,김윤중,조기석,2,오버워치
ASL Season 1,결승전,김윤중,조기석,3,투혼
ASL Season 2,24강,김택용,임홍규,1,벤젠
ASL Season 2,24강,김승현,김태영,1,벤젠
ASL Season 2,24강,김태영,김택용,1,서킷브레이커
ASL Season 2,24강,김승현,임홍규,1,서킷브레이커
ASL Season 2,24강,김승현,김태영,1,태풍의눈
ASL Season 2,24강,김정우,이재호,1,벤젠
ASL Season 2,24강,김범성,정윤종,1,벤젠
ASL Season 2,24강,김정우,정윤종,1,서킷브레이커
ASL Season 2,24강,김범성,이재호,1,서킷브레이커
ASL Season 2,24강,김정우,이재호,1,태풍의눈
ASL Season 2,24강,송병구,유영진,1,벤젠
ASL Season 2,24강,윤용태,한두열,1,벤젠
ASL Season 2,24강,송병구,윤용태,1,서킷브레이커
ASL Season 2,24강,유영진,한두열,1,서킷브레이커
ASL Season 2,24강,유영진,윤용태,1,태풍의눈
ASL Season 2,24강,이영호,이예준,1,벤젠
ASL Season 2,24강,김민철,진영화,1,벤젠
ASL Season 2,24강,김민철,이영호,1,서킷브레이커
ASL Season 2,24강,이예준,진영화,1,서킷브레이커
ASL Season 2,24강,김민철,진영화,1,태풍의눈
ASL Season 2,24강,윤찬희,이제동,1,벤젠
ASL Season 2,24강,김규회,도재욱,1,벤젠
ASL Season 2,24강,도재욱,이제동,1,서킷브레이커
ASL Season 2,24강,김규회,윤찬희,1,서킷브레이커
ASL Season 2,24강,윤찬희,이제동,1,태풍의눈
ASL Season 2,24강,박성균,조일장,1,벤젠
ASL Season 2,24강,변형태,최영현,1,벤젠
ASL Season 2,24강,변형태,조일장,1,서킷브레이커
ASL Season 2,24강,박성균,최영현,1,서킷브레이커
ASL Season 2,24강,박성균,변형태,1,태풍의눈
ASL Season 2,16강,김승현,김윤중,1,데미안 2
ASL Season 2,16강,송병구,이재호,1,데미안 2
ASL Season 2,16강,김승현,송병구,1,벤젠
ASL Season 2,16강,김윤중,이재호,1,벤젠
ASL Season 2,16강,김승현,이재호,1,서킷브레이커
ASL Season 2,16강,박성균,조기석,1,데미안 2
ASL Season 2,16강,도재욱,이제동,1,데미안 2
ASL Season 2,16강,도재욱,박성균,1,벤젠
ASL Season 2,16강,이제동,조기석,1,벤젠
ASL Season 2,16강,박성균,이제동,1,서킷브레이커
ASL Season 2,16강,김성현,유영진,1,데미안 2
ASL Season 2,16강,김택용,조일장,1,데미안 2
ASL Season 2,16강,김성현,김택용,1,벤젠
ASL Season 2,16강,유영진,조일장,1,벤젠
ASL Season 2,16강,김성현,조일장,1,서킷브레이커
ASL Season 2,16강,염보성,이영호,1,데미안 2
ASL Season 2,16강,정윤종,진영화,1,데미안 2
ASL Season 2,16강,이영호,진영화,1,벤젠
ASL Season 2,16강,염보성,정윤종,1,벤젠
ASL Season 2,16강,염보성,진영화,1,서킷브레이커
ASL Season 2,8강,김택용,염보성,1,태풍의눈
ASL Season 2,8강,김택용,염보성,2,데미안 2
ASL Season 2,8강,김택용,염보성,3,서킷브레이커
ASL Season 2,8강,도재욱,조일장,1,서킷브레이커
ASL Season 2,8강,도재욱,조일장,2,태풍의눈
ASL Season 2,8강,도재욱,조일장,3,벤젠
ASL Season 2,8강,도재욱,조일장,4,데미안 2
ASL Season 2,8강,김승현,이영호,1,태풍의눈
ASL Season 2,8강,김승현,이영호,2,서킷브레이커
ASL Season 2,8강,김승현,이영호,3,데미안 2
ASL Season 2,8강,김승현,이영호,4,벤젠
ASL Season 2,8강,송병구,이제동,1,데미안 2
ASL Season 2,8강,송병구,이제동,2,서킷브레이커
ASL Season 2,8강,송병구,이제동,3,태풍의눈
ASL Season 2,4강,도재욱,염보성,1,태풍의눈
ASL Season 2,4강,도재욱,염보성,2,벤젠
ASL Season 2,4강,도재욱,염보성,3,서킷브레이커
ASL Season 2,4강,도재욱,염보성,4,데미안 2
ASL Season 2,4강,도재욱,염보성,5,태풍의눈
ASL Season 2,4강,이영호,이제동,1,태풍의눈
ASL Season 2,4강,이영호,이제동,2,서킷브레이커
ASL Season 2,4강,이영호,이제동,3,데미안 2
ASL Season 2,4강,이영호,이제동,4,벤젠
ASL Season 2,4강,이영호,이제동,5,태풍의눈
ASL Season 2,결승전,염보성,이영호,1,데미안 2
ASL Season 2,결승전,염보성,이영호,2,벤젠
ASL Season 2,결승전,염보성,이영호,3,서킷브레이커
ASL Season 2,결승전,염보성,이영호,4,태풍의눈
ASL Season 3,24강,김윤중,문기호,1,카멜롯
ASL Season 3,24강,김민철,윤찬희,1,카멜롯
ASL Season 3,24강,김윤중,윤찬희,1,서킷브레이커
ASL Season 3,24강,김민철,문기호,1,서킷브레이커
ASL Season 3,24강,김민철,김윤중,1,아웃사이더 SE
ASL Season 3,24강,김정우,장윤철,1,카멜롯
ASL Season 3,24강,윤용태,이영한,1,카멜롯
ASL Season 3,24강,김정우,이영한,1,서킷브레이커
ASL Season 3,24강,윤용태,장윤철,1,서킷브레이커
ASL Season 3,24강,이영한,장윤철,1,아웃사이더 SE
ASL Season 3,24강,김택용,변현제,1,카멜롯
ASL Season 3,24강,김재훈,이재호,1,카멜롯
ASL Season 3,24강,김재훈,김택용,1,서킷브레이커
ASL Season 3,24강,변현제,이재호,1,서킷브레이커
ASL Season 3,24강,김재훈,이재호,1,아웃사이더 SE
ASL Season 3,24강,김기훈,조일장,1,카멜롯
ASL Season 3,24강,정윤종,최호선,1,카멜롯
ASL Season 3,24강,조일장,최호선,1,서킷브레이커
ASL Season 3,24강,김기훈,정윤종,1,서킷브레이커
ASL Season 3,24강,정윤종,조일장,1,아웃사이더 SE
ASL Season 3,24강,김경모,김승현,1,카멜롯
ASL Season 3,24강,박지호,송병구,1,카멜롯
ASL Season 3,24강,김경모,박지호,1,서킷브레이커
ASL Season 3,24강,김승현,송병구,1,서킷브레이커
ASL Season 3,24강,김승현,박지호,1,아웃사이더 SE
ASL Season 3,24강,고석현,김성현,1,카멜롯
ASL Season 3,24강,임홍규,진영화,1,카멜롯
ASL Season 3,24강,김성현,임홍규,1,서킷브레이커
ASL Season 3,24강,고석현,진영화,1,서킷브레이커
ASL Season 3,24강,고석현,임홍규,1,아웃사이더 SE
ASL Season 3,16강,고석현,이영호,1,안드로메다
ASL Season 3,16강,김경모,이영한,1,안드로메다
ASL Season 3,16강,이영한,이영호,1,카멜롯
ASL Season 3,16강,고석현,김경모,1,카멜롯
ASL Season 3,16강,고석현,이영한,1,서킷브레이커
ASL Season 3,16강,김정우,염보성,1,안드로메다
ASL Season 3,16강,김민철,김택용,1,안드로메다
ASL Season 3,16강,김민철,김정우,1,카멜롯
ASL Season 3,16강,김택용,염보성,1,카멜롯
ASL Season 3,16강,김정우,김택용,1,서킷브레이커
ASL Season 3,16강,도재욱,윤찬희,1,안드로메다
ASL Season 3,16강,김승현,김재훈,1,안드로메다
ASL Season 3,16강,김승현,윤찬희,1,카멜롯
ASL Season 3,16강,김재훈,도재욱,1,카멜롯
ASL Season 3,16강,김승현,도재욱,1,서킷브레이커
ASL Season 3,16강,이제동,최호선,1,안드로메다
ASL Season 3,16강,김성현,조일장,1,안드로메다
ASL Season 3,16강,김성현,최호선,1,카멜롯
ASL Season 3,16강,이제동,조일장,1,카멜롯
ASL Season 3,16강,김성현,이제동,1,서킷브레이커
ASL Season 3,8강,김택용,최호선,1,아웃사이더 SE
ASL Season 3,8강,김택용,최호선,2,안드로메다
ASL Season 3,8강,김택용,최호선,3,카멜롯
ASL Season 3,8강,김택용,최호선,4,서킷브레이커
ASL Season 3,8강,김택용,최호선,5,아웃사이더 SE
ASL Season 3,8강,윤찬희,이영한,1,서킷브레이커
ASL Season 3,8강,윤찬희,이영한,2,카멜롯
ASL Season 3,8강,윤찬희,이영한,3,아웃사이더 SE
ASL Season 3,8강,윤찬희,이영한,4,안드로메다
ASL Season 3,8강,김민철,도재욱,1,서킷브레이커
ASL Season 3,8강,김민철,도재욱,2,아웃사이더 SE
ASL Season 3,8강,김민철,도재욱,3,카멜롯
ASL Season 3,8강,김민철,도재욱,4,안드로메다
ASL Season 3,8강,김민철,도재욱,5,서킷브레이커
ASL Season 3,8강,김성현,이영호,1,카멜롯
ASL Season 3,8강,김성현,이영호,2,아웃사이더 SE
ASL Season 3,8강,김성현,이영호,3,안드로메다
ASL Season 3,4강,김택용,이영한,1,서킷브레이커
ASL Season 3,4강,김택용,이영한,2,안드로메다
ASL Season 3,4강,김택용,이영한,3,카멜롯
ASL Season 3,4강,김택용,이영한,4,아웃사이더 SE
ASL Season 3,4강,김민철,이영호,1,서킷브레이커
ASL Season 3,4강,김민철,이영호,2,카멜롯
ASL Season 3,4강,김민철,이영호,3,아웃사이더 SE
ASL Season 3,4강,김민철,이영호,4,안드로메다
ASL Season 3,4강,김민철,이영호,5,서킷브레이커
ASL Season 3,3-4위전,김민철,김택용,1,서킷브레이커
ASL Season 3,3-4위전,김민철,김택용,2,아웃사이더 SE
ASL Season 3,3-4위전,김민철,김택용,3,안드로메다
ASL Season 3,3-4위전,김민철,김택용,4,카멜롯
ASL Season 3,결승전,이영한,이영호,1,서킷브레이커
ASL Season 3,결승전,이영한,이영호,2,카멜롯
ASL Season 3,결승전,이영한,이영호,3,안드로메다
ASL Season 4,24강,박준오,하늘,1,골드러시
ASL Season 4,24강,이재호,임홍규,1,골드러시
ASL Season 4,24강,박준오,임홍규,1,크로싱필드
ASL Season 4,24강,이재호,하늘,1,크로싱필드
ASL Season 4,24강,이재호,임홍규,1,투혼
ASL Season 4,24강,김성현,한두열,1,골드러시
ASL Season 4,24강,송병구,최호선,1,골드러시
ASL Season 4,24강,김성현,최호선,1,크로싱필드
ASL Season 4,24강,송병구,한두열,1,크로싱필드
ASL Season 4,24강,김성현,송병구,1,투혼
ASL Season 4,24강,김기훈,김정우,1,골드러시
ASL Season 4,24강,박성균,유영진,1,골드러시
ASL Season 4,24강,김정우,유영진,1,크로싱필드
ASL Season 4,24강,김기훈,박성균,1,크로싱필드
ASL Season 4,24강,박성균,유영진,1,투혼
ASL Season 4,24강,김태영,도재욱,1,골드러시
ASL Season 4,24강,윤찬희,정윤종,1,골드러시
ASL Season 4,24강,도재욱,윤찬희,1,크로싱필드
ASL Season 4,24강,김태영,정윤종,1,크로싱필드
ASL Season 4,24강,도재욱,정윤종,1,투혼
ASL Season 4,24강,김윤중,이성은,1,골드러시
ASL Season 4,24강,장윤철,조일장,1,골드러시
ASL Season 4,24강,김윤중,조일장,1,크로싱필드
ASL Season 4,24강,이성은,장윤철,1,크로싱필드
ASL Season 4,24강,장윤철,조일장,1,투혼
ASL Season 4,24강,변현제,조기석,1,골드러시
ASL Season 4,24강,구성훈,이제동,1,골드러시
ASL Season 4,24강,이제동,조기석,1,크로싱필드
ASL Season 4,24강,구성훈,변현제,1,크로싱필드
ASL Season 4,24강,변현제,이제동,1,투혼
ASL Season 4,16강,박준오,이영호,1,크로싱필드
ASL Season 4,16강,윤찬희,조기석,1,크로싱필드
ASL Season 4,16강,이영호,조기석,1,골드러시
ASL Season 4,16강,박준오,윤찬희,1,골드러시
ASL Season 4,16강,박준오,조기석,1,투혼
ASL Season 4,16강,이영한,임홍규,1,크로싱필드
ASL Season 4,16강,김정우,조일장,1,크로싱필드
ASL Season 4,16강,김정우,임홍규,1,골드러시
ASL Season 4,16강,이영한,조일장,1,골드러시
ASL Season 4,16강,김정우,조일장,1,투혼
ASL Season 4,16강,김택용,박성균,1,크로싱필드
ASL Season 4,16강,김윤중,최호선,1,크로싱필드
ASL Season 4,16강,김윤중,김택용,1,골드러시
ASL Season 4,16강,박성균,최호선,1,골드러시
ASL Season 4,16강,김윤중,박성균,1,투혼
ASL Season 4,16강,김민철,정윤종,1,크로싱필드
ASL Season 4,16강,송병구,이제동,1,크로싱필드
ASL Season 4,16강,김민철,이제동,1,골드러시
ASL Season 4,16강,송병구,정윤종,1,골드러시
ASL Season 4,16강,이제동,정윤종,1,투혼
ASL Season 4,8강,임홍규,정윤종,1,크로싱필드
ASL Season 4,8강,임홍규,정윤종,2,글래디에이터
ASL Season 4,8강,임홍규,정윤종,3,골드러시
ASL Season 4,8강,임홍규,정윤종,4,투혼
ASL Season 4,8강,김민철,조일장,1,글래디에이터
ASL Season 4,8강,김민철,조일장,2,투혼
ASL Season 4,8강,김민철,조일장,3,크로싱필드
ASL Season 4,8강,김민철,조일장,4,골드러시
ASL Season 4,8강,김민철,조일장,5,글래디에이터
ASL Season 4,8강,김택용,박준오,1,골드러시
ASL Season 4,8강,김택용,박준오,2,크로싱필드
ASL Season 4,8강,김택용,박준오,3,글래디에이터
ASL Season 4,8강,박성균,이영호,1,골드러시
ASL Season 4,8강,박성균,이영호,2,크로싱필드
ASL Season 4,8강,박성균,이영호,3,글래디에이터
ASL Season 4,4강,임홍규,조일장,1,골드러시
ASL Season 4,4강,임홍규,조일장,2,글래디에이터
ASL Season 4,4강,임홍규,조일장,3,투혼
ASL Season 4,4강,임홍규,조일장,4,크로싱필드
ASL Season 4,4강,임홍규,조일장,5,골드러시
ASL Season 4,4강,김택용,이영호,1,글래디에이터
ASL Season 4,4강,김택용,이영호,2,투혼
ASL Season 4,4강,김택용,이영호,3,크로싱필드
ASL Season 4,4강,김택용,이영호,4,골드러시
ASL Season 4,3-4위전,김택용,임홍규,1,투혼
ASL Season 4,3-4위전,김택용,임홍규,2,크로싱필드
ASL Season 4,3-4위전,김택용,임홍규,3,골드러시
ASL Season 4,3-4위전,김택용,임홍규,4,글래디에이터
ASL Season 4,결승전,이영호,조일장,1,크로싱필드
ASL Season 4,결승전,이영호,조일장,2,골드러시
ASL Season 4,결승전,이영호,조일장,3,글래디에이터
ASL Season 4,결승전,이영호,조일장,4,투혼
ASL Season 5,와일드카드,박준오,정윤종,1,글래디에이터
ASL Season 5,와일드카드,박준오,정윤종,2,투혼
ASL Season 5,와일드카드,김민철,박성균,1,매치포인트
ASL Season 5,와일드카드,김민철,박성균,2,서킷브레이커
ASL Season 5,와일드카드,김민철,정윤종,1,서킷브레이커
ASL Season 5,와일드카드,김민철,정윤종,2,투혼
ASL Season 5,와일드카드,김민철,정윤종,3,매치포인트
ASL Season 5,와일드카드,김민철,정윤종,4,글래디에이터
ASL Season 5,24강,김윤중,하늘,1,스파클
ASL Season 5,24강,이영한,이재호,1,스파클
ASL Season 5,24강,이영한,하늘,1,트랜지스터
ASL Season 5,24강,김윤중,이재호,1,트랜지스터
ASL Season 5,24강,김윤중,하늘,1,글래디에이터
ASL Season 5,24강,김정우,이경민,1,스파클
ASL Season 5,24강,김승현,송병구,1,스파클
ASL Season 5,24강,송병구,이경민,1,트랜지스터
ASL Season 5,24강,김승현,김정우,1,트랜지스터
ASL Season 5,24강,김정우,이경민,1,글래디에이터
ASL Season 5,24강,김윤환,도재욱,1,스파클
ASL Season 5,24강,박성균,유영진,1,스파클
ASL Season 5,24강,김윤환,박성균,1,트랜지스터
ASL Season 5,24강,도재욱,유영진,1,트랜지스터
ASL Season 5,24강,김윤환,도재욱,1,글래디에이터
ASL Season 5,24강,김성현,한두열,1,스파클
ASL Season 5,24강,윤찬희,장윤철,1,스파클
ASL Season 5,24강,장윤철,한두열,1,트랜지스터
ASL Season 5,24강,김성현,윤찬희,1,트랜지스터
ASL Season 5,24강,김성현,장윤철,1,글래디에이터
ASL Season 5,24강,김성대,조기석,1,스파클
ASL Season 5,24강,김민철,변현제,1,스파클
ASL Season 5,24강,김성대,변현제,1,트랜지스터
ASL Season 5,24강,김민철,조기석,1,트랜지스터
ASL Season 5,24강,김민철,김성대,1,글래디에이터
ASL Season 5,24강,박지호,염보성,1,스파클
ASL Season 5,24강,이제동,진영화,1,스파클
ASL Season 5,24강,염보성,이제동,1,트랜지스터
ASL Season 5,24강,박지호,진영화,1,트랜지스터
ASL Season 5,24강,염보성,진영화,1,글래디에이터
ASL Season 5,16강,박성균,이영호,1,트랜지스터
ASL Season 5,16강,이영한,한두열,1,트랜지스터
ASL Season 5,16강,이영한,이영호,1,제3세계
ASL Season 5,16강,박성균,한두열,1,제3세계
ASL Season 5,16강,박성균,이영한,1,글래디에이터
ASL Season 5,16강,도재욱,조일장,1,트랜지스터
ASL Season 5,16강,송병구,장윤철,1,트랜지스터
ASL Season 5,16강,장윤철,조일장,1,제3세계
ASL Season 5,16강,도재욱,송병구,1,제3세계
ASL Season 5,16강,도재욱,장윤철,1,글래디에이터
ASL Season 5,16강,이제동,임홍규,1,트랜지스터
ASL Season 5,16강,김윤중,김정우,1,트랜지스터
ASL Season 5,16강,김윤중,임홍규,1,제3세계
ASL Season 5,16강,김정우,이제동,1,제3세계
ASL Season 5,16강,김정우,임홍규,1,글래디에이터
ASL Season 5,16강,김성대,정윤종,1,트랜지스터
ASL Season 5,16강,변현제,진영화,1,트랜지스터
ASL Season 5,16강,김성대,변현제,1,제3세계
ASL Season 5,16강,정윤종,진영화,1,제3세계
ASL Season 5,16강,김성대,정윤종,1,글래디에이터
ASL Season 5,8강,김윤중,정윤종,1,트랜지스터
ASL Season 5,8강,김윤중,정윤종,2,제3세계
ASL Season 5,8강,김윤중,정윤종,3,글래디에이터
ASL Season 5,8강,김윤중,정윤종,4,스파클
ASL Season 5,8강,박성균,조일장,1,제3세계
ASL Season 5,8강,박성균,조일장,2,트랜지스터
ASL Season 5,8강,박성균,조일장,3,스파클
ASL Season 5,8강,박성균,조일장,4,글래디에이터
ASL Season 5,8강,박성균,조일장,5,제3세계
ASL Season 5,8강,변현제,임홍규,1,제3세계
ASL Season 5,8강,변현제,임홍규,2,글래디에이터
ASL Season 5,8강,변현제,임홍규,3,스파클
ASL Season 5,8강,이영호,장윤철,1,제3세계
ASL Season 5,8강,이영호,장윤철,2,스파클
ASL Season 5,8강,이영호,장윤철,3,글래디에이터
ASL Season 5,8강,이영호,장윤철,4,트랜지스터
ASL Season 5,8강,이영호,장윤철,5,제3세계
ASL Season 5,4강,정윤종,조일장,1,트랜지스터
ASL Season 5,4강,정윤종,조일장,2,제3세계
ASL Season 5,4강,정윤종,조일장,3,글래디에이터
ASL Season 5,4강,정윤종,조일장,4,스파클
ASL Season 5,4강,변현제,장윤철,1,트랜지스터
ASL Season 5,4강,변현제,장윤철,2,글래디에이터
ASL Season 5,4강,변현제,장윤철,3,스파클
ASL Season 5,4강,변현제,장윤철,4,제3세계
ASL Season 5,3-4위전,변현제,조일장,1,제3세계
ASL Season 5,3-4위전,변현제,조일장,2,스파클
ASL Season 5,3-4위전,변현제,조일장,3,트랜지스터
ASL Season 5,3-4위전,변현제,조일장,4,글래디에이터
ASL Season 5,3-4위전,변현제,조일장,5,제3세계
ASL Season 5,결승전,장윤철,정윤종,1,제3세계
ASL Season 5,결승전,장윤철,정윤종,2,트랜지스터
ASL Season 5,결승전,장윤철,정윤종,3,글래디에이터
ASL Season 5,결승전,장윤철,정윤종,4,스파클
ASL Season 6,와일드카드,김윤중,박성균,1,투혼
ASL Season 6,와일드카드,김윤중,박성균,2,매치포인트
ASL Season 6,와일드카드,김윤중,박성균,3,글래디에이터
ASL Season 6,와일드카드,박성균,이영호,1,매치포인트
ASL Season 6,와일드카드,박성균,이영호,2,글래디에이터
ASL Season 6,와일드카드,박성균,이영호,3,서킷브레이커
ASL Season 6,와일드카드,김윤중,이영호,1,서킷브레이커
ASL Season 6,와일드카드,김윤중,이영호,2,매치포인트
ASL Season 6,24강,염보성,이경민,1,실피드
ASL Season 6,24강,박준오,이제동,1,실피드
ASL Season 6,24강,염보성,이제동,1,아우토반
ASL Season 6,24강,박준오,이경민,1,아우토반
ASL Season 6,24강,박준오,염보성,1,서킷브레이커
ASL Season 6,24강,강태완,김윤중,1,실피드
ASL Season 6,24강,이영한,한두열,1,실피드
ASL Season 6,24강,김윤중,이영한,1,아우토반
ASL Season 6,24강,강태완,한두열,1,아우토반
ASL Season 6,24강,김윤중,한두열,1,서킷브레이커
ASL Season 6,24강,박성균,이예훈,1,실피드
ASL Season 6,24강,도재욱,진영화,1,실피드
ASL Season 6,24강,도재욱,박성균,1,아우토반
ASL Season 6,24강,이예훈,진영화,1,아우토반
ASL Season 6,24강,박성균,진영화,1,서킷브레이커
ASL Season 6,24강,김성대,김정우,1,실피드
ASL Season 6,24강,송병구,윤찬희,1,실피드
ASL Season 6,24강,김성대,윤찬희,1,아우토반
ASL Season 6,24강,김정우,송병구,1,아우토반
ASL Season 6,24강,김정우,윤찬희,1,서킷브레이커
ASL Season 6,24강,김성현,김윤환,1,실피드
ASL Season 6,24강,김민철,유영진,1,실피드
ASL Season 6,24강,김민철,김성현,1,아우토반
ASL Season 6,24강,김윤환,유영진,1,아우토반
ASL Season 6,24강,김민철,유영진,1,서킷브레이커
ASL Season 6,24강,김승현,이재호,1,실피드
ASL Season 6,24강,김승현,조기석,1,아우토반
ASL Season 6,24강,김승현,이재호,1,서킷브레이커
ASL Season 6,16강,정윤종,조기석,1,네오 트랜지스터
ASL Season 6,16강,박성균,염보성,1,네오 트랜지스터
ASL Season 6,16강,염보성,조기석,1,실피드
ASL Season 6,16강,박성균,정윤종,1,실피드
ASL Season 6,16강,염보성,정윤종,1,서킷브레이커
ASL Season 6,16강,김윤중,장윤철,1,네오 트랜지스터
ASL Season 6,16강,김민철,김정우,1,네오 트랜지스터
ASL Season 6,16강,김정우,장윤철,1,실피드
ASL Season 6,16강,김민철,김윤중,1,실피드
ASL Season 6,16강,김윤중,장윤철,1,서킷브레이커
ASL Season 6,16강,변현제,이영한,1,네오 트랜지스터
ASL Season 6,16강,김성현,도재욱,1,네오 트랜지스터
ASL Season 6,16강,김성현,변현제,1,실피드
ASL Season 6,16강,도재욱,이영한,1,실피드
ASL Season 6,16강,김성현,도재욱,1,서킷브레이커
ASL Season 6,16강,이영호,이제동,1,네오 트랜지스터
ASL Season 6,16강,김성대,이재호,1,네오 트랜지스터
ASL Season 6,16강,김성대,이제동,1,실피드
ASL Season 6,16강,이영호,이재호,1,실피드
ASL Season 6,16강,이영호,이제동,1,서킷브레이커
ASL Season 6,8강,김성현,조기석,1,아우토반
ASL Season 6,8강,김성현,조기석,2,네오 트랜지스터
ASL Season 6,8강,김성현,조기석,3,서킷브레이커
ASL Season 6,8강,김정우,정윤종,1,서킷브레이커
ASL Season 6,8강,김정우,정윤종,2,실피드
ASL Season 6,8강,김정우,정윤종,3,아우토반
ASL Season 6,8강,김정우,정윤종,4,네오 트랜지스터
ASL Season 6,8강,김성대,김윤중,1,실피드
ASL Season 6,8강,김성대,김윤중,2,네오 트랜지스터
ASL Season 6,8강,김성대,김윤중,3,아우토반
ASL Season 6,8강,김성대,김윤중,4,서킷브레이커
ASL Season 6,8강,김성대,김윤중,5,실피드
ASL Season 6,8강,변현제,이영호,1,실피드
ASL Season 6,8강,변현제,이영호,2,서킷브레이커
ASL Season 6,8강,변현제,이영호,3,네오 트랜지스터
ASL Season 6,4강,김성현,김정우,1,실피드
ASL Season 6,4강,김성현,김정우,2,서킷브레이커
ASL Season 6,4강,김성현,김정우,3,네오 트랜지스터
ASL Season 6,4강,김성현,김정우,4,아우토반
ASL Season 6,4강,김성현,김정우,5,실피드
ASL Season 6,4강,김윤중,이영호,1,서킷브레이커
ASL Season 6,4강,김윤중,이영호,2,아우토반
ASL Season 6,4강,김윤중,이영호,3,실피드
ASL Season 6,3-4위전,김성현,김윤중,1,아우토반
ASL Season 6,3-4위전,김성현,김윤중,2,실피드
ASL Season 6,3-4위전,김성현,김윤중,3,서킷브레이커
ASL Season 6,결승전,김정우,이영호,1,아우토반
ASL Season 6,결승전,김정우,이영호,2,네오 트랜지스터
ASL Season 6,결승전,김정우,이영호,3,서킷브레이커
ASL Season 6,결승전,김정우,이영호,4,실피드
ASL Season 6,결승전,김정우,이영호,5,아우토반
ASL Season 7,와일드카드,정윤종,조기석,1,글래디에이터
ASL Season 7,와일드카드,정윤종,조기석,2,폴라리스 랩소디
ASL Season 7,와일드카드,정윤종,조기석,3,투혼
ASL Season 7,와일드카드,정윤종,조기석,4,네오 트랜지스터
ASL Season 7,와일드카드,정윤종,조기석,5,글래디에이터
ASL Season 7,와일드카드,김성대,변현제,1,폴라리스 랩소디
ASL Season 7,와일드카드,김성대,변현제,2,투혼
ASL Season 7,와일드카드,김성대,변현제,3,네오 트랜지스터
ASL Season 7,와일드카드,김성대,변현제,4,글래디에이터
ASL Season 7,와일드카드,김성대,변현제,5,폴라리스 랩소디
ASL Season 7,24강,이윤열,임홍규,1,블록체인
ASL Season 7,24강,유영진,이경민,1,블록체인
ASL Season 7,24강,이경민,임홍규,1,화이트아웃
ASL Season 7,24강,유영진,이윤열,1,화이트아웃
ASL Season 7,24강,이경민,이윤열,1,매치포인트
ASL Season 7,24강,장윤철,현지섭,1,블록체인
ASL Season 7,24강,김성대,임진묵,1,블록체인
ASL Season 7,24강,김성대,장윤철,1,화이트아웃
ASL Season 7,24강,임진묵,현지섭,1,화이트아웃
ASL Season 7,24강,김성대,임진묵,1,매치포인트
ASL Season 7,24강,도재욱,서문지훈,1,블록체인
ASL Season 7,24강,윤찬희,이예훈,1,블록체인
ASL Season 7,24강,도재욱,이예훈,1,화이트아웃
ASL Season 7,24강,서문지훈,윤찬희,1,화이트아웃
ASL Season 7,24강,윤찬희,이예훈,1,매치포인트
ASL Season 7,24강,김현우,박성균,1,블록체인
ASL Season 7,24강,김경모,이재호,1,블록체인
ASL Season 7,24강,김경모,박성균,1,화이트아웃
ASL Season 7,24강,김현우,이재호,1,화이트아웃
ASL Season 7,24강,김경모,김현우,1,매치포인트
ASL Season 7,24강,정영재,정윤종,1,블록체인
ASL Season 7,24강,김윤환,한두열,1,블록체인
ASL Season 7,24강,김윤환,정윤종,1,화이트아웃
ASL Season 7,24강,정영재,한두열,1,화이트아웃
ASL Season 7,24강,김윤환,한두열,1,매치포인트
ASL Season 7,24강,김민철,박지훈,1,블록체인
ASL Season 7,24강,강태완,김승현,1,블록체인
ASL Season 7,24강,김민철,김승현,1,화이트아웃
ASL Season 7,24강,강태완,박지훈,1,화이트아웃
ASL Season 7,24강,김승현,박지훈,1,매치포인트
ASL Season 7,16강,김승현,김정우,1,화이트아웃
ASL Season 7,16강,이경민,임진묵,1,화이트아웃
ASL Season 7,16강,김정우,이경민,1,네오 실피드
ASL Season 7,16강,김승현,임진묵,1,네오 실피드
ASL Season 7,16강,김승현,이경민,1,블록체인
ASL Season 7,16강,김성현,김윤환,1,화이트아웃
ASL Season 7,16강,김민철,장윤철,1,화이트아웃
ASL Season 7,16강,김윤환,장윤철,1,네오 실피드
ASL Season 7,16강,김민철,김성현,1,네오 실피드
ASL Season 7,16강,김성현,장윤철,1,블록체인
ASL Season 7,16강,박성균,조기석,1,화이트아웃
ASL Season 7,16강,김현우,도재욱,1,화이트아웃
ASL Season 7,16강,도재욱,조기석,1,네오 실피드
ASL Season 7,16강,김현우,박성균,1,네오 실피드
ASL Season 7,16강,도재욱,박성균,1,블록체인
ASL Season 7,16강,변현제,임홍규,1,화이트아웃
ASL Season 7,16강,이예훈,정윤종,1,화이트아웃
ASL Season 7,16강,임홍규,정윤종,1,네오 실피드
ASL Season 7,16강,변현제,이예훈,1,네오 실피드
ASL Season 7,16강,변현제,임홍규,1,블록체인
ASL Season 7,8강,김윤환,변현제,1,네오 실피드
ASL Season 7,8강,김윤환,변현제,2,화이트아웃
ASL Season 7,8강,김윤환,변현제,3,매치포인트
ASL Season 7,8강,김윤환,변현제,4,블록체인
ASL Season 7,8강,김정우,박성균,1,매치포인트
ASL Season 7,8강,김정우,박성균,2,화이트아웃
ASL Season 7,8강,김정우,박성균,3,블록체인
ASL Season 7,8강,김정우,박성균,4,네오 실피드
ASL Season 7,8강,김성현,조기석,1,화이트아웃
ASL Season 7,8강,김성현,조기석,2,블록체인
ASL Season 7,8강,김성현,조기석,3,네오 실피드
ASL Season 7,8강,김성현,조기석,4,매치포인트
ASL Season 7,8강,김성현,조기석,5,화이트아웃
ASL Season 7,8강,이경민,정윤종,1,화이트아웃
ASL Season 7,8강,이경민,정윤종,2,매치포인트
ASL Season 7,8강,이경민,정윤종,3,블록체인
ASL Season 7,4강,김정우,변현제,1,네오 실피드
ASL Season 7,4강,김정우,변현제,2,매치포인트
ASL Season 7,4강,김정우,변현제,3,화이트아웃
ASL Season 7,4강,김정우,변현제,4,블록체인
ASL Season 7,4강,김정우,변현제,5,네오 실피드
ASL Season 7,4강,김성현,정윤종,1,블록체인
ASL Season 7,4강,김성현,정윤종,2,화이트아웃
ASL Season 7,4강,김성현,정윤종,3,네오 실피드
ASL Season 7,4강,김성현,정윤종,4,매치포인트
ASL Season 7,4강,김성현,정윤종,5,블록체인
ASL Season 7,3-4위전,김정우,정윤종,1,매치포인트
ASL Season 7,3-4위전,김정우,정윤종,2,네오 실피드
ASL Season 7,3-4위전,김정우,정윤종,3,화이트아웃
ASL Season 7,결승전,김성현,변현제,1,네오 실피드
ASL Season 7,결승전,김성현,변현제,2,매치포인트
ASL Season 7,결승전,김성현,변현제,3,화이트아웃
ASL Season 7,결승전,김성현,변현제,4,블록체인
ASL Season 8,와일드카드,김윤환,조기석,1,네오 그라운드제로
ASL Season 8,와일드카드,김윤환,조기석,2,블록체인 SE
ASL Season 8,와일드카드,김윤환,조기석,3,네오 실피드
ASL Season 8,와일드카드,이경민,조기석,1,네오 실피드
ASL Season 8,와일드카드,이경민,조기석,2,오버워치(2)
ASL Season 8,와일드카드,김윤환,이경민,1,오버워치(2)
ASL Season 8,와일드카드,김윤환,이경민,2,네오 그라운드제로
ASL Season 8,24강,박상현,이영호,1,멀티버스
ASL Season 8,24강,김승현,이예훈,1,멀티버스
ASL Season 8,24강,이영호,이예훈,1,네오 실피드
ASL Season 8,24강,김승현,박상현,1,네오 실피드
ASL Season 8,24강,박상현,이영호,1,네오 그라운드제로
ASL Season 8,24강,김범수,임홍규,1,멀티버스
ASL Season 8,24강,유영진,윤찬희,1,멀티버스
ASL Season 8,24강,유영진,임홍규,1,네오 실피드
ASL Season 8,24강,김범수,윤찬희,1,네오 실피드
ASL Season 8,24강,김범수,임홍규,1,네오 그라운드제로
ASL Season 8,24강,서문지훈,장윤철,1,멀티버스
ASL Season 8,24강,김재훈,이제동,1,멀티버스
ASL Season 8,24강,서문지훈,이제동,1,네오 실피드
ASL Season 8,24강,김재훈,장윤철,1,네오 실피드
ASL Season 8,24강,이제동,장윤철,1,네오 그라운드제로
ASL Season 8,24강,김민철,김태영,1,멀티버스
ASL Season 8,24강,김성대,임진묵,1,멀티버스
ASL Season 8,24강,김민철,김성대,1,네오 실피드
ASL Season 8,24강,김태영,임진묵,1,네오 실피드
ASL Season 8,24강,김민철,김태영,1,네오 그라운드제로
ASL Season 8,24강,박재혁,조기석,1,멀티버스
ASL Season 8,24강,김윤환,송병구,1,멀티버스
ASL Season 8,24강,송병구,조기석,1,네오 실피드
ASL Season 8,24강,김윤환,박재혁,1,네오 실피드
ASL Season 8,24강,박재혁,조기석,1,네오 그라운드제로
ASL Season 8,24강,도재욱,정영재,1,멀티버스
ASL Season 8,24강,이재호,한두열,1,멀티버스
ASL Season 8,24강,도재욱,이재호,1,네오 실피드
ASL Season 8,24강,정영재,한두열,1,네오 실피드
ASL Season 8,24강,이재호,정영재,1,네오 그라운드제로
ASL Season 8,16강,김성현,유영진,1,트라이포드
ASL Season 8,16강,서문지훈,조기석,1,트라이포드
ASL Season 8,16강,김성현,조기석,1,네오 실피드
ASL Season 8,16강,김성현,조기석,2,오버워치(2)
ASL Season 8,16강,서문지훈,유영진,1,블록체인 SE
ASL Season 8,16강,서문지훈,유영진,2,멀티버스
ASL Season 8,16강,유영진,조기석,1,네오 실피드
ASL Season 8,16강,유영진,조기석,2,오버워치(2)
ASL Season 8,16강,유영진,조기석,3,멀티버스
ASL Season 8,16강,변현제,임홍규,1,트라이포드
ASL Season 8,16강,김성대,이재호,1,트라이포드
ASL Season 8,16강,김성대,임홍규,1,블록체인 SE
ASL Season 8,16강,김성대,임홍규,2,네오 실피드
ASL Season 8,16강,김성대,임홍규,3,멀티버스
ASL Season 8,16강,변현제,이재호,1,오버워치(2)
ASL Season 8,16강,변현제,이재호,2,네오 그라운드제로
ASL Season 8,16강,이재호,임홍규,1,신 피의능선
ASL Season 8,16강,이재호,임홍규,2,오버워치(2)
ASL Season 8,16강,장윤철,정윤종,1,트라이포드
ASL Season 8,16강,도재욱,송병구,1,트라이포드
ASL Season 8,16강,도재욱,정윤종,1,블록체인 SE
ASL Season 8,16강,도재욱,정윤종,2,네오 실피드
ASL Season 8,16강,송병구,장윤철,1,네오 실피드
ASL Season 8,16강,송병구,장윤철,2,오버워치(2)
ASL Season 8,16강,송병구,장윤철,3,멀티버스
ASL Season 8,16강,도재욱,장윤철,1,오버워치(2)
ASL Season 8,16강,도재욱,장윤철,2,블록체인 SE
ASL Season 8,16강,이경민,이예훈,1,트라이포드
ASL Season 8,16강,김민철,이영호,1,트라이포드
ASL Season 8,16강,이영호,이예훈,1,네오 실피드
ASL Season 8,16강,이영호,이예훈,2,신 피의능선
ASL Season 8,16강,김민철,이경민,1,오버워치(2)
ASL Season 8,16강,김민철,이경민,2,네오 그라운드제로
ASL Season 8,16강,김민철,이예훈,1,네오 실피드
ASL Season 8,16강,김민철,이예훈,2,네오 그라운드제로
ASL Season 8,8강,김성현,장윤철,1,네오 실피드
ASL Season 8,8강,김성현,장윤철,2,신 피의능선
ASL Season 8,8강,김성현,장윤철,3,블록체인 SE
ASL Season 8,8강,김성대,조기석,1,트라이포드
ASL Season 8,8강,김성대,조기석,2,네오 그라운드제로
ASL Season 8,8강,김성대,조기석,3,네오 실피드
ASL Season 8,8강,김성대,조기석,4,신 피의능선
ASL Season 8,8강,김성대,조기석,5,블록체인 SE
ASL Season 8,8강,이영호,이재호,1,오버워치(2)
ASL Season 8,8강,이영호,이재호,2,트라이포드
ASL Season 8,8강,이영호,이재호,3,블록체인 SE
ASL Season 8,8강,이영호,이재호,4,네오 그라운드제로
ASL Season 8,8강,이예훈,정윤종,1,오버워치(2)
ASL Season 8,8강,이예훈,정윤종,2,네오 그라운드제로
ASL Season 8,8강,이예훈,정윤종,3,네오 실피드
ASL Season 8,4강,김성대,장윤철,1,신 피의능선
ASL Season 8,4강,김성대,장윤철,2,네오 실피드
ASL Season 8,4강,김성대,장윤철,3,오버워치(2)
ASL Season 8,4강,김성대,장윤철,4,트라이포드
ASL Season 8,4강,이영호,정윤종,1,네오 실피드
ASL Season 8,4강,이영호,정윤종,2,블록체인 SE
ASL Season 8,4강,이영호,정윤종,3,오버워치(2)
ASL Season 8,3-4위전,김성대,정윤종,1,네오 실피드
ASL Season 8,3-4위전,김성대,정윤종,2,오버워치(2)
ASL Season 8,3-4위전,김성대,정윤종,3,네오 그라운드제로
ASL Season 8,3-4위전,김성대,정윤종,4,트라이포드
ASL Season 8,결승전,이영호,장윤철,1,멀티버스
ASL Season 8,결승전,이영호,장윤철,2,네오 실피드
ASL Season 8,결승전,이영호,장윤철,3,트라이포드
ASL Season 8,결승전,이영호,장윤철,4,신 피의능선
ASL Season 9,와일드카드,이예훈,이재호,1,화이트아웃
ASL Season 9,와일드카드,이예훈,이재호,2,투혼
ASL Season 9,와일드카드,이재호,조기석,1,매치포인트
ASL Season 9,와일드카드,이재호,조기석,2,네오 실피드
ASL Season 9,와일드카드,이예훈,조기석,1,네오 실피드
ASL Season 9,와일드카드,이예훈,조기석,2,투혼
ASL Season 9,와일드카드,이예훈,조기석,3,매치포인트
ASL Season 9,24강,김택용,유진우,1,이너코븐
ASL Season 9,24강,김태영,이경민,1,이너코븐
ASL Season 9,24강,김택용,이경민,1,에스컬레이드
ASL Season 9,24강,김태영,유진우,1,에스컬레이드
ASL Season 9,24강,김태영,김택용,1,네오 실피드
ASL Season 9,24강,윤수철,임홍규,1,이너코븐
ASL Season 9,24강,송병구,정영재,1,이너코븐
ASL Season 9,24강,송병구,임홍규,1,에스컬레이드
ASL Season 9,24강,윤수철,정영재,1,에스컬레이드
ASL Season 9,24강,윤수철,임홍규,1,네오 실피드
ASL Season 9,24강,김민철,원지훈,1,이너코븐
ASL Season 9,24강,윤찬희,이성은,1,이너코븐
ASL Season 9,24강,김민철,윤찬희,1,에스컬레이드
ASL Season 9,24강,원지훈,이성은,1,에스컬레이드
ASL Season 9,24강,원지훈,윤찬희,1,네오 실피드
ASL Season 9,24강,박성균,손경훈,1,이너코븐
ASL Season 9,24강,박지수,이재호,1,이너코븐
ASL Season 9,24강,손경훈,이재호,1,에스컬레이드
ASL Season 9,24강,박성균,박지수,1,에스컬레이드
ASL Season 9,24강,박지수,이재호,1,네오 실피드
ASL Season 9,24강,김지성,도재욱,1,이너코븐
ASL Season 9,24강,박상현,박준오,1,이너코븐
ASL Season 9,24강,도재욱,박상현,1,에스컬레이드
ASL Season 9,24강,김지성,박준오,1,에스컬레이드
ASL Season 9,24강,김지성,도재욱,1,네오 실피드
ASL Season 9,24강,변현제,황병영,1,이너코븐
ASL Season 9,24강,김명운,유영진,1,이너코븐
ASL Season 9,24강,유영진,황병영,1,에스컬레이드
ASL Season 9,24강,김명운,변현제,1,에스컬레이드
ASL Season 9,24강,김명운,유영진,1,네오 실피드
ASL Season 9,16강,윤찬희,이영호,1,호라이즌 달 기지
ASL Season 9,16강,이재호,황병영,1,호라이즌 달 기지
ASL Season 9,16강,이영호,이재호,1,에스컬레이드
ASL Season 9,16강,이영호,이재호,2,매치포인트
ASL Season 9,16강,윤찬희,황병영,1,에스컬레이드
ASL Season 9,16강,윤찬희,황병영,2,매치포인트
ASL Season 9,16강,윤찬희,이재호,1,폴리포이드
ASL Season 9,16강,윤찬희,이재호,2,이너코븐
ASL Season 9,16강,송병구,장윤철,1,호라이즌 달 기지
ASL Season 9,16강,이경민,임홍규,1,호라이즌 달 기지
ASL Season 9,16강,송병구,임홍규,1,에스컬레이드
ASL Season 9,16강,송병구,임홍규,2,이너코븐
ASL Season 9,16강,송병구,임홍규,3,매치포인트
ASL Season 9,16강,이경민,장윤철,1,히치하이커
ASL Season 9,16강,이경민,장윤철,2,에스컬레이드
ASL Season 9,16강,임홍규,장윤철,1,폴리포이드
ASL Season 9,16강,임홍규,장윤철,2,매치포인트
ASL Season 9,16강,임홍규,장윤철,3,에스컬레이드
ASL Season 9,16강,김성대,손경훈,1,호라이즌 달 기지
ASL Season 9,16강,김민철,박상현,1,호라이즌 달 기지
ASL Season 9,16강,김성대,박상현,1,매치포인트
ASL Season 9,16강,김성대,박상현,2,네오 실피드
ASL Season 9,16강,김성대,박상현,3,폴리포이드
ASL Season 9,16강,김민철,손경훈,1,히치하이커
ASL Season 9,16강,김민철,손경훈,2,네오 실피드
ASL Season 9,16강,김민철,손경훈,3,폴리포이드
ASL Season 9,16강,김성대,손경훈,1,네오 실피드
ASL Season 9,16강,김성대,손경훈,2,매치포인트
ASL Season 9,16강,도재욱,조기석,1,호라이즌 달 기지
ASL Season 9,16강,김명운,김택용,1,호라이즌 달 기지
ASL Season 9,16강,김명운,도재욱,1,폴리포이드
ASL Season 9,16강,김명운,도재욱,2,네오 실피드
ASL Season 9,16강,김택용,조기석,1,네오 실피드
ASL Season 9,16강,김택용,조기석,2,매치포인트
ASL Season 9,16강,김택용,조기석,3,폴리포이드
ASL Season 9,16강,김택용,도재욱,1,폴리포이드
ASL Season 9,16강,김택용,도재욱,2,히치하이커
ASL Season 9,16강,김택용,도재욱,3,네오 실피드
ASL Season 9,8강,김성대,이영호,1,호라이즌 달 기지
ASL Season 9,8강,김성대,이영호,2,에스컬레이드
ASL Season 9,8강,김성대,이영호,3,네오 실피드
ASL Season 9,8강,김성대,이영호,4,매치포인트
ASL Season 9,8강,김성대,이영호,5,히치하이커
ASL Season 9,8강,김명운,임홍규,1,에스컬레이드
ASL Season 9,8강,김명운,임홍규,2,호라이즌 달 기지
ASL Season 9,8강,김명운,임홍규,3,네오 실피드
ASL Season 9,8강,김명운,임홍규,4,폴리포이드
ASL Season 9,8강,김명운,임홍규,5,이너코븐
ASL Season 9,8강,송병구,이재호,1,호라이즌 달 기지
ASL Season 9,8강,송병구,이재호,2,매치포인트
ASL Season 9,8강,송병구,이재호,3,네오 실피드
ASL Season 9,8강,송병구,이재호,4,이너코븐
ASL Season 9,8강,송병구,이재호,5,폴리포이드
ASL Season 9,8강,김택용,박상현,1,폴리포이드
ASL Season 9,8강,김택용,박상현,2,매치포인트
ASL Season 9,8강,김택용,박상현,3,에스컬레이드
ASL Season 9,8강,김택용,박상현,4,히치하이커
ASL Season 9,8강,김택용,박상현,5,네오 실피드
ASL Season 9,4강,김명운,이영호,1,매치포인트
ASL Season 9,4강,김명운,이영호,2,호라이즌 달 기지
ASL Season 9,4강,김명운,이영호,3,폴리포이드
ASL Season 9,4강,김명운,이영호,4,네오 실피드
ASL Season 9,4강,김명운,이영호,5,히치하이커
ASL Season 9,4강,박상현,이재호,1,매치포인트
ASL Season 9,4강,박상현,이재호,2,네오 실피드
ASL Season 9,4강,박상현,이재호,3,에스컬레이드
ASL Season 9,4강,박상현,이재호,4,폴리포이드
ASL Season 9,3-4위전,박상현,이영호,1,네오 실피드
ASL Season 9,3-4위전,박상현,이영호,2,히치하이커
ASL Season 9,3-4위전,박상현,이영호,3,호라이즌 달 기지
ASL Season 9,결승전,김명운,이재호,1,호라이즌 달 기지
ASL Season 9,결승전,김명운,이재호,2,네오 실피드
ASL Season 9,결승전,김명운,이재호,3,히치하이커
ASL Season 9,결승전,김명운,이재호,4,매치포인트
ASL Season 9,결승전,김명운,이재호,5,이너코븐
ASL Season 10,24강,김택용,신상문,1,링잉 블룸
ASL Season 10,24강,이영한,정영재,1,링잉 블룸
ASL Season 10,24강,신상문,정영재,1,이클립스
ASL Season 10,24강,김택용,이영한,1,이클립스
ASL Season 10,24강,김택용,정영재,1,폴리포이드
ASL Season 10,24강,윤진규,장윤철,1,링잉 블룸
ASL Season 10,24강,김민철,최호선,1,링잉 블룸
ASL Season 10,24강,김민철,장윤철,1,이클립스
ASL Season 10,24강,윤진규,최호선,1,이클립스
ASL Season 10,24강,윤진규,장윤철,1,폴리포이드
ASL Season 10,24강,김윤중,황병영,1,링잉 블룸
ASL Season 10,24강,도재욱,이예훈,1,링잉 블룸
ASL Season 10,24강,김윤중,도재욱,1,이클립스
ASL Season 10,24강,이예훈,황병영,1,이클립스
ASL Season 10,24강,도재욱,이예훈,1,폴리포이드
ASL Season 10,24강,김지성,변현제,1,링잉 블룸
ASL Season 10,24강,박준오,조일장,1,링잉 블룸
ASL Season 10,24강,변현제,조일장,1,이클립스
ASL Season 10,24강,김지성,박준오,1,이클립스
ASL Season 10,24강,김지성,변현제,1,폴리포이드
ASL Season 10,24강,김범수,임홍규,1,링잉 블룸
ASL Season 10,24강,송병구,유영진,1,링잉 블룸
ASL Season 10,24강,유영진,임홍규,1,이클립스
ASL Season 10,24강,김범수,송병구,1,이클립스
ASL Season 10,24강,송병구,임홍규,1,폴리포이드
ASL Season 10,24강,유진우,조기석,1,링잉 블룸
ASL Season 10,24강,김성대,윤용태,1,링잉 블룸
ASL Season 10,24강,김성대,유진우,1,이클립스
ASL Season 10,24강,윤용태,조기석,1,이클립스
ASL Season 10,24강,유진우,윤용태,1,폴리포이드
ASL Season 10,16강,김명운,신상문,1,샤쿠러스 템플
ASL Season 10,16강,유영진,정영재,1,샤쿠러스 템플
ASL Season 10,16강,김명운,정영재,1,옵티마이저
ASL Season 10,16강,김명운,정영재,2,이클립스
ASL Season 10,16강,김명운,정영재,3,벤젠
ASL Season 10,16강,신상문,유영진,1,이클립스
ASL Season 10,16강,신상문,유영진,2,폴리포이드
ASL Season 10,16강,유영진,정영재,1,폴리포이드
ASL Season 10,16강,유영진,정영재,2,링잉 블룸
ASL Season 10,16강,유영진,정영재,3,옵티마이저
ASL Season 10,16강,도재욱,이재호,1,샤쿠러스 템플
ASL Season 10,16강,김성대,임홍규,1,샤쿠러스 템플
ASL Season 10,16강,이재호,임홍규,1,링잉 블룸
ASL Season 10,16강,이재호,임홍규,2,옵티마이저
ASL Season 10,16강,김성대,도재욱,1,플라즈마
ASL Season 10,16강,김성대,도재욱,2,벤젠
ASL Season 10,16강,도재욱,이재호,1,벤젠
ASL Season 10,16강,도재욱,이재호,2,이클립스
ASL Season 10,16강,도재욱,이재호,3,링잉 블룸
ASL Season 10,16강,윤용태,이영호,1,샤쿠러스 템플
ASL Season 10,16강,장윤철,조일장,1,샤쿠러스 템플
ASL Season 10,16강,이영호,장윤철,1,이클립스
ASL Season 10,16강,이영호,장윤철,2,옵티마이저
ASL Season 10,16강,윤용태,조일장,1,옵티마이저
ASL Season 10,16강,윤용태,조일장,2,폴리포이드
ASL Season 10,16강,윤용태,조일장,3,링잉 블룸
ASL Season 10,16강,윤용태,장윤철,1,링잉 블룸
ASL Season 10,16강,윤용태,장윤철,2,이클립스
ASL Season 10,16강,윤용태,장윤철,3,옵티마이저
ASL Season 10,16강,박상현,변현제,1,샤쿠러스 템플
ASL Season 10,16강,김민철,김윤중,1,샤쿠러스 템플
ASL Season 10,16강,김윤중,박상현,1,링잉 블룸
ASL Season 10,16강,김윤중,박상현,2,이클립스
ASL Season 10,16강,김민철,변현제,1,옵티마이저
ASL Season 10,16강,김민철,변현제,2,링잉 블룸
ASL Season 10,16강,김민철,변현제,3,벤젠
ASL Season 10,16강,김민철,김윤중,1,이클립스
ASL Season 10,16강,김민철,김윤중,2,링잉 블룸
ASL Season 10,8강,유영진,이영호,1,플라즈마
ASL Season 10,8강,유영진,이영호,2,이클립스
ASL Season 10,8강,유영진,이영호,3,링잉 블룸
ASL Season 10,8강,박상현,장윤철,1,벤젠
ASL Season 10,8강,박상현,장윤철,2,플라즈마
ASL Season 10,8강,박상현,장윤철,3,샤쿠러스 템플
ASL Season 10,8강,김민철,임홍규,1,폴리포이드
ASL Season 10,8강,김민철,임홍규,2,이클립스
ASL Season 10,8강,김민철,임홍규,3,샤쿠러스 템플
ASL Season 10,8강,김민철,임홍규,4,벤젠
ASL Season 10,8강,김명운,도재욱,1,폴리포이드
ASL Season 10,8강,김명운,도재욱,2,플라즈마
ASL Season 10,8강,김명운,도재욱,3,벤젠
ASL Season 10,4강,박상현,이영호,1,플라즈마
ASL Season 10,4강,박상현,이영호,2,벤젠
ASL Season 10,4강,박상현,이영호,3,옵티마이저
ASL Season 10,4강,박상현,이영호,4,이클립스
ASL Season 10,4강,박상현,이영호,5,링잉 블룸
ASL Season 10,4강,박상현,이영호,6,폴리포이드
ASL Season 10,4강,김명운,임홍규,1,벤젠
ASL Season 10,4강,김명운,임홍규,2,폴리포이드
ASL Season 10,4강,김명운,임홍규,3,옵티마이저
ASL Season 10,4강,김명운,임홍규,4,샤쿠러스 템플
ASL Season 10,4강,김명운,임홍규,5,이클립스
ASL Season 10,3-4위전,이영호,임홍규,1,이클립스
ASL Season 10,3-4위전,이영호,임홍규,2,플라즈마
ASL Season 10,3-4위전,이영호,임홍규,3,폴리포이드
ASL Season 10,결승전,김명운,박상현,1,플라즈마
ASL Season 10,결승전,김명운,박상현,2,벤젠
ASL Season 10,결승전,김명운,박상현,3,폴리포이드
ASL Season 10,결승전,김명운,박상현,4,샤쿠러스 템플
ASL Season 10,결승전,김명운,박상현,5,이클립스
ASL Season 10,결승전,김명운,박상현,6,링잉 블룸
ASL Season 10,결승전,김명운,박상현,7,옵티마이저
ASL Season 11,와일드카드,김민철,장윤철,1,폴리포이드
ASL Season 11,와일드카드,김민철,장윤철,2,이클립스
ASL Season 11,와일드카드,도재욱,유영진,1,폴리포이드
ASL Season 11,와일드카드,도재욱,유영진,2,벤젠
ASL Season 11,와일드카드,도재욱,유영진,3,이클립스
ASL Season 11,와일드카드,김민철,유영진,1,폴리포이드
ASL Season 11,와일드카드,김민철,유영진,2,이클립스
ASL Season 11,와일드카드,김민철,유영진,3,샤쿠러스 템플
ASL Season 11,24강,김정우,원지훈,1,이클립스
ASL Season 11,24강,조일장,황병영,1,이클립스
ASL Season 11,24강,김정우,조일장,1,어센션
ASL Season 11,24강,원지훈,황병영,1,얼티메이트 스트림
ASL Season 11,24강,김정우,원지훈,1,폴리포이드
ASL Season 11,24강,윤수철,이재호,1,이클립스
ASL Season 11,24강,김지성,이영한,1,이클립스
ASL Season 11,24강,김지성,이재호,1,히든트랙
ASL Season 11,24강,윤수철,이영한,1,어센션
ASL Season 11,24강,이영한,이재호,1,폴리포이드
ASL Season 11,24강,도재욱,이영웅,1,이클립스
ASL Season 11,24강,김성대,정영재,1,이클립스
ASL Season 11,24강,도재욱,정영재,1,얼티메이트 스트림
ASL Season 11,24강,김성대,이영웅,1,어센션
ASL Season 11,24강,김성대,도재욱,1,폴리포이드
ASL Season 11,24강,유승곤,장윤철,1,이클립스
ASL Season 11,24강,김윤중,최호선,1,이클립스
ASL Season 11,24강,김윤중,장윤철,1,히든트랙
ASL Season 11,24강,유승곤,최호선,1,어센션
ASL Season 11,24강,김윤중,최호선,1,폴리포이드
ASL Season 11,24강,김경모,조기석,1,이클립스
ASL Season 11,24강,김택용,임진묵,1,이클립스
ASL Season 11,24강,김택용,조기석,1,히든트랙
ASL Season 11,24강,김경모,임진묵,1,히든트랙
ASL Season 11,24강,김택용,임진묵,1,폴리포이드
ASL Season 11,24강,배호연,변현제,1,이클립스
ASL Season 11,24강,윤찬희,한두열,1,이클립스
ASL Season 11,24강,변현제,윤찬희,1,얼티메이트 스트림
ASL Season 11,24강,배호연,한두열,1,어센션
ASL Season 11,24강,변현제,한두열,1,투혼
ASL Season 11,16강,김명운,윤찬희,1,폴리포이드
ASL Season 11,16강,김윤중,변현제,1,폴리포이드
ASL Season 11,16강,김명운,변현제,1,폴라리스 랩소디
ASL Season 11,16강,김명운,변현제,2,어센션
ASL Season 11,16강,김명운,변현제,3,얼티메이트 스트림
ASL Season 11,16강,김윤중,윤찬희,1,어센션
ASL Season 11,16강,김윤중,윤찬희,2,투혼
ASL Season 11,16강,김윤중,윤찬희,3,얼티메이트 스트림
ASL Season 11,16강,김명운,김윤중,1,얼티메이트 스트림
ASL Season 11,16강,김명운,김윤중,2,이클립스
ASL Season 11,16강,김명운,김윤중,3,투혼
ASL Season 11,16강,박상현,정영재,1,폴리포이드
ASL Season 11,16강,도재욱,조기석,1,폴리포이드
ASL Season 11,16강,정영재,조기석,1,이클립스
ASL Season 11,16강,정영재,조기석,2,투혼
ASL Season 11,16강,정영재,조기석,3,폴라리스 랩소디
ASL Season 11,16강,도재욱,박상현,1,어센션
ASL Season 11,16강,도재욱,박상현,2,폴라리스 랩소디
ASL Season 11,16강,도재욱,조기석,1,어센션
ASL Season 11,16강,도재욱,조기석,2,히든트랙
ASL Season 11,16강,도재욱,조기석,3,이클립스
ASL Season 11,16강,김택용,임홍규,1,폴리포이드
ASL Season 11,16강,김정우,장윤철,1,폴리포이드
ASL Season 11,16강,임홍규,장윤철,1,어센션
ASL Season 11,16강,임홍규,장윤철,2,얼티메이트 스트림
ASL Season 11,16강,임홍규,장윤철,3,폴라리스 랩소디
ASL Season 11,16강,김정우,김택용,1,이클립스
ASL Season 11,16강,김정우,김택용,2,폴라리스 랩소디
ASL Season 11,16강,김택용,장윤철,1,히든트랙
ASL Season 11,16강,김택용,장윤철,2,폴라리스 랩소디
ASL Season 11,16강,김지성,유영진,1,폴리포이드
ASL Season 11,16강,이재호,조일장,1,폴리포이드
ASL Season 11,16강,유영진,조일장,1,히든트랙
ASL Season 11,16강,유영진,조일장,2,투혼
ASL Season 11,16강,김지성,이재호,1,히든트랙
ASL Season 11,16강,김지성,이재호,2,폴라리스 랩소디
ASL Season 11,16강,유영진,이재호,1,이클립스
ASL Season 11,16강,유영진,이재호,2,투혼
ASL Season 11,16강,유영진,이재호,3,히든트랙
ASL Season 11,8강,도재욱,변현제,1,어센션
ASL Season 11,8강,도재욱,변현제,2,얼티메이트 스트림
ASL Season 11,8강,도재욱,변현제,3,폴리포이드
ASL Season 11,8강,김명운,정영재,1,이클립스
ASL Season 11,8강,김명운,정영재,2,폴리포이드
ASL Season 11,8강,김명운,정영재,3,투혼
ASL Season 11,8강,장윤철,조일장,1,히든트랙
ASL Season 11,8강,장윤철,조일장,2,어센션
ASL Season 11,8강,장윤철,조일장,3,얼티메이트 스트림
ASL Season 11,8강,장윤철,조일장,4,이클립스
ASL Season 11,8강,유영진,임홍규,1,얼티메이트 스트림
ASL Season 11,8강,유영진,임홍규,2,이클립스
ASL Season 11,8강,유영진,임홍규,3,어센션
ASL Season 11,8강,유영진,임홍규,4,투혼
ASL Season 11,8강,유영진,임홍규,5,폴라리스 랩소디
ASL Season 11,4강,김명운,변현제,1,히든트랙
ASL Season 11,4강,김명운,변현제,2,투혼
ASL Season 11,4강,김명운,변현제,3,폴리포이드
ASL Season 11,4강,김명운,변현제,4,이클립스
ASL Season 11,4강,김명운,변현제,5,어센션
ASL Season 11,4강,임홍규,조일장,1,히든트랙
ASL Season 11,4강,임홍규,조일장,2,투혼
ASL Season 11,4강,임홍규,조일장,3,얼티메이트 스트림
ASL Season 11,4강,임홍규,조일장,4,어센션
ASL Season 11,3-4위전,김명운,조일장,1,폴라리스 랩소디
ASL Season 11,3-4위전,김명운,조일장,2,이클립스
ASL Season 11,3-4위전,김명운,조일장,3,히든트랙
ASL Season 11,3-4위전,김명운,조일장,4,폴리포이드
ASL Season 11,3-4위전,김명운,조일장,5,어센션
ASL Season 11,결승전,변현제,임홍규,1,폴리포이드
ASL Season 11,결승전,변현제,임홍규,2,이클립스
ASL Season 11,결승전,변현제,임홍규,3,히든트랙
ASL Season 11,결승전,변현제,임홍규,4,어센션
ASL Season 11,결승전,변현제,임홍규,5,폴라리스 랩소디
ASL Season 11,결승전,변현제,임홍규,6,얼티메이트 스트림
ASL Season 11,결승전,변현제,임홍규,7,투혼
ASL Season 12,와일드카드,도재욱,정영재,1,폴리포이드
ASL Season 12,와일드카드,도재욱,정영재,2,어센션
ASL Season 12,와일드카드,유영진,장윤철,1,어센션
ASL Season 12,와일드카드,유영진,장윤철,2,이클립스
ASL Season 12,와일드카드,유영진,장윤철,3,폴리포이드
ASL Season 12,와일드카드,도재욱,유영진,1,폴리포이드
ASL Season 12,와일드카드,도재욱,유영진,2,이클립스
ASL Season 12,24강,김범수,조기석,1,이클립스
ASL Season 12,24강,김민철,원지훈,1,이클립스
ASL Season 12,24강,김민철,김범수,1,어센션
ASL Season 12,24강,원지훈,조기석,1,리볼버
ASL Season 12,24강,김범수,조기석,1,라르고
ASL Season 12,24강,도재욱,배병우,1,이클립스
ASL Season 12,24강,윤용태,최호선,1,이클립스
ASL Season 12,24강,도재욱,윤용태,1,리볼버
ASL Season 12,24강,배병우,최호선,1,레몬
ASL Season 12,24강,도재욱,배병우,1,라르고
ASL Season 12,24강,박재혁,장윤철,1,이클립스
ASL Season 12,24강,정영재,진영화,1,이클립스
ASL Season 12,24강,장윤철,정영재,1,어센션
ASL Season 12,24강,박재혁,진영화,1,레몬
ASL Season 12,24강,정영재,진영화,1,폴리포이드
ASL Season 12,24강,고석현,박상현,1,이클립스
ASL Season 12,24강,윤찬희,황병영,1,이클립스
ASL Season 12,24강,박상현,황병영,1,어센션
ASL Season 12,24강,고석현,윤찬희,1,리볼버
ASL Season 12,24강,고석현,황병영,1,폴리포이드
ASL Season 12,24강,김성대,신상문,1,이클립스
ASL Season 12,24강,송병구,유진우,1,이클립스
ASL Season 12,24강,송병구,신상문,1,어센션
ASL Season 12,24강,김성대,유진우,1,리볼버
ASL Season 12,24강,신상문,유진우,1,굿나잇
ASL Season 12,24강,이재호,홍덕,1,이클립스
ASL Season 12,24강,김지성,이영한,1,이클립스
ASL Season 12,24강,이영한,이재호,1,리볼버
ASL Season 12,24강,김지성,홍덕,1,어센션
ASL Season 12,24강,김지성,이영한,1,라르고
ASL Season 12,16강,배병우,변현제,1,폴리포이드
ASL Season 12,16강,박상현,정영재,1,폴리포이드
ASL Season 12,16강,박상현,배병우,1,리볼버
ASL Season 12,16강,박상현,배병우,2,어센션
ASL Season 12,16강,박상현,배병우,3,라르고
ASL Season 12,16강,변현제,정영재,1,어센션
ASL Season 12,16강,변현제,정영재,2,리볼버
ASL Season 12,16강,배병우,변현제,1,이클립스
ASL Season 12,16강,배병우,변현제,2,어센션
ASL Season 12,16강,김범수,조일장,1,폴리포이드
ASL Season 12,16강,김지성,윤용태,1,폴리포이드
ASL Season 12,16강,김지성,조일장,1,어센션
ASL Season 12,16강,김지성,조일장,2,리볼버
ASL Season 12,16강,김지성,조일장,3,굿나잇
ASL Season 12,16강,김범수,윤용태,1,라르고
ASL Season 12,16강,김범수,윤용태,2,리볼버
ASL Season 12,16강,윤용태,조일장,1,이클립스
ASL Season 12,16강,윤용태,조일장,2,굿나잇
ASL Season 12,16강,김명운,송병구,1,폴리포이드
ASL Season 12,16강,이재호,장윤철,1,폴리포이드
ASL Season 12,16강,김명운,이재호,1,레몬
ASL Season 12,16강,김명운,이재호,2,어센션
ASL Season 12,16강,송병구,장윤철,1,레몬
ASL Season 12,16강,송병구,장윤철,2,리볼버
ASL Season 12,16강,송병구,장윤철,3,라르고
ASL Season 12,16강,김명운,장윤철,1,굿나잇
ASL Season 12,16강,김명운,장윤철,2,이클립스
ASL Season 12,16강,김명운,장윤철,3,라르고
ASL Season 12,16강,유영진,황병영,1,폴리포이드
ASL Season 12,16강,김민철,유진우,1,폴리포이드
ASL Season 12,16강,김민철,유영진,1,굿나잇
ASL Season 12,16강,김민철,유영진,2,이클립스
ASL Season 12,16강,유진우,황병영,1,레몬
ASL Season 12,16강,유진우,황병영,2,어센션
ASL Season 12,16강,유영진,황병영,1,어센션
ASL Season 12,16강,유영진,황병영,2,리볼버
ASL Season 12,8강,김명운,김민철,1,폴리포이드
ASL Season 12,8강,김명운,김민철,2,라르고
ASL Season 12,8강,김명운,김민철,3,어센션
ASL Season 12,8강,김명운,김민철,4,굿나잇
ASL Season 12,8강,김명운,김민철,5,리볼버
ASL Season 12,8강,김지성,변현제,1,폴리포이드
ASL Season 12,8강,김지성,변현제,2,레몬
ASL Season 12,8강,김지성,변현제,3,리볼버
ASL Season 12,8강,박상현,유영진,1,라르고
ASL Season 12,8강,박상현,유영진,2,리볼버
ASL Season 12,8강,박상현,유영진,3,폴리포이드
ASL Season 12,8강,박상현,유영진,4,레몬
ASL Season 12,8강,이재호,조일장,1,리볼버
ASL Season 12,8강,이재호,조일장,2,어센션
ASL Season 12,8강,이재호,조일장,3,폴리포이드
ASL Season 12,8강,이재호,조일장,4,굿나잇
ASL Season 12,4강,김명운,변현제,1,이클립스
ASL Season 12,4강,김명운,변현제,2,라르고
ASL Season 12,4강,김명운,변현제,3,리볼버
ASL Season 12,4강,김명운,변현제,4,폴리포이드
ASL Season 12,4강,김명운,변현제,5,어센션
ASL Season 12,4강,유영진,조일장,1,폴리포이드
ASL Season 12,4강,유영진,조일장,2,어센션
ASL Season 12,4강,유영진,조일장,3,이클립스
ASL Season 12,4강,유영진,조일장,4,굿나잇
ASL Season 12,4강,유영진,조일장,5,라르고
ASL Season 12,3-4위전,김명운,조일장,1,이클립스
ASL Season 12,3-4위전,김명운,조일장,2,어센션
ASL Season 12,3-4위전,김명운,조일장,3,폴리포이드
ASL Season 12,3-4위전,김명운,조일장,4,굿나잇
ASL Season 12,결승전,변현제,유영진,1,레몬
ASL Season 12,결승전,변현제,유영진,2,라르고
ASL Season 12,결승전,변현제,유영진,3,이클립스
ASL Season 12,결승전,변현제,유영진,4,굿나잇
ASL Season 12,결승전,변현제,유영진,5,어센션
ASL Season 12,결승전,변현제,유영진,6,폴리포이드
ASL Season 12,결승전,변현제,유영진,7,리볼버
ASL Season 13,24강,도재욱,유진우,1,이클립스
ASL Season 13,24강,김윤중,황병영,1,이클립스
ASL Season 13,24강,김윤중,도재욱,1,버터
ASL Season 13,24강,유진우,황병영,1,버터
ASL Season 13,24강,김윤중,유진우,1,버미어
ASL Season 13,24강,박지훈,이재호,1,이클립스
ASL Season 13,24강,김택용,이예훈,1,이클립스
ASL Season 13,24강,김택용,이재호,1,메타버스
ASL Season 13,24강,박지훈,이예훈,1,메타버스
ASL Season 13,24강,이예훈,이재호,1,알레그로
ASL Season 13,24강,정민기,정윤종,1,이클립스
ASL Season 13,24강,김성대,이경민,1,이클립스
ASL Season 13,24강,김성대,정윤종,1,메타버스
ASL Season 13,24강,이경민,정민기,1,모노폴리
ASL Season 13,24강,김성대,이경민,1,버미어
ASL Season 13,24강,김경모,장윤철,1,이클립스
ASL Season 13,24강,김승현,김지성,1,이클립스
ASL Season 13,24강,김경모,김지성,1,메타버스
ASL Season 13,24강,김승현,장윤철,1,모노폴리
ASL Season 13,24강,김경모,장윤철,1,버미어
ASL Season 13,24강,박상현,홍덕,1,이클립스
ASL Season 13,24강,정영재,최호선,1,이클립스
ASL Season 13,24강,박상현,정영재,1,메타버스
ASL Season 13,24강,최호선,홍덕,1,모노폴리
ASL Season 13,24강,박상현,최호선,1,알레그로
ASL Season 13,24강,김민철,진영화,1,이클립스
ASL Season 13,24강,윤찬희,이제동,1,이클립스
ASL Season 13,24강,김민철,이제동,1,버터
ASL Season 13,24강,윤찬희,진영화,1,모노폴리
ASL Season 13,24강,김민철,윤찬희,1,버미어
ASL Season 13,16강,변현제,이재호,1,버미어
ASL Season 13,16강,김지성,정윤종,1,버미어
ASL Season 13,16강,이재호,정윤종,1,이클립스
ASL Season 13,16강,이재호,정윤종,2,알레그로
ASL Season 13,16강,이재호,정윤종,3,리볼버 SE
ASL Season 13,16강,김지성,변현제,1,이클립스
ASL Season 13,16강,김지성,변현제,2,메타버스
ASL Season 13,16강,김지성,변현제,3,리볼버 SE
ASL Season 13,16강,변현제,이재호,1,버터
ASL Season 13,16강,변현제,이재호,2,알레그로
ASL Season 13,16강,변현제,이재호,3,이클립스
ASL Season 13,16강,김경모,유영진,1,버미어
ASL Season 13,16강,김성대,김윤중,1,버미어
ASL Season 13,16강,김성대,유영진,1,이클립스
ASL Season 13,16강,김성대,유영진,2,버터
ASL Season 13,16강,김경모,김윤중,1,메타버스
ASL Season 13,16강,김경모,김윤중,2,버터
ASL Season 13,16강,김윤중,유영진,1,버터
ASL Season 13,16강,김윤중,유영진,2,메타버스
ASL Season 13,16강,김윤중,유영진,3,알레그로
ASL Season 13,16강,정영재,조일장,1,버미어
ASL Season 13,16강,김민철,이제동,1,버미어
ASL Season 13,16강,이제동,정영재,1,메타버스
ASL Season 13,16강,이제동,정영재,2,모노폴리
ASL Season 13,16강,김민철,조일장,1,알레그로
ASL Season 13,16강,김민철,조일장,2,버터
ASL Season 13,16강,김민철,이제동,1,버터
ASL Season 13,16강,김민철,이제동,2,이클립스
ASL Season 13,16강,김명운,김택용,1,버미어
ASL Season 13,16강,도재욱,박상현,1,버미어
ASL Season 13,16강,김택용,박상현,1,이클립스
ASL Season 13,16강,김택용,박상현,2,버터
ASL Season 13,16강,김명운,도재욱,1,메타버스
ASL Season 13,16강,김명운,도재욱,2,버터
ASL Season 13,16강,김명운,김택용,1,모노폴리
ASL Season 13,16강,김명운,김택용,2,메타버스
ASL Season 13,16강,김명운,김택용,3,이클립스
ASL Season 13,8강,박상현,유영진,1,모노폴리
ASL Season 13,8강,박상현,유영진,2,버터
ASL Season 13,8강,박상현,유영진,3,버미어
ASL Season 13,8강,김성대,이재호,1,리볼버 SE
ASL Season 13,8강,김성대,이재호,2,알레그로
ASL Season 13,8강,김성대,이재호,3,이클립스
ASL Season 13,8강,김성대,이재호,4,메타버스
ASL Season 13,8강,김택용,정영재,1,알레그로
ASL Season 13,8강,김택용,정영재,2,이클립스
ASL Season 13,8강,김택용,정영재,3,모노폴리
ASL Season 13,8강,김택용,정영재,4,리볼버 SE
ASL Season 13,8강,김택용,정영재,5,메타버스
ASL Season 13,8강,김민철,정윤종,1,리볼버 SE
ASL Season 13,8강,김민철,정윤종,2,알레그로
ASL Season 13,8강,김민철,정윤종,3,이클립스
ASL Season 13,8강,김민철,정윤종,4,버미어
ASL Season 13,8강,김민철,정윤종,5,버터
ASL Season 13,4강,김택용,이재호,1,알레그로
ASL Season 13,4강,김택용,이재호,2,이클립스
ASL Season 13,4강,김택용,이재호,3,모노폴리
ASL Season 13,4강,김택용,이재호,4,버터
ASL Season 13,4강,김택용,이재호,5,버미어
ASL Season 13,4강,김택용,이재호,6,리볼버 SE
ASL Season 13,4강,박상현,정윤종,1,리볼버 SE
ASL Season 13,4강,박상현,정윤종,2,버미어
ASL Season 13,4강,박상현,정윤종,3,버터
ASL Season 13,4강,박상현,정윤종,4,알레그로
ASL Season 13,4강,박상현,정윤종,5,이클립스
ASL Season 13,4강,박상현,정윤종,6,모노폴리
ASL Season 13,3-4위전,김택용,박상현,1,버미어
ASL Season 13,3-4위전,김택용,박상현,2,리볼버 SE
ASL Season 13,3-4위전,김택용,박상현,3,알레그로
ASL Season 13,3-4위전,김택용,박상현,4,이클립스
ASL Season 13,3-4위전,김택용,박상현,5,버터
ASL Season 13,결승전,이재호,정윤종,1,이클립스
ASL Season 13,결승전,이재호,정윤종,2,알레그로
ASL Season 13,결승전,이재호,정윤종,3,리볼버 SE
ASL Season 13,결승전,이재호,정윤종,4,버미어
ASL Season 14,와일드카드,김성대,정영재,1,메타버스
ASL Season 14,와일드카드,김성대,정영재,2,버미어 SE
ASL Season 14,와일드카드,김민철,유영진,1,버터 2
ASL Season 14,와일드카드,김민철,유영진,2,버미어 SE
ASL Season 14,와일드카드,김성대,유영진,1,알레그로
ASL Season 14,와일드카드,김성대,유영진,2,메타버스
ASL Season 14,와일드카드,김성대,유영진,3,버미어 SE
ASL Season 14,24강,변현제,임진묵,1,버터 2
ASL Season 14,24강,도재욱,이예훈,1,버터 2
ASL Season 14,24강,도재욱,변현제,1,알레그로
ASL Season 14,24강,이예훈,임진묵,1,알레그로
ASL Season 14,24강,변현제,이예훈,1,실피드 3
ASL Season 14,24강,김경모,조일장,1,버터 2
ASL Season 14,24강,김윤중,황병영,1,버터 2
ASL Season 14,24강,조일장,황병영,1,알레그로
ASL Season 14,24강,김경모,김윤중,1,오디세이
ASL Season 14,24강,김윤중,황병영,1,네메시스
ASL Season 14,24강,김명운,한두열,1,버터 2
ASL Season 14,24강,김지성,조기석,1,버터 2
ASL Season 14,24강,김명운,조기석,1,알레그로
ASL Season 14,24강,김지성,한두열,1,오디세이
ASL Season 14,24강,김지성,조기석,1,실피드 3
ASL Season 14,24강,김민철,오진식,1,버터 2
ASL Season 14,24강,정영재,최호선,1,버터 2
ASL Season 14,24강,김민철,최호선,1,네오 알카노이드
ASL Season 14,24강,오진식,정영재,1,알레그로
ASL Season 14,24강,정영재,최호선,1,버미어 SE
ASL Season 14,24강,구성훈,장윤철,1,버터 2
ASL Season 14,24강,이영한,이제동,1,버터 2
ASL Season 14,24강,이영한,장윤철,1,오디세이
ASL Season 14,24강,구성훈,이제동,1,네오 알카노이드
ASL Season 14,24강,이영한,이제동,1,실피드 3
ASL Season 14,24강,유영진,윤용태,1,버터 2
ASL Season 14,24강,윤찬희,이경민,1,버터 2
ASL Season 14,24강,유영진,이경민,1,알레그로
ASL Season 14,24강,윤용태,윤찬희,1,알레그로
ASL Season 14,24강,윤찬희,이경민,1,버미어 SE
ASL Season 14,16강,이재호,황병영,1,버미어 SE
ASL Season 14,16강,윤찬희,이영한,1,버미어 SE
ASL Season 14,16강,이영한,이재호,1,버터 2
ASL Season 14,16강,이영한,이재호,2,오디세이
ASL Season 14,16강,이영한,이재호,3,실피드 3
ASL Season 14,16강,윤찬희,황병영,1,버터 2
ASL Season 14,16강,윤찬희,황병영,2,네메시스
ASL Season 14,16강,윤찬희,황병영,3,실피드 3
ASL Season 14,16강,이영한,황병영,1,오디세이
ASL Season 14,16강,이영한,황병영,2,네메시스
ASL Season 14,16강,이영한,황병영,3,버터 2
ASL Season 14,16강,김택용,최호선,1,버미어 SE
ASL Season 14,16강,도재욱,유영진,1,버미어 SE
ASL Season 14,16강,김택용,도재욱,1,실피드 3
ASL Season 14,16강,김택용,도재욱,2,버터 2
ASL Season 14,16강,김택용,도재욱,3,알레그로
ASL Season 14,16강,유영진,최호선,1,오디세이
ASL Season 14,16강,유영진,최호선,2,버터 2
ASL Season 14,16강,도재욱,유영진,1,실피드 3
ASL Season 14,16강,도재욱,유영진,2,버터 2
ASL Season 14,16강,도재욱,유영진,3,네메시스
ASL Season 14,16강,박상현,장윤철,1,버미어 SE
ASL Season 14,16강,김명운,김민철,1,버미어 SE
ASL Season 14,16강,김명운,장윤철,1,네오 알카노이드
ASL Season 14,16강,김명운,장윤철,2,네메시스
ASL Season 14,16강,김명운,장윤철,3,오디세이
ASL Season 14,16강,김민철,박상현,1,버터 2
ASL Season 14,16강,김민철,박상현,2,네메시스
ASL Season 14,16강,김민철,박상현,3,실피드 3
ASL Season 14,16강,김명운,김민철,1,네메시스
ASL Season 14,16강,김명운,김민철,2,오디세이
ASL Season 14,16강,김성대,김지성,1,버미어 SE
ASL Season 14,16강,변현제,조일장,1,버미어 SE
ASL Season 14,16강,김지성,조일장,1,버터 2
ASL Season 14,16강,김지성,조일장,2,네메시스
ASL Season 14,16강,김성대,변현제,1,네오 알카노이드
ASL Season 14,16강,김성대,변현제,2,오디세이
ASL Season 14,16강,변현제,조일장,1,실피드 3
ASL Season 14,16강,변현제,조일장,2,네메시스
ASL Season 14,16강,변현제,조일장,3,네오 알카노이드
ASL Season 14,8강,김지성,이영한,1,알레그로
ASL Season 14,8강,김지성,이영한,2,네오 알카노이드
ASL Season 14,8강,김지성,이영한,3,버미어 SE
ASL Season 14,8강,김민철,김택용,1,버터 2
ASL Season 14,8강,김민철,김택용,2,버미어 SE
ASL Season 14,8강,김민철,김택용,3,네메시스
ASL Season 14,8강,김민철,김택용,4,실피드 3
ASL Season 14,8강,김민철,김택용,5,오디세이
ASL Season 14,8강,유영진,이재호,1,버터 2
ASL Season 14,8강,유영진,이재호,2,알레그로
ASL Season 14,8강,유영진,이재호,3,오디세이
ASL Season 14,8강,유영진,이재호,4,버미어 SE
ASL Season 14,8강,유영진,이재호,5,네메시스
ASL Season 14,8강,장윤철,조일장,1,오디세이
ASL Season 14,8강,장윤철,조일장,2,알레그로
ASL Season 14,8강,장윤철,조일장,3,네메시스
ASL Season 14,4강,김민철,김지성,1,네오 알카노이드
ASL Season 14,4강,김민철,김지성,2,네메시스
ASL Season 14,4강,김민철,김지성,3,버미어 SE
ASL Season 14,4강,김민철,김지성,4,알레그로
ASL Season 14,4강,김민철,김지성,5,오디세이
ASL Season 14,4강,김민철,김지성,6,실피드 3
ASL Season 14,4강,김민철,김지성,7,버터 2
ASL Season 14,4강,유영진,조일장,1,오디세이
ASL Season 14,4강,유영진,조일장,2,알레그로
ASL Season 14,4강,유영진,조일장,3,네오 알카노이드
ASL Season 14,4강,유영진,조일장,4,버미어 SE
ASL Season 14,4강,유영진,조일장,5,네메시스
ASL Season 14,4강,유영진,조일장,6,버터 2
ASL Season 14,4강,유영진,조일장,7,실피드 3
ASL Season 14,3-4위전,김민철,조일장,1,버터 2
ASL Season 14,3-4위전,김민철,조일장,2,오디세이
ASL Season 14,3-4위전,김민철,조일장,3,버미어 SE
ASL Season 14,3-4위전,김민철,조일장,4,네메시스
ASL Season 14,3-4위전,김민철,조일장,5,네오 알카노이드
ASL Season 14,결승전,김지성,유영진,1,알레그로
ASL Season 14,결승전,김지성,유영진,2,네오 알카노이드
ASL Season 14,결승전,김지성,유영진,3,버미어 SE
ASL Season 14,결승전,김지성,유영진,4,오디세이
ASL Season 14,결승전,김지성,유영진,5,실피드 3
ASL Season 14,결승전,김지성,유영진,6,네메시스
ASL Season 15,24강,구성훈,변현제,1,신 단장의 능선
ASL Season 15,24강,김성대,최호선,1,신 단장의 능선
ASL Season 15,24강,김성대,변현제,1,다크 오리진
ASL Season 15,24강,구성훈,최호선,1,다크 오리진
ASL Season 15,24강,변현제,최호선,1,레트로
ASL Season 15,24강,고석현,김택용,1,신 단장의 능선
ASL Season 15,24강,조기석,황병영,1,신 단장의 능선
ASL Season 15,24강,김택용,황병영,1,다크 오리진
ASL Season 15,24강,고석현,조기석,1,다크 오리진
ASL Season 15,24강,고석현,황병영,1,버미어 SE
ASL Season 15,24강,김태영,박상현,1,신 단장의 능선
ASL Season 15,24강,도재욱,박성균,1,신 단장의 능선
ASL Season 15,24강,김태영,도재욱,1,다크 오리진
ASL Season 15,24강,박상현,박성균,1,다크 오리진
ASL Season 15,24강,김태영,박성균,1,버미어 SE
ASL Season 15,24강,장윤철,정민기,1,신 단장의 능선
ASL Season 15,24강,김윤중,이제동,1,신 단장의 능선
ASL Season 15,24강,이제동,장윤철,1,다크 오리진
ASL Season 15,24강,김윤중,정민기,1,76
ASL Season 15,24강,이제동,정민기,1,레트로
ASL Season 15,24강,김명운,홍덕,1,신 단장의 능선
ASL Season 15,24강,윤찬희,이영한,1,신 단장의 능선
ASL Season 15,24강,김명운,이영한,1,네메시스
ASL Season 15,24강,윤찬희,홍덕,1,다크 오리진
ASL Season 15,24강,이영한,홍덕,1,실피드 3
ASL Season 15,24강,이예훈,이재호,1,신 단장의 능선
ASL Season 15,24강,송병구,정영재,1,신 단장의 능선
ASL Season 15,24강,송병구,이재호,1,다크 오리진
ASL Season 15,24강,이예훈,정영재,1,네메시스
ASL Season 15,24강,송병구,정영재,1,실피드 3
ASL Season 15,16강,김지성,이영한,1,실피드 3
ASL Season 15,16강,김성대,이제동,1,실피드 3
ASL Season 15,16강,이영한,이제동,1,네메시스
ASL Season 15,16강,이영한,이제동,2,레트로
ASL Season 15,16강,이영한,이제동,3,다크 오리진
ASL Season 15,16강,김성대,김지성,1,다크 오리진
ASL Season 15,16강,김성대,김지성,2,레트로
ASL Season 15,16강,김성대,이영한,1,네메시스
ASL Season 15,16강,김성대,이영한,2,버미어 SE
ASL Season 15,16강,유영진,황병영,1,실피드 3
ASL Season 15,16강,김명운,정영재,1,실피드 3
ASL Season 15,16강,유영진,정영재,1,다크 오리진
ASL Season 15,16강,유영진,정영재,2,네메시스
ASL Season 15,16강,유영진,정영재,3,신 단장의 능선
ASL Season 15,16강,김명운,황병영,1,신 단장의 능선
ASL Season 15,16강,김명운,황병영,2,다크 오리진
ASL Season 15,16강,김명운,유영진,1,다크 오리진
ASL Season 15,16강,김명운,유영진,2,신 단장의 능선
ASL Season 15,16강,김명운,유영진,3,레트로
ASL Season 15,16강,김민철,도재욱,1,실피드 3
ASL Season 15,16강,이재호,장윤철,1,실피드 3
ASL Season 15,16강,도재욱,이재호,1,레트로
ASL Season 15,16강,도재욱,이재호,2,76
ASL Season 15,16강,도재욱,이재호,3,네메시스
ASL Season 15,16강,김민철,장윤철,1,76
ASL Season 15,16강,김민철,장윤철,2,다크 오리진
ASL Season 15,16강,김민철,이재호,1,네메시스
ASL Season 15,16강,김민철,이재호,2,다크 오리진
ASL Season 15,16강,김민철,이재호,3,버미어 SE
ASL Season 15,16강,조일장,최호선,1,실피드 3
ASL Season 15,16강,김택용,박성균,1,실피드 3
ASL Season 15,16강,박성균,조일장,1,신 단장의 능선
ASL Season 15,16강,박성균,조일장,2,레트로
ASL Season 15,16강,박성균,조일장,3,네메시스
ASL Season 15,16강,김택용,최호선,1,레트로
ASL Season 15,16강,김택용,최호선,2,76
ASL Season 15,16강,김택용,조일장,1,다크 오리진
ASL Season 15,16강,김택용,조일장,2,버미어 SE
ASL Season 15,8강,김성대,도재욱,1,실피드 3
ASL Season 15,8강,김성대,도재욱,2,신 단장의 능선
ASL Season 15,8강,김성대,도재욱,3,네메시스
ASL Season 15,8강,김성대,도재욱,4,버미어 SE
ASL Season 15,8강,김명운,박성균,1,실피드 3
ASL Season 15,8강,김명운,박성균,2,76
ASL Season 15,8강,김명운,박성균,3,버미어 SE
ASL Season 15,8강,김명운,박성균,4,다크 오리진
ASL Season 15,8강,김명운,박성균,5,레트로
ASL Season 15,8강,이제동,조일장,1,실피드 3
ASL Season 15,8강,이제동,조일장,2,다크 오리진
ASL Season 15,8강,이제동,조일장,3,신 단장의 능선
ASL Season 15,8강,김민철,정영재,1,버미어 SE
ASL Season 15,8강,김민철,정영재,2,신 단장의 능선
ASL Season 15,8강,김민철,정영재,3,실피드 3
ASL Season 15,8강,김민철,정영재,4,다크 오리진
ASL Season 15,8강,김민철,정영재,5,레트로
ASL Season 15,4강,도재욱,박성균,1,신 단장의 능선
ASL Season 15,4강,도재욱,박성균,2,버미어 SE
ASL Season 15,4강,도재욱,박성균,3,76
ASL Season 15,4강,도재욱,박성균,4,실피드 3
ASL Season 15,4강,도재욱,박성균,5,다크 오리진
ASL Season 15,4강,도재욱,박성균,6,레트로
ASL Season 15,4강,정영재,조일장,1,실피드 3
ASL Season 15,4강,정영재,조일장,2,신 단장의 능선
ASL Season 15,4강,정영재,조일장,3,버미어 SE
ASL Season 15,4강,정영재,조일장,4,다크 오리진
ASL Season 15,4강,정영재,조일장,5,네메시스
ASL Season 15,4강,정영재,조일장,6,레트로
ASL Season 15,4강,정영재,조일장,7,76
ASL Season 15,결승전,박성균,정영재,1,버미어 SE
ASL Season 15,결승전,박성균,정영재,2,다크 오리진
ASL Season 15,결승전,박성균,정영재,3,실피드 3
ASL Season 15,결승전,박성균,정영재,4,신 단장의 능선
ASL Season 15,결승전,박성균,정영재,5,레트로
ASL Season 16,24강,변현제,신상문,1,아포칼립스
ASL Season 16,24강,박상현,윤찬희,1,아포칼립스
ASL Season 16,24강,박상현,변현제,1,인베이더
ASL Season 16,24강,신상문,윤찬희,1,라 캄파넬라
ASL Season 16,24강,변현제,신상문,1,네오 다크 오리진
ASL Season 16,24강,김민철,김윤환,1,아포칼립스
ASL Season 16,24강,염보성,정윤종,1,아포칼립스
ASL Season 16,24강,김윤환,정윤종,1,인베이더
ASL Season 16,24강,김민철,염보성,1,템페스트
ASL Season 16,24강,김민철,정윤종,1,레트로
ASL Season 16,24강,박준오,장윤철,1,아포칼립스
ASL Season 16,24강,김윤중,김지성,1,아포칼립스
ASL Season 16,24강,김윤중,박준오,1,템페스트
ASL Season 16,24강,김지성,장윤철,1,템페스트
ASL Season 16,24강,김윤중,김지성,1,레트로
ASL Season 16,24강,윤용태,이재호,1,아포칼립스
ASL Season 16,24강,김성대,김정우,1,아포칼립스
ASL Season 16,24강,김성대,이재호,1,라 캄파넬라
ASL Season 16,24강,김정우,윤용태,1,라 캄파넬라
ASL Season 16,24강,김정우,이재호,1,레트로
ASL Season 16,24강,김명운,김태영,1,아포칼립스
ASL Season 16,24강,이제동,조기석,1,아포칼립스
ASL Season 16,24강,김태영,조기석,1,인베이더
ASL Season 16,24강,김명운,이제동,1,인베이더
ASL Season 16,24강,김명운,김태영,1,레트로
ASL Season 16,24강,유영진,인치호,1,아포칼립스
ASL Season 16,24강,김택용,송병구,1,아포칼립스
ASL Season 16,24강,송병구,유영진,1,템페스트
ASL Season 16,24강,김택용,인치호,1,템페스트
ASL Season 16,24강,김택용,송병구,1,폴리포이드
ASL Season 16,16강,김윤환,정영재,1,레트로
ASL Season 16,16강,김정우,박상현,1,레트로
ASL Season 16,16강,김정우,정영재,1,아포칼립스
ASL Season 16,16강,김정우,정영재,2,네오 다크 오리진
ASL Season 16,16강,김윤환,박상현,1,폴리포이드
ASL Season 16,16강,김윤환,박상현,2,아포칼립스
ASL Season 16,16강,김윤환,박상현,3,라 캄파넬라
ASL Season 16,16강,김윤환,정영재,1,템페스트
ASL Season 16,16강,김윤환,정영재,2,라 캄파넬라
ASL Season 16,16강,박성균,박준오,1,레트로
ASL Season 16,16강,변현제,유영진,1,레트로
ASL Season 16,16강,박성균,유영진,1,폴리포이드
ASL Season 16,16강,박성균,유영진,2,라 캄파넬라
ASL Season 16,16강,박성균,유영진,3,아포칼립스
ASL Season 16,16강,박준오,변현제,1,아포칼립스
ASL Season 16,16강,박준오,변현제,2,폴리포이드
ASL Season 16,16강,박성균,변현제,1,폴리포이드
ASL Season 16,16강,박성균,변현제,2,템페스트
ASL Season 16,16강,박성균,변현제,3,인베이더
ASL Season 16,16강,김태영,조일장,1,레트로
ASL Season 16,16강,김민철,김택용,1,레트로
ASL Season 16,16강,김민철,조일장,1,폴리포이드
ASL Season 16,16강,김민철,조일장,2,인베이더
ASL Season 16,16강,김민철,조일장,3,네오 다크 오리진
ASL Season 16,16강,김태영,김택용,1,템페스트
ASL Season 16,16강,김태영,김택용,2,폴리포이드
ASL Season 16,16강,김태영,김택용,3,인베이더
ASL Season 16,16강,김태영,조일장,1,네오 다크 오리진
ASL Season 16,16강,김태영,조일장,2,폴리포이드
ASL Season 16,16강,도재욱,조기석,1,레트로
ASL Season 16,16강,김성대,김지성,1,레트로
ASL Season 16,16강,김성대,조기석,1,인베이더
ASL Season 16,16강,김성대,조기석,2,네오 다크 오리진
ASL Season 16,16강,김성대,조기석,3,아포칼립스
ASL Season 16,16강,김지성,도재욱,1,템페스트
ASL Season 16,16강,김지성,도재욱,2,아포칼립스
ASL Season 16,16강,김성대,도재욱,1,템페스트
ASL Season 16,16강,김성대,도재욱,2,인베이더
ASL Season 16,16강,김성대,도재욱,3,네오 다크 오리진
ASL Season 16,8강,유영진,조일장,1,폴리포이드
ASL Season 16,8강,유영진,조일장,2,네오 다크 오리진
ASL Season 16,8강,유영진,조일장,3,라 캄파넬라
ASL Season 16,8강,김민철,정영재,1,템페스트
ASL Season 16,8강,김민철,정영재,2,폴리포이드
ASL Season 16,8강,김민철,정영재,3,인베이더
ASL Season 16,8강,김민철,정영재,4,레트로
ASL Season 16,8강,김민철,정영재,5,라 캄파넬라
ASL Season 16,8강,변현제,조기석,1,폴리포이드
ASL Season 16,8강,변현제,조기석,2,네오 다크 오리진
ASL Season 16,8강,변현제,조기석,3,라 캄파넬라
ASL Season 16,8강,변현제,조기석,4,인베이더
ASL Season 16,8강,김성대,김정우,1,폴리포이드
ASL Season 16,8강,김성대,김정우,2,네오 다크 오리진
ASL Season 16,8강,김성대,김정우,3,인베이더
ASL Season 16,4강,김민철,유영진,1,폴리포이드
ASL Season 16,4강,김민철,유영진,2,인베이더
ASL Season 16,4강,김민철,유영진,3,아포칼립스
ASL Season 16,4강,김민철,유영진,4,템페스트
ASL Season 16,4강,김민철,유영진,5,라 캄파넬라
ASL Season 16,4강,김민철,유영진,6,네오 다크 오리진
ASL Season 16,4강,김민철,유영진,7,레트로
ASL Season 16,4강,김정우,변현제,1,인베이더
ASL Season 16,4강,김정우,변현제,2,레트로
ASL Season 16,4강,김정우,변현제,3,아포칼립스
ASL Season 16,4강,김정우,변현제,4,폴리포이드
ASL Season 16,결승전,김민철,변현제,1,템페스트
ASL Season 16,결승전,김민철,변현제,2,라 캄파넬라
ASL Season 16,결승전,김민철,변현제,3,네오 다크 오리진
ASL Season 16,결승전,김민철,변현제,4,레트로
ASL Season 16,결승전,김민철,변현제,5,인베이더
ASL Season 17,와일드카드,정영재,조기석,1,레트로
ASL Season 17,와일드카드,정영재,조기석,2,라 캄파넬라
ASL Season 17,와일드카드,정영재,조기석,3,폴리포이드
ASL Season 17,와일드카드,김성대,조일장,1,라 캄파넬라
ASL Season 17,와일드카드,김성대,조일장,2,레트로
ASL Season 17,와일드카드,김성대,조기석,1,인베이더
ASL Season 17,와일드카드,김성대,조기석,2,라 캄파넬라
ASL Season 17,24강,서문지훈,이재호,1,라데온
ASL Season 17,24강,김택용,염보성,1,라데온
ASL Season 17,24강,김택용,이재호,1,트로이 SE
ASL Season 17,24강,서문지훈,염보성,1,시타델
ASL Season 17,24강,염보성,이재호,1,레트로
ASL Season 17,24강,박준오,조일장,1,라데온
ASL Season 17,24강,박성균,송병구,1,라데온
ASL Season 17,24강,박성균,조일장,1,블리츠 Y
ASL Season 17,24강,박준오,송병구,1,블리츠 Y
ASL Season 17,24강,송병구,조일장,1,레트로
ASL Season 17,24강,도재욱,윤종현,1,라데온
ASL Season 17,24강,김성대,최호선,1,라데온
ASL Season 17,24강,김성대,도재욱,1,시타델
ASL Season 17,24강,윤종현,최호선,1,블리츠 Y
ASL Season 17,24강,김성대,최호선,1,레트로
ASL Season 17,24강,전태양,정영재,1,라데온
ASL Season 17,24강,김윤중,이제동,1,라데온
ASL Season 17,24강,김윤중,정영재,1,블리츠 Y
ASL Season 17,24강,이제동,전태양,1,블리츠 Y
ASL Season 17,24강,김윤중,전태양,1,레트로
ASL Season 17,24강,이영웅,장윤철,1,라데온
ASL Season 17,24강,윤찬희,이영한,1,라데온
ASL Season 17,24강,이영한,장윤철,1,시타델
ASL Season 17,24강,윤찬희,이영웅,1,블리츠 Y
ASL Season 17,24강,윤찬희,이영한,1,아포칼립스
ASL Season 17,24강,김지성,유진우,1,라데온
ASL Season 17,24강,정윤종,황병영,1,라데온
ASL Season 17,24강,유진우,황병영,1,시타델
ASL Season 17,24강,김지성,정윤종,1,블리츠 Y
ASL Season 17,24강,김지성,유진우,1,레트로
ASL Season 17,16강,김민철,윤찬희,1,아포칼립스
ASL Season 17,16강,김택용,정영재,1,아포칼립스
ASL Season 17,16강,김민철,김택용,1,블리츠 Y
ASL Season 17,16강,김민철,김택용,2,시타델
ASL Season 17,16강,윤찬희,정영재,1,네오 다크 오리진
ASL Season 17,16강,윤찬희,정영재,2,블리츠 Y
ASL Season 17,16강,윤찬희,정영재,3,라데온
ASL Season 17,16강,김택용,정영재,1,네오 다크 오리진
ASL Season 17,16강,김택용,정영재,2,레트로
ASL Season 17,16강,변현제,황병영,1,아포칼립스
ASL Season 17,16강,김지성,조일장,1,아포칼립스
ASL Season 17,16강,조일장,황병영,1,라데온
ASL Season 17,16강,조일장,황병영,2,네오 다크 오리진
ASL Season 17,16강,김지성,변현제,1,네오 다크 오리진
ASL Season 17,16강,김지성,변현제,2,레트로
ASL Season 17,16강,변현제,황병영,1,시타델
ASL Season 17,16강,변현제,황병영,2,레트로
ASL Season 17,16강,김윤중,유영진,1,아포칼립스
ASL Season 17,16강,도재욱,이재호,1,아포칼립스
ASL Season 17,16강,도재욱,유영진,1,네오 다크 오리진
ASL Season 17,16강,도재욱,유영진,2,블리츠 Y
ASL Season 17,16강,도재욱,유영진,3,라데온
ASL Season 17,16강,김윤중,이재호,1,레트로
ASL Season 17,16강,김윤중,이재호,2,네오 다크 오리진
ASL Season 17,16강,김윤중,이재호,3,트로이 SE
ASL Season 17,16강,김윤중,유영진,1,라데온
ASL Season 17,16강,김윤중,유영진,2,네오 다크 오리진
ASL Season 17,16강,박성균,조기석,1,아포칼립스
ASL Season 17,16강,김성대,장윤철,1,아포칼립스
ASL Season 17,16강,장윤철,조기석,1,레트로
ASL Season 17,16강,장윤철,조기석,2,시타델
ASL Season 17,16강,장윤철,조기석,3,네오 다크 오리진
ASL Season 17,16강,김성대,박성균,1,라데온
ASL Season 17,16강,김성대,박성균,2,블리츠 Y
ASL Season 17,16강,박성균,조기석,1,시타델
ASL Season 17,16강,박성균,조기석,2,레트로
ASL Season 17,8강,도재욱,조기석,1,라데온
ASL Season 17,8강,도재욱,조기석,2,블리츠 Y
ASL Season 17,8강,도재욱,조기석,3,시타델
ASL Season 17,8강,도재욱,조기석,4,아포칼립스
ASL Season 17,8강,유영진,조일장,1,트로이 SE
ASL Season 17,8강,유영진,조일장,2,시타델
ASL Season 17,8강,유영진,조일장,3,네오 다크 오리진
ASL Season 17,8강,유영진,조일장,4,라데온
ASL Season 17,8강,김택용,장윤철,1,네오 다크 오리진
ASL Season 17,8강,김택용,장윤철,2,아포칼립스
ASL Season 17,8강,김택용,장윤철,3,시타델
ASL Season 17,8강,김민철,변현제,1,라데온
ASL Season 17,8강,김민철,변현제,2,트로이 SE
ASL Season 17,8강,김민철,변현제,3,네오 다크 오리진
ASL Season 17,8강,김민철,변현제,4,블리츠 Y
ASL Season 17,8강,김민철,변현제,5,레트로
ASL Season 17,4강,조기석,조일장,1,시타델
ASL Season 17,4강,조기석,조일장,2,트로이 SE
ASL Season 17,4강,조기석,조일장,3,레트로
ASL Season 17,4강,조기석,조일장,4,네오 다크 오리진
ASL Season 17,4강,조기석,조일장,5,아포칼립스
ASL Season 17,4강,김민철,장윤철,1,네오 다크 오리진
ASL Season 17,4강,김민철,장윤철,2,레트로
ASL Season 17,4강,김민철,장윤철,3,블리츠 Y
ASL Season 17,4강,김민철,장윤철,4,시타델
ASL Season 17,4강,김민철,장윤철,5,트로이 SE
ASL Season 17,4강,김민철,장윤철,6,라데온
ASL Season 17,결승전,김민철,조일장,1,라데온
ASL Season 17,결승전,김민철,조일장,2,네오 다크 오리진
ASL Season 17,결승전,김민철,조일장,3,아포칼립스
ASL Season 17,결승전,김민철,조일장,4,레트로
ASL Season 17,결승전,김민철,조일장,5,시타델
ASL Season 17,결승전,김민철,조일장,6,트로이 SE
ASL Season 17,결승전,김민철,조일장,7,블리츠 Y
ASL Season 18,24강,김명운,문태호,1,도미네이터
ASL Season 18,24강,정윤종,황병영,1,도미네이터
ASL Season 18,24강,김명운,황병영,1,데자뷰
ASL Season 18,24강,문태호,정윤종,1,킥백
ASL Season 18,24강,김명운,정윤종,1,라데온
ASL Season 18,24강,변현제,유승곤,1,도미네이터
ASL Season 18,24강,김택용,최호선,1,도미네이터
ASL Season 18,24강,김택용,변현제,1,데자뷰
ASL Season 18,24강,유승곤,최호선,1,데자뷰
ASL Season 18,24강,변현제,최호선,1,라데온
ASL Season 18,24강,원선재,유영진,1,도미네이터
ASL Season 18,24강,김지성,이예훈,1,도미네이터
ASL Season 18,24강,유영진,이예훈,1,킥백
ASL Season 18,24강,김지성,원선재,1,민스트럴
ASL Season 18,24강,김지성,이예훈,1,판테온
ASL Season 18,24강,도재욱,이영웅,1,도미네이터
ASL Season 18,24강,김성대,염보성,1,도미네이터
ASL Season 18,24강,염보성,이영웅,1,민스트럴
ASL Season 18,24강,김성대,도재욱,1,데자뷰
ASL Season 18,24강,김성대,염보성,1,몬티홀 SE
ASL Season 18,24강,윤수철,이재호,1,도미네이터
ASL Season 18,24강,이영한,이제동,1,도미네이터
ASL Season 18,24강,이재호,이제동,1,데자뷰
ASL Season 18,24강,윤수철,이영한,1,데자뷰
ASL Season 18,24강,이영한,이제동,1,라데온
ASL Season 18,24강,윤용태,정영재,1,도미네이터
ASL Season 18,24강,박성균,송병구,1,도미네이터
ASL Season 18,24강,송병구,정영재,1,킥백
ASL Season 18,24강,박성균,윤용태,1,킥백
ASL Season 18,24강,박성균,정영재,1,라데온
ASL Season 18,16강,김민철,염보성,1,라데온
ASL Season 18,16강,유영진,정영재,1,라데온
ASL Season 18,16강,김민철,유영진,1,데자뷰
ASL Season 18,16강,김민철,유영진,2,몬티홀 SE
ASL Season 18,16강,염보성,정영재,1,데자뷰
ASL Season 18,16강,염보성,정영재,2,판테온
ASL Season 18,16강,유영진,정영재,1,킥백
ASL Season 18,16강,유영진,정영재,2,판테온
ASL Season 18,16강,유영진,정영재,3,민스트럴
ASL Season 18,16강,조일장,황병영,1,라데온
ASL Season 18,16강,김택용,이제동,1,라데온
ASL Season 18,16강,김택용,황병영,1,킥백
ASL Season 18,16강,김택용,황병영,2,데자뷰
ASL Season 18,16강,이제동,조일장,1,몬티홀 SE
ASL Season 18,16강,이제동,조일장,2,판테온
ASL Season 18,16강,이제동,조일장,3,민스트럴
ASL Season 18,16강,김택용,조일장,1,도미네이터
ASL Season 18,16강,김택용,조일장,2,데자뷰
ASL Season 18,16강,김택용,조일장,3,판테온
ASL Season 18,16강,이영웅,장윤철,1,라데온
ASL Season 18,16강,변현제,정윤종,1,라데온
ASL Season 18,16강,이영웅,정윤종,1,민스트럴
ASL Season 18,16강,이영웅,정윤종,2,도미네이터
ASL Season 18,16강,변현제,장윤철,1,데자뷰
ASL Season 18,16강,변현제,장윤철,2,민스트럴
ASL Season 18,16강,이영웅,장윤철,1,도미네이터
ASL Season 18,16강,이영웅,장윤철,2,판테온
ASL Season 18,16강,이영웅,장윤철,3,민스트럴
ASL Season 18,16강,송병구,조기석,1,라데온
ASL Season 18,16강,김지성,이재호,1,라데온
ASL Season 18,16강,김지성,조기석,1,데자뷰
ASL Season 18,16강,김지성,조기석,2,도미네이터
ASL Season 18,16강,송병구,이재호,1,도미네이터
ASL Season 18,16강,송병구,이재호,2,데자뷰
ASL Season 18,16강,김지성,이재호,1,킥백
ASL Season 18,16강,김지성,이재호,2,도미네이터
ASL Season 18,16강,김지성,이재호,3,민스트럴
ASL Season 18,8강,장윤철,황병영,1,데자뷰
ASL Season 18,8강,장윤철,황병영,2,민스트럴
ASL Season 18,8강,장윤철,황병영,3,판테온
ASL Season 18,8강,장윤철,황병영,4,도미네이터
ASL Season 18,8강,장윤철,황병영,5,라데온
ASL Season 18,8강,김민철,이재호,1,라데온
ASL Season 18,8강,김민철,이재호,2,판테온
ASL Season 18,8강,김민철,이재호,3,킥백
ASL Season 18,8강,김민철,이재호,4,데자뷰
ASL Season 18,8강,김민철,이재호,5,도미네이터
ASL Season 18,8강,김민철,이재호,6,민스트럴
ASL Season 18,8강,유영진,정윤종,1,민스트럴
ASL Season 18,8강,유영진,정윤종,2,라데온
ASL Season 18,8강,유영진,정윤종,3,킥백
ASL Season 18,8강,유영진,정윤종,4,판테온
ASL Season 18,8강,조기석,조일장,1,판테온
ASL Season 18,8강,조기석,조일장,2,라데온
ASL Season 18,8강,조기석,조일장,3,민스트럴
ASL Season 18,8강,조기석,조일장,4,데자뷰
ASL Season 18,8강,조기석,조일장,5,킥백
ASL Season 18,8강,조기석,조일장,6,몬티홀 SE
ASL Season 18,4강,김민철,장윤철,1,민스트럴
ASL Season 18,4강,김민철,장윤철,2,몬티홀 SE
ASL Season 18,4강,김민철,장윤철,3,판테온
ASL Season 18,4강,김민철,장윤철,4,킥백
ASL Season 18,4강,정윤종,조기석,1,민스트럴
ASL Season 18,4강,정윤종,조기석,2,판테온
ASL Season 18,4강,정윤종,조기석,3,킥백
ASL Season 18,4강,정윤종,조기석,4,라데온
ASL Season 18,4강,정윤종,조기석,5,몬티홀 SE
ASL Season 18,결승전,김민철,조기석,1,판테온
ASL Season 18,결승전,김민철,조기석,2,도미네이터
ASL Season 18,결승전,김민철,조기석,3,데자뷰
ASL Season 18,결승전,김민철,조기석,4,킥백
ASL Season 18,결승전,김민철,조기석,5,민스트럴
ASL Season 19,24강,변현제,유승곤,1,이클립스
ASL Season 19,24강,김윤중,김윤환,1,이클립스
ASL Season 19,24강,김윤환,변현제,1,메트로폴리스
ASL Season 19,24강,김윤중,유승곤,1,폴스타
ASL Season 19,24강,김윤환,유승곤,1,도미네이터 SE
ASL Season 19,24강,고석현,유영진,1,이클립스
ASL Season 19,24강,김지성,이영웅,1,이클립스
ASL Season 19,24강,유영진,이영웅,1,메트로폴리스
ASL Season 19,24강,고석현,김지성,1,폴스타
ASL Season 19,24강,고석현,유영진,1,라데온
ASL Season 19,24강,도재욱,방태수,1,이클립스
ASL Season 19,24강,박성균,황병영,1,이클립스
ASL Season 19,24강,방태수,황병영,1,메트로폴리스
ASL Season 19,24강,도재욱,박성균,1,폴스타
ASL Season 19,24강,도재욱,방태수,1,데자뷰 SE
ASL Season 19,24강,박지훈,이재호,1,이클립스
ASL Season 19,24강,김택용,박준오,1,이클립스
ASL Season 19,24강,박준오,이재호,1,폴스타
ASL Season 19,24강,김택용,박지훈,1,메트로폴리스
ASL Season 19,24강,김택용,박준오,1,라데온
ASL Season 19,24강,김명운,김영진,1,이클립스
ASL Season 19,24강,송병구,이제동,1,이클립스
ASL Season 19,24강,김명운,송병구,1,메트로폴리스
ASL Season 19,24강,김영진,이제동,1,폴스타
ASL Season 19,24강,송병구,이제동,1,데자뷰 SE
ASL Season 19,24강,윤수철,조일장,1,이클립스
ASL Season 19,24강,김성대,최호선,1,이클립스
ASL Season 19,24강,조일장,최호선,1,폴스타
ASL Season 19,24강,김성대,윤수철,1,메트로폴리스
ASL Season 19,24강,김성대,최호선,1,라데온
ASL Season 19,16강,김민철,유승곤,1,메트로폴리스
ASL Season 19,16강,이재호,황병영,1,메트로폴리스
ASL Season 19,16강,김민철,이재호,1,라데온
ASL Season 19,16강,김민철,이재호,2,데자뷰 SE
ASL Season 19,16강,김민철,이재호,3,데스 밸리
ASL Season 19,16강,유승곤,황병영,1,폴스타
ASL Season 19,16강,유승곤,황병영,2,이클립스
ASL Season 19,16강,이재호,황병영,1,라데온
ASL Season 19,16강,이재호,황병영,2,폴스타
ASL Season 19,16강,이영웅,조기석,1,메트로폴리스
ASL Season 19,16강,도재욱,이제동,1,메트로폴리스
ASL Season 19,16강,이영웅,이제동,1,데자뷰 SE
ASL Season 19,16강,이영웅,이제동,2,도미네이터 SE
ASL Season 19,16강,도재욱,조기석,1,이클립스
ASL Season 19,16강,도재욱,조기석,2,도미네이터 SE
ASL Season 19,16강,도재욱,이영웅,1,데자뷰 SE
ASL Season 19,16강,도재욱,이영웅,2,이클립스
ASL Season 19,16강,김성대,정윤종,1,메트로폴리스
ASL Season 19,16강,김명운,김택용,1,메트로폴리스
ASL Season 19,16강,김명운,정윤종,1,라데온
ASL Season 19,16강,김명운,정윤종,2,폴스타
ASL Season 19,16강,김성대,김택용,1,도미네이터 SE
ASL Season 19,16강,김성대,김택용,2,이클립스
ASL Season 19,16강,김성대,정윤종,1,이클립스
ASL Season 19,16강,김성대,정윤종,2,라데온
ASL Season 19,16강,김성대,정윤종,3,폴스타
ASL Season 19,16강,유영진,장윤철,1,메트로폴리스
ASL Season 19,16강,변현제,조일장,1,메트로폴리스
ASL Season 19,16강,변현제,장윤철,1,도미네이터 SE
ASL Season 19,16강,변현제,장윤철,2,데자뷰 SE
ASL Season 19,16강,유영진,조일장,1,데자뷰 SE
ASL Season 19,16강,유영진,조일장,2,라데온
ASL Season 19,16강,유영진,조일장,3,이클립스
ASL Season 19,16강,변현제,유영진,1,도미네이터 SE
ASL Season 19,16강,변현제,유영진,2,폴스타
ASL Season 19,8강,김명운,도재욱,1,메트로폴리스
ASL Season 19,8강,김명운,도재욱,2,이클립스
ASL Season 19,8강,김명운,도재욱,3,도미네이터 SE
ASL Season 19,8강,김명운,도재욱,4,데스 밸리
ASL Season 19,8강,김명운,도재욱,5,라데온
ASL Season 19,8강,김명운,도재욱,6,데자뷰 SE
ASL Season 19,8강,김명운,도재욱,7,폴스타
ASL Season 19,8강,이재호,이제동,1,도미네이터 SE
ASL Season 19,8강,이재호,이제동,2,데자뷰 SE
ASL Season 19,8강,이재호,이제동,3,라데온
ASL Season 19,8강,이재호,이제동,4,폴스타
ASL Season 19,8강,이재호,이제동,5,메트로폴리스
ASL Season 19,8강,장윤철,정윤종,1,데스 밸리
ASL Season 19,8강,장윤철,정윤종,2,이클립스
ASL Season 19,8강,장윤철,정윤종,3,메트로폴리스
ASL Season 19,8강,장윤철,정윤종,4,데자뷰 SE
ASL Season 19,8강,장윤철,정윤종,5,폴스타
ASL Season 19,8강,장윤철,정윤종,6,도미네이터 SE
ASL Season 19,8강,김민철,유영진,1,메트로폴리스
ASL Season 19,8강,김민철,유영진,2,폴스타
ASL Season 19,8강,김민철,유영진,3,도미네이터 SE
ASL Season 19,8강,김민철,유영진,4,데자뷰 SE
ASL Season 19,8강,김민철,유영진,5,데스 밸리
ASL Season 19,4강,도재욱,이재호,1,데자뷰 SE
ASL Season 19,4강,도재욱,이재호,2,데스 밸리
ASL Season 19,4강,도재욱,이재호,3,폴스타
ASL Season 19,4강,도재욱,이재호,4,이클립스
ASL Season 19,4강,도재욱,이재호,5,도미네이터 SE
ASL Season 19,4강,도재욱,이재호,6,라데온
ASL Season 19,4강,도재욱,이재호,7,메트로폴리스
ASL Season 19,4강,김민철,장윤철,1,메트로폴리스
ASL Season 19,4강,김민철,장윤철,2,이클립스
ASL Season 19,4강,김민철,장윤철,3,도미네이터 SE
ASL Season 19,4강,김민철,장윤철,4,데스 밸리
ASL Season 19,4강,김민철,장윤철,5,데자뷰 SE
ASL Season 19,4강,김민철,장윤철,6,폴스타
ASL Season 19,4강,김민철,장윤철,7,라데온
ASL Season 19,결승전,김민철,도재욱,1,이클립스
ASL Season 19,결승전,김민철,도재욱,2,메트로폴리스
ASL Season 19,결승전,김민철,도재욱,3,데스 밸리
ASL Season 19,결승전,김민철,도재욱,4,라데온
ASL Season 19,결승전,김민철,도재욱,5,데자뷰 SE
ASL Season 19,결승전,김민철,도재욱,6,도미네이터 SE
ASL Season 19,결승전,김민철,도재욱,7,폴스타
ASL Season 20,24강,김태영,조기석,1,도미네이터 SE
ASL Season 20,24강,송병구,임홍규,1,도미네이터 SE
ASL Season 20,24강,임홍규,조기석,1,울돌목
ASL Season 20,24강,김태영,송병구,1,녹아웃
ASL Season 20,24강,김태영,조기석,1,폴스타
ASL Season 20,24강,전태양,정영재,1,도미네이터 SE
ASL Season 20,24강,김택용,이영웅,1,도미네이터 SE
ASL Season 20,24강,김택용,전태양,1,리트머스
ASL Season 20,24강,이영웅,정영재,1,리트머스
ASL Season 20,24강,이영웅,전태양,1,폴스타
ASL Season 20,24강,변현제,이창우,1,도미네이터 SE
ASL Season 20,24강,박상현,최호선,1,도미네이터 SE
ASL Season 20,24강,박상현,변현제,1,녹아웃
ASL Season 20,24강,이창우,최호선,1,녹아웃
ASL Season 20,24강,변현제,최호선,1,폴스타
ASL Season 20,24강,고석현,김명운,1,도미네이터 SE
ASL Season 20,24강,김윤환,김정우,1,도미네이터 SE
ASL Season 20,24강,김명운,김정우,1,울돌목
ASL Season 20,24강,고석현,김윤환,1,리트머스
ASL Season 20,24강,고석현,김명운,1,라데온
ASL Season 20,24강,유영진,정경두,1,도미네이터 SE
ASL Season 20,24강,윤찬희,이제동,1,도미네이터 SE
ASL Season 20,24강,유영진,이제동,1,녹아웃
ASL Season 20,24강,윤찬희,정경두,1,녹아웃
ASL Season 20,24강,유영진,윤찬희,1,폴스타
ASL Season 20,24강,방태수,조일장,1,도미네이터 SE
ASL Season 20,24강,김지성,황병영,1,도미네이터 SE
ASL Season 20,24강,방태수,황병영,1,리트머스
ASL Season 20,24강,김지성,조일장,1,리트머스
ASL Season 20,24강,김지성,황병영,1,폴스타
ASL Season 20,16강,김민철,황병영,1,녹아웃
ASL Season 20,16강,김정우,유영진,1,녹아웃
ASL Season 20,16강,유영진,황병영,1,라데온
ASL Season 20,16강,유영진,황병영,2,메트로폴리스
ASL Season 20,16강,유영진,황병영,3,폴스타
ASL Season 20,16강,김민철,김정우,1,폴스타
ASL Season 20,16강,김민철,김정우,2,리트머스
ASL Season 20,16강,김정우,유영진,1,메트로폴리스
ASL Season 20,16강,김정우,유영진,2,라데온
ASL Season 20,16강,도재욱,방태수,1,녹아웃
ASL Season 20,16강,김명운,김택용,1,녹아웃
ASL Season 20,16강,김택용,방태수,1,폴스타
ASL Season 20,16강,김택용,방태수,2,라데온
ASL Season 20,16강,김택용,방태수,3,메트로폴리스
ASL Season 20,16강,김명운,도재욱,1,폴스타
ASL Season 20,16강,김명운,도재욱,2,라데온
ASL Season 20,16강,김명운,도재욱,3,도미네이터 SE
ASL Season 20,16강,도재욱,방태수,1,도미네이터 SE
ASL Season 20,16강,도재욱,방태수,2,라데온
ASL Season 20,16강,도재욱,방태수,3,메트로폴리스
ASL Season 20,16강,장윤철,조기석,1,녹아웃
ASL Season 20,16강,변현제,이제동,1,녹아웃
ASL Season 20,16강,변현제,장윤철,1,폴스타
ASL Season 20,16강,변현제,장윤철,2,도미네이터 SE
ASL Season 20,16강,변현제,장윤철,3,라데온
ASL Season 20,16강,이제동,조기석,1,폴스타
ASL Season 20,16강,이제동,조기석,2,울돌목
ASL Season 20,16강,변현제,이제동,1,도미네이터 SE
ASL Season 20,16강,변현제,이제동,2,메트로폴리스
ASL Season 20,16강,이영웅,이재호,1,녹아웃
ASL Season 20,16강,박상현,임홍규,1,녹아웃
ASL Season 20,16강,박상현,이재호,1,라데온
ASL Season 20,16강,박상현,이재호,2,메트로폴리스
ASL Season 20,16강,박상현,이재호,3,도미네이터 SE
ASL Season 20,16강,이영웅,임홍규,1,도미네이터 SE
ASL Season 20,16강,이영웅,임홍규,2,폴스타
ASL Season 20,16강,이재호,임홍규,1,도미네이터 SE
ASL Season 20,16강,이재호,임홍규,2,메트로폴리스
ASL Season 20,8강,변현제,황병영,1,녹아웃
ASL Season 20,8강,변현제,황병영,2,울돌목
ASL Season 20,8강,변현제,황병영,3,메트로폴리스
ASL Season 20,8강,변현제,황병영,4,리트머스
ASL Season 20,8강,변현제,황병영,5,폴스타
ASL Season 20,8강,변현제,황병영,6,도미네이터 SE
ASL Season 20,8강,변현제,황병영,7,라데온
ASL Season 20,8강,김정우,장윤철,1,울돌목
ASL Season 20,8강,김정우,장윤철,2,메트로폴리스
ASL Season 20,8강,김정우,장윤철,3,도미네이터 SE
ASL Season 20,8강,김정우,장윤철,4,리트머스
ASL Season 20,8강,김정우,장윤철,5,녹아웃
ASL Season 20,8강,도재욱,박상현,1,폴스타
ASL Season 20,8강,도재욱,박상현,2,메트로폴리스
ASL Season 20,8강,도재욱,박상현,3,라데온
ASL Season 20,8강,도재욱,박상현,4,울돌목
ASL Season 20,8강,도재욱,박상현,5,도미네이터 SE
ASL Season 20,8강,도재욱,박상현,6,리트머스
ASL Season 20,8강,김택용,임홍규,1,울돌목
ASL Season 20,8강,김택용,임홍규,2,폴스타
ASL Season 20,8강,김택용,임홍규,3,라데온
ASL Season 20,8강,김택용,임홍규,4,메트로폴리스
ASL Season 20,8강,김택용,임홍규,5,녹아웃
ASL Season 20,4강,장윤철,황병영,1,울돌목
ASL Season 20,4강,장윤철,황병영,2,폴스타
ASL Season 20,4강,장윤철,황병영,3,도미네이터 SE
ASL Season 20,4강,장윤철,황병영,4,녹아웃
ASL Season 20,4강,장윤철,황병영,5,리트머스
ASL Season 20,4강,김택용,박상현,1,라데온
ASL Season 20,4강,김택용,박상현,2,도미네이터 SE
ASL Season 20,4강,김택용,박상현,3,메트로폴리스
ASL Season 20,4강,김택용,박상현,4,폴스타
ASL Season 20,4강,김택용,박상현,5,울돌목
ASL Season 20,4강,김택용,박상현,6,녹아웃
ASL Season 20,4강,김택용,박상현,7,리트머스
ASL Season 20,결승전,박상현,장윤철,1,울돌목
ASL Season 20,결승전,박상현,장윤철,2,도미네이터 SE
ASL Season 20,결승전,박상현,장윤철,3,라데온
ASL Season 20,결승전,박상현,장윤철,4,폴스타
ASL Season 20,결승전,박상현,장윤철,5,메트로폴리스
ASL Season 20,결승전,박상현,장윤철,6,녹아웃
ASL Season 21,24강,유승곤,조기석,1,옥타곤
ASL Season 21,24강,윤찬희,정윤종,1,옥타곤
ASL Season 21,24강,정윤종,조기석,1,매치포인트
ASL Season 21,24강,유승곤,윤찬희,1,매치포인트
ASL Season 21,24강,유승곤,조기석,1,폴스타
ASL Season 21,24강,김민철,김태영,1,옥타곤
ASL Season 21,24강,정영재,최호선,1,옥타곤
ASL Season 21,24강,김민철,최호선,1,애티튜드
ASL Season 21,24강,김태영,정영재,1,애티튜드
ASL Season 21,24강,김민철,김태영,1,실피드 3
ASL Season 21,24강,윤수철,조일장,1,옥타곤
ASL Season 21,24강,이영한,임홍규,1,옥타곤
ASL Season 21,24강,이영한,조일장,1,애티튜드
ASL Season 21,24강,윤수철,임홍규,1,제인 도
ASL Season 21,24강,윤수철,이영한,1,폴스타
ASL Season 21,24강,김윤환,이재호,1,옥타곤
ASL Season 21,24강,김지성,박성균,1,옥타곤
ASL Season 21,24강,박성균,이재호,1,애티튜드
ASL Season 21,24강,김윤환,김지성,1,제인 도
ASL Season 21,24강,김지성,박성균,1,폴스타
ASL Season 21,24강,유영진,임진묵,1,옥타곤
ASL Season 21,24강,이영웅,이영호,1,옥타곤
ASL Season 21,24강,이영호,임진묵,1,제인 도
ASL Season 21,24강,유영진,이영웅,1,애티튜드
ASL Season 21,24강,이영웅,임진묵,1,폴스타
ASL Season 21,24강,도재욱,신상문,1,옥타곤
ASL Season 21,24강,김명운,이제동,1,옥타곤
ASL Season 21,24강,신상문,이제동,1,제인 도
ASL Season 21,24강,김명운,도재욱,1,제인 도
ASL Season 21,24강,김명운,신상문,1,폴스타
ASL Season 21,16강,박상현,윤수철,1,폴스타
ASL Season 21,16강,조기석,최호선,1,폴스타
ASL Season 21,16강,박상현,최호선,1,옥타곤
ASL Season 21,16강,박상현,최호선,2,매치포인트
ASL Season 21,16강,박상현,최호선,3,녹아웃
ASL Season 21,16강,윤수철,조기석,1,실피드 3
ASL Season 21,16강,윤수철,조기석,2,매치포인트
ASL Season 21,16강,윤수철,조기석,3,녹아웃
ASL Season 21,16강,윤수철,최호선,1,실피드 3
ASL Season 21,16강,윤수철,최호선,2,제인 도
ASL Season 21,16강,윤수철,최호선,3,녹아웃
ASL Season 21,16강,임진묵,장윤철,1,폴스타
ASL Season 21,16강,정윤종,조일장,1,폴스타
ASL Season 21,16강,장윤철,조일장,1,녹아웃
ASL Season 21,16강,장윤철,조일장,2,실피드 3
ASL Season 21,16강,장윤철,조일장,3,매치포인트
ASL Season 21,16강,임진묵,정윤종,1,매치포인트
ASL Season 21,16강,임진묵,정윤종,2,녹아웃
ASL Season 21,16강,정윤종,조일장,1,옥타곤
ASL Season 21,16강,정윤종,조일장,2,실피드 3
ASL Season 21,16강,정윤종,조일장,3,녹아웃
ASL Season 21,16강,김태영,김택용,1,폴스타
ASL Season 21,16강,이영호,이제동,1,폴스타
ASL Season 21,16강,김택용,이제동,1,제인 도
ASL Season 21,16강,김택용,이제동,2,녹아웃
ASL Season 21,16강,김태영,이영호,1,제인 도
ASL Season 21,16강,김태영,이영호,2,녹아웃
ASL Season 21,16강,김택용,이영호,1,애티튜드
ASL Season 21,16강,김택용,이영호,2,녹아웃
ASL Season 21,16강,신상문,황병영,1,폴스타
ASL Season 21,16강,김지성,이재호,1,폴스타
ASL Season 21,16강,김지성,신상문,1,옥타곤
ASL Season 21,16강,김지성,신상문,2,녹아웃
ASL Season 21,16강,이재호,황병영,1,실피드 3
ASL Season 21,16강,이재호,황병영,2,옥타곤
ASL Season 21,16강,김지성,이재호,1,애티튜드
ASL Season 21,16강,김지성,이재호,2,제인 도
ASL Season 21,16강,김지성,이재호,3,옥타곤
ASL Season 21,8강,박상현,조일장,1,매치포인트
ASL Season 21,8강,박상현,조일장,2,녹아웃
ASL Season 21,8강,박상현,조일장,3,제인 도
ASL Season 21,8강,신상문,윤수철,1,녹아웃
ASL Season 21,8강,신상문,윤수철,2,매치포인트
ASL Season 21,8강,신상문,윤수철,3,애티튜드
ASL Season 21,8강,이재호,이제동,1,매치포인트
ASL Season 21,8강,이재호,이제동,2,제인 도
ASL Season 21,8강,이재호,이제동,3,실피드 3
ASL Season 21,8강,이재호,이제동,4,폴스타
ASL Season 21,8강,이재호,이제동,5,옥타곤
ASL Season 21,8강,이영호,장윤철,1,매치포인트
ASL Season 21,8강,이영호,장윤철,2,애티튜드
ASL Season 21,8강,이영호,장윤철,3,제인 도
ASL Season 21,8강,이영호,장윤철,4,폴스타
ASL Season 21,8강,이영호,장윤철,5,녹아웃
ASL Season 21,4강,박상현,신상문,1,실피드 3
ASL Season 21,4강,박상현,신상문,2,제인 도
ASL Season 21,4강,박상현,신상문,3,옥타곤
ASL Season 21,4강,박상현,신상문,4,폴스타
ASL Season 21,4강,박상현,신상문,5,녹아웃
ASL Season 21,4강,이영호,이재호,1,애티튜드
ASL Season 21,4강,이영호,이재호,2,녹아웃
ASL Season 21,4강,이영호,이재호,3,제인 도
ASL Season 21,4강,이영호,이재호,4,폴스타
ASL Season 21,결승전,박상현,이영호,1,제인 도
ASL Season 21,결승전,박상현,이영호,2,옥타곤
ASL Season 21,결승전,박상현,이영호,3,실피드 3
ASL Season 21,결승전,박상현,이영호,4,폴스타
ASL Season 21,결승전,박상현,이영호,5,녹아웃
ASL Season 21,결승전,박상현,이영호,6,애티튜드
ASL Season 21,결승전,박상현,이영호,7,매치포인트
ASL Season 22,와일드카드,이제동,장윤철,1,녹아웃
ASL Season 22,와일드카드,이제동,장윤철,2,폴스타
ASL Season 22,와일드카드,윤수철,조일장,1,옥타곤 SE
ASL Season 22,와일드카드,윤수철,조일장,2,매치포인트
ASL Season 22,와일드카드,장윤철,조일장,1,폴스타
ASL Season 22,와일드카드,장윤철,조일장,2,매치포인트
ASL Season 22,와일드카드,장윤철,조일장,3,실피드 3
ASL Season 22,24강,배성흠,유영진,1,녹아웃
ASL Season 22,24강,김윤중,김택용,1,녹아웃
ASL Season 22,24강,김윤중,유영진,1,오디세이 RE
ASL Season 22,24강,김택용,배성흠,1,애티튜드 SE
ASL Season 22,24강,김택용,유영진,1,옥타곤 SE
ASL Season 22,24강,김재현,조기석,1,녹아웃
ASL Season 22,24강,김성대,이영한,1,녹아웃
ASL Season 22,24강,김재현,이영한,1,애티튜드 SE
ASL Season 22,24강,김성대,조기석,1,오디세이 RE
ASL Season 22,24강,김성대,김재현,1,옥타곤 SE
ASL Season 22,24강,도재욱,정경두,1,녹아웃
