대회,라운드,선수A,종족A,선수B,종족B,세트A,세트B,승자,총세트,맵목록
대국민 스타리그,32강,김건욱,Z,김택용,P,0,1,김택용,1,서킷브레이커
대국민 스타리그,32강,신상문,T,한상봉,Z,0,1,한상봉,1,서킷브레이커
대국민 스타리그,32강,김택용,P,한상봉,Z,1,0,김택용,1,투혼
대국민 스타리그,32강,김건욱,Z,신상문,T,1,0,김건욱,1,투혼
대국민 스타리그,32강,김건욱,Z,한상봉,Z,1,0,김건욱,1,매치포인트
대국민 스타리그,32강,김명운,Z,김봉준,P,1,0,김명운,1,서킷브레이커
대국민 스타리그,32강,유영진,T,임진묵,T,0,1,임진묵,1,서킷브레이커
대국민 스타리그,32강,김명운,Z,임진묵,T,1,0,김명운,1,투혼
대국민 스타리그,32강,김봉준,P,유영진,T,0,1,유영진,1,투혼
대국민 스타리그,32강,유영진,T,임진묵,T,1,0,유영진,1,매치포인트
대국민 스타리그,32강,임홍규,Z,최호선,T,1,0,임홍규,1,서킷브레이커
대국민 스타리그,32강,김윤중,P,진영화,P,0,1,진영화,1,서킷브레이커
대국민 스타리그,32강,임홍규,Z,진영화,P,1,0,임홍규,1,투혼
대국민 스타리그,32강,김윤중,P,최호선,T,0,1,최호선,1,투혼
대국민 스타리그,32강,진영화,P,최호선,T,0,1,최호선,1,매치포인트
대국민 스타리그,32강,구성훈,T,서문지훈,Z,1,0,구성훈,1,서킷브레이커
대국민 스타리그,32강,김정우,Z,박세정,P,1,0,김정우,1,서킷브레이커
대국민 스타리그,32강,구성훈,T,김정우,Z,1,0,구성훈,1,투혼
대국민 스타리그,32강,박세정,P,서문지훈,Z,0,1,서문지훈,1,투혼
대국민 스타리그,32강,김정우,Z,서문지훈,Z,1,0,김정우,1,매치포인트
대국민 스타리그,32강,박재현,P,조기석,T,0,1,조기석,1,서킷브레이커
대국민 스타리그,32강,강정우,T,박성균,T,1,0,강정우,1,서킷브레이커
대국민 스타리그,32강,강정우,T,조기석,T,0,1,조기석,1,투혼
대국민 스타리그,32강,박성균,T,박재현,P,1,0,박성균,1,투혼
대국민 스타리그,32강,강정우,T,박성균,T,0,1,박성균,1,매치포인트
대국민 스타리그,32강,박성준,Z,심대성,Z,1,0,박성준,1,서킷브레이커
대국민 스타리그,32강,김재현,T,김재훈,P,0,1,김재훈,1,서킷브레이커
대국민 스타리그,32강,김재훈,P,박성준,Z,1,0,김재훈,1,투혼
대국민 스타리그,32강,김재현,T,심대성,Z,1,0,김재현,1,투혼
대국민 스타리그,32강,김재현,T,박성준,Z,0,1,박성준,1,매치포인트
대국민 스타리그,32강,정윤성,P,조일장,Z,0,1,조일장,1,서킷브레이커
대국민 스타리그,32강,김승현,P,염보성,T,1,0,김승현,1,서킷브레이커
대국민 스타리그,32강,김승현,P,조일장,Z,1,0,김승현,1,투혼
대국민 스타리그,32강,염보성,T,정윤성,P,1,0,염보성,1,투혼
대국민 스타리그,32강,염보성,T,조일장,Z,1,0,염보성,1,매치포인트
대국민 스타리그,32강,김성현,T,윤용태,P,1,0,김성현,1,서킷브레이커
대국민 스타리그,32강,김상곤,Z,윤찬희,T,0,1,윤찬희,1,서킷브레이커
대국민 스타리그,32강,김성현,T,윤찬희,T,1,0,김성현,1,투혼
대국민 스타리그,32강,김상곤,Z,윤용태,P,0,1,윤용태,1,투혼
대국민 스타리그,32강,윤용태,P,윤찬희,T,1,0,윤용태,1,매치포인트
대국민 스타리그,16강,김재훈,P,김택용,P,0,1,김택용,1,서킷브레이커
대국민 스타리그,16강,김건욱,Z,조기석,T,0,1,조기석,1,투혼
대국민 스타리그,16강,김정우,Z,박성준,Z,1,0,김정우,1,매치포인트
대국민 스타리그,16강,염보성,T,윤용태,P,1,0,염보성,1,아카디아 2
대국민 스타리그,16강,박성균,T,임홍규,Z,0,1,임홍규,1,투혼
대국민 스타리그,16강,구성훈,T,김성현,T,0,1,김성현,1,매치포인트
대국민 스타리그,16강,김명운,Z,유영진,T,1,0,김명운,1,아카디아 2
대국민 스타리그,16강,김승현,P,최호선,T,1,0,김승현,1,서킷브레이커
대국민 스타리그,16강,김택용,P,임홍규,Z,1,0,김택용,1,매치포인트
대국민 스타리그,16강,구성훈,T,김건욱,Z,0,1,김건욱,1,아카디아 2
대국민 스타리그,16강,김정우,Z,유영진,T,1,0,김정우,1,서킷브레이커
대국민 스타리그,16강,김승현,P,윤용태,P,1,0,김승현,1,투혼
대국민 스타리그,16강,김재훈,P,박성균,T,0,1,박성균,1,아카디아 2
대국민 스타리그,16강,김성현,T,조기석,T,0,1,조기석,1,서킷브레이커
대국민 스타리그,16강,김명운,Z,박성준,Z,1,0,김명운,1,투혼
대국민 스타리그,16강,염보성,T,최호선,T,0,1,최호선,1,매치포인트
대국민 스타리그,16강,김택용,P,박성균,T,0,1,박성균,1,서킷브레이커
대국민 스타리그,16강,김건욱,Z,김성현,T,0,1,김성현,1,투혼
대국민 스타리그,16강,김명운,Z,김정우,Z,1,0,김명운,1,매치포인트
대국민 스타리그,16강,윤용태,P,최호선,T,1,0,윤용태,1,아카디아 2
대국민 스타리그,16강,김재훈,P,임홍규,Z,0,1,임홍규,1,투혼
대국민 스타리그,16강,구성훈,T,조기석,T,0,1,조기석,1,매치포인트
대국민 스타리그,16강,박성준,Z,유영진,T,1,0,박성준,1,아카디아 2
대국민 스타리그,16강,김승현,P,염보성,T,1,0,김승현,1,서킷브레이커
대국민 스타리그,16강,김택용,P,임홍규,Z,1,0,김택용,1,서킷브레이커
대국민 스타리그,16강,김택용,P,박성균,T,1,0,김택용,1,투혼
대국민 스타리그,16강,박성균,T,임홍규,Z,1,0,박성균,1,매치포인트
대국민 스타리그,16강,윤용태,P,최호선,T,1,0,윤용태,1,서킷브레이커
대국민 스타리그,16강,염보성,T,최호선,T,1,0,염보성,1,투혼
대국민 스타리그,16강,염보성,T,윤용태,P,0,1,윤용태,1,매치포인트
대국민 스타리그,8강,김성현,T,김택용,P,0,3,김택용,3,서킷브레이커 | 글래디에이터 | 매치포인트
대국민 스타리그,8강,박성균,T,조기석,T,1,3,조기석,4,서킷브레이커 | 투혼 | 매치포인트 | 글래디에이터
대국민 스타리그,8강,김명운,Z,윤용태,P,3,1,김명운,4,투혼 | 글래디에이터 | 서킷브레이커 | 매치포인트
대국민 스타리그,8강,김승현,P,김정우,Z,1,3,김정우,4,서킷브레이커 | 매치포인트 | 글래디에이터 | 투혼
대국민 스타리그,4강,김택용,P,조기석,T,3,1,김택용,4,글래디에이터 | 서킷브레이커 | 투혼 | 매치포인트
대국민 스타리그,4강,김명운,Z,김정우,Z,1,3,김정우,4,서킷브레이커 | 글래디에이터 | 투혼 | 매치포인트
대국민 스타리그,3-4위전,김명운,Z,조기석,T,0,3,조기석,3,서킷브레이커 | 매치포인트 | 투혼
대국민 스타리그,결승전,김정우,Z,김택용,P,3,1,김정우,4,서킷브레이커 | 글래디에이터 | 투혼 | 매치포인트
ASL Season 1,16강,김윤중,P,김정우,Z,1,0,김윤중,1,투혼
ASL Season 1,16강,임진묵,T,조기석,T,0,1,조기석,1,서킷브레이커
ASL Season 1,16강,김명운,Z,이영호,T,0,1,이영호,1,오버워치
ASL Season 1,16강,김성현,T,윤찬희,T,1,0,김성현,1,태백산맥
ASL Season 1,16강,윤용태,P,최호선,T,1,0,윤용태,1,투혼
ASL Season 1,16강,김재훈,P,임홍규,Z,1,0,김재훈,1,서킷브레이커
ASL Season 1,16강,박성균,T,염보성,T,1,0,박성균,1,오버워치
ASL Season 1,16강,도재욱,P,조일장,Z,0,1,조일장,1,태백산맥
ASL Season 1,16강,김정우,Z,윤용태,P,1,0,김정우,1,서킷브레이커
ASL Season 1,16강,임홍규,Z,조기석,T,0,1,조기석,1,투혼
ASL Season 1,16강,김명운,Z,박성균,T,1,0,김명운,1,태백산맥
ASL Season 1,16강,김성현,T,도재욱,P,1,0,김성현,1,오버워치
ASL Season 1,16강,김윤중,P,최호선,T,0,1,최호선,1,서킷브레이커
ASL Season 1,16강,김재훈,P,임진묵,T,0,1,임진묵,1,투혼
ASL Season 1,16강,염보성,T,이영호,T,1,0,염보성,1,태백산맥
ASL Season 1,16강,윤찬희,T,조일장,Z,0,1,조일장,1,오버워치
ASL Season 1,16강,김정우,Z,최호선,T,0,1,최호선,1,오버워치
ASL Season 1,16강,김재훈,P,조기석,T,1,0,김재훈,1,태백산맥
ASL Season 1,16강,김명운,Z,염보성,T,0,1,염보성,1,서킷브레이커
ASL Season 1,16강,김성현,T,조일장,Z,1,0,김성현,1,투혼
ASL Season 1,16강,김윤중,P,윤용태,P,1,0,김윤중,1,태백산맥
ASL Season 1,16강,임진묵,T,임홍규,Z,1,0,임진묵,1,오버워치
ASL Season 1,16강,박성균,T,이영호,T,0,1,이영호,1,투혼
ASL Season 1,16강,도재욱,P,윤찬희,T,1,0,도재욱,1,서킷브레이커
ASL Season 1,16강,김재훈,P,조기석,T,0,1,조기석,1,서킷브레이커
ASL Season 1,16강,김재훈,P,임진묵,T,1,0,김재훈,1,오버워치
ASL Season 1,16강,임진묵,T,조기석,T,1,0,임진묵,1,투혼
ASL Season 1,16강,김재훈,P,조기석,T,1,0,김재훈,1,오버워치
ASL Season 1,16강,김재훈,P,임진묵,T,1,0,김재훈,1,투혼
ASL Season 1,16강,임진묵,T,조기석,T,0,1,조기석,1,서킷브레이커
ASL Season 1,8강,조기석,T,최호선,T,3,1,조기석,4,서킷브레이커 | 신 태백산맥 | 투혼 | 오버워치
ASL Season 1,8강,염보성,T,조일장,Z,3,2,염보성,5,투혼 | 신 태백산맥 | 오버워치 | 서킷브레이커 | 투혼
ASL Season 1,8강,김윤중,P,김재훈,P,3,1,김윤중,4,서킷브레이커 | 신 태백산맥 | 투혼 | 오버워치
ASL Season 1,8강,김성현,T,이영호,T,3,0,김성현,3,투혼 | 서킷브레이커 | 오버워치
ASL Season 1,4강,염보성,T,조기석,T,2,3,조기석,5,투혼 | 신 태백산맥 | 오버워치 | 서킷브레이커 | 투혼
ASL Season 1,4강,김성현,T,김윤중,P,1,3,김윤중,4,오버워치 | 신 태백산맥 | 서킷브레이커 | 투혼
ASL Season 1,결승전,김윤중,P,조기석,T,3,0,김윤중,3,서킷브레이커 | 오버워치 | 투혼
ASL Season 2,24강,김택용,P,임홍규,Z,1,0,김택용,1,벤젠
ASL Season 2,24강,김승현,P,김태영,T,0,1,김태영,1,벤젠
ASL Season 2,24강,김태영,T,김택용,P,0,1,김택용,1,서킷브레이커
ASL Season 2,24강,김승현,P,임홍규,Z,1,0,김승현,1,서킷브레이커
ASL Season 2,24강,김승현,P,김태영,T,1,0,김승현,1,태풍의눈
ASL Season 2,24강,김정우,Z,이재호,T,1,0,김정우,1,벤젠
ASL Season 2,24강,김범성,Z,정윤종,P,0,1,정윤종,1,벤젠
ASL Season 2,24강,김정우,Z,정윤종,P,0,1,정윤종,1,서킷브레이커
ASL Season 2,24강,김범성,Z,이재호,T,0,1,이재호,1,서킷브레이커
ASL Season 2,24강,김정우,Z,이재호,T,0,1,이재호,1,태풍의눈
ASL Season 2,24강,송병구,P,유영진,T,1,0,송병구,1,벤젠
ASL Season 2,24강,윤용태,P,한두열,Z,1,0,윤용태,1,벤젠
ASL Season 2,24강,송병구,P,윤용태,P,1,0,송병구,1,서킷브레이커
ASL Season 2,24강,유영진,T,한두열,Z,1,0,유영진,1,서킷브레이커
ASL Season 2,24강,유영진,T,윤용태,P,1,0,유영진,1,태풍의눈
ASL Season 2,24강,이영호,T,이예준,Z,1,0,이영호,1,벤젠
ASL Season 2,24강,김민철,Z,진영화,P,1,0,김민철,1,벤젠
ASL Season 2,24강,김민철,Z,이영호,T,0,1,이영호,1,서킷브레이커
ASL Season 2,24강,이예준,Z,진영화,P,0,1,진영화,1,서킷브레이커
ASL Season 2,24강,김민철,Z,진영화,P,0,1,진영화,1,태풍의눈
ASL Season 2,24강,윤찬희,T,이제동,Z,0,1,이제동,1,벤젠
ASL Season 2,24강,김규회,P,도재욱,P,0,1,도재욱,1,벤젠
ASL Season 2,24강,도재욱,P,이제동,Z,1,0,도재욱,1,서킷브레이커
ASL Season 2,24강,김규회,P,윤찬희,T,0,1,윤찬희,1,서킷브레이커
ASL Season 2,24강,윤찬희,T,이제동,Z,0,1,이제동,1,태풍의눈
ASL Season 2,24강,박성균,T,조일장,Z,0,1,조일장,1,벤젠
ASL Season 2,24강,변형태,T,최영현,P,1,0,변형태,1,벤젠
ASL Season 2,24강,변형태,T,조일장,Z,0,1,조일장,1,서킷브레이커
ASL Season 2,24강,박성균,T,최영현,P,1,0,박성균,1,서킷브레이커
ASL Season 2,24강,박성균,T,변형태,T,1,0,박성균,1,태풍의눈
ASL Season 2,16강,김승현,P,김윤중,P,1,0,김승현,1,데미안 2
ASL Season 2,16강,송병구,P,이재호,T,1,0,송병구,1,데미안 2
ASL Season 2,16강,김승현,P,송병구,P,0,1,송병구,1,벤젠
ASL Season 2,16강,김윤중,P,이재호,T,0,1,이재호,1,벤젠
ASL Season 2,16강,김승현,P,이재호,T,1,0,김승현,1,서킷브레이커
ASL Season 2,16강,박성균,T,조기석,T,1,0,박성균,1,데미안 2
ASL Season 2,16강,도재욱,P,이제동,Z,1,0,도재욱,1,데미안 2
ASL Season 2,16강,도재욱,P,박성균,T,1,0,도재욱,1,벤젠
ASL Season 2,16강,이제동,Z,조기석,T,1,0,이제동,1,벤젠
ASL Season 2,16강,박성균,T,이제동,Z,0,1,이제동,1,서킷브레이커
ASL Season 2,16강,김성현,T,유영진,T,1,0,김성현,1,데미안 2
ASL Season 2,16강,김택용,P,조일장,Z,1,0,김택용,1,데미안 2
ASL Season 2,16강,김성현,T,김택용,P,0,1,김택용,1,벤젠
ASL Season 2,16강,유영진,T,조일장,Z,0,1,조일장,1,벤젠
ASL Season 2,16강,김성현,T,조일장,Z,0,1,조일장,1,서킷브레이커
ASL Season 2,16강,염보성,T,이영호,T,0,1,이영호,1,데미안 2
ASL Season 2,16강,정윤종,P,진영화,P,0,1,진영화,1,데미안 2
ASL Season 2,16강,이영호,T,진영화,P,1,0,이영호,1,벤젠
ASL Season 2,16강,염보성,T,정윤종,P,1,0,염보성,1,벤젠
ASL Season 2,16강,염보성,T,진영화,P,1,0,염보성,1,서킷브레이커
ASL Season 2,8강,김택용,P,염보성,T,0,3,염보성,3,태풍의눈 | 데미안 2 | 서킷브레이커
ASL Season 2,8강,도재욱,P,조일장,Z,3,1,도재욱,4,서킷브레이커 | 태풍의눈 | 벤젠 | 데미안 2
ASL Season 2,8강,김승현,P,이영호,T,1,3,이영호,4,태풍의눈 | 서킷브레이커 | 데미안 2 | 벤젠
ASL Season 2,8강,송병구,P,이제동,Z,0,3,이제동,3,데미안 2 | 서킷브레이커 | 태풍의눈
ASL Season 2,4강,도재욱,P,염보성,T,2,3,염보성,5,태풍의눈 | 벤젠 | 서킷브레이커 | 데미안 2 | 태풍의눈
ASL Season 2,4강,이영호,T,이제동,Z,3,2,이영호,5,태풍의눈 | 서킷브레이커 | 데미안 2 | 벤젠 | 태풍의눈
ASL Season 2,결승전,염보성,T,이영호,T,1,3,이영호,4,데미안 2 | 벤젠 | 서킷브레이커 | 태풍의눈
ASL Season 3,24강,김윤중,P,문기호,Z,1,0,김윤중,1,카멜롯
ASL Season 3,24강,김민철,Z,윤찬희,T,0,1,윤찬희,1,카멜롯
ASL Season 3,24강,김윤중,P,윤찬희,T,0,1,윤찬희,1,서킷브레이커
ASL Season 3,24강,김민철,Z,문기호,Z,1,0,김민철,1,서킷브레이커
ASL Season 3,24강,김민철,Z,김윤중,P,1,0,김민철,1,아웃사이더 SE
ASL Season 3,24강,김정우,Z,장윤철,P,1,0,김정우,1,카멜롯
ASL Season 3,24강,윤용태,P,이영한,Z,0,1,이영한,1,카멜롯
ASL Season 3,24강,김정우,Z,이영한,Z,1,0,김정우,1,서킷브레이커
ASL Season 3,24강,윤용태,P,장윤철,P,0,1,장윤철,1,서킷브레이커
ASL Season 3,24강,이영한,Z,장윤철,P,1,0,이영한,1,아웃사이더 SE
ASL Season 3,24강,김택용,P,변현제,P,1,0,김택용,1,카멜롯
ASL Season 3,24강,김재훈,P,이재호,T,1,0,김재훈,1,카멜롯
ASL Season 3,24강,김재훈,P,김택용,P,0,1,김택용,1,서킷브레이커
ASL Season 3,24강,변현제,P,이재호,T,0,1,이재호,1,서킷브레이커
ASL Season 3,24강,김재훈,P,이재호,T,1,0,김재훈,1,아웃사이더 SE
ASL Season 3,24강,김기훈,P,조일장,Z,0,1,조일장,1,카멜롯
ASL Season 3,24강,정윤종,P,최호선,T,0,1,최호선,1,카멜롯
ASL Season 3,24강,조일장,Z,최호선,T,0,1,최호선,1,서킷브레이커
ASL Season 3,24강,김기훈,P,정윤종,P,0,1,정윤종,1,서킷브레이커
ASL Season 3,24강,정윤종,P,조일장,Z,0,1,조일장,1,아웃사이더 SE
ASL Season 3,24강,김경모,Z,김승현,P,1,0,김경모,1,카멜롯
ASL Season 3,24강,박지호,P,송병구,P,1,0,박지호,1,카멜롯
ASL Season 3,24강,김경모,Z,박지호,P,1,0,김경모,1,서킷브레이커
ASL Season 3,24강,김승현,P,송병구,P,1,0,김승현,1,서킷브레이커
ASL Season 3,24강,김승현,P,박지호,P,1,0,김승현,1,아웃사이더 SE
ASL Season 3,24강,고석현,Z,김성현,T,0,1,김성현,1,카멜롯
ASL Season 3,24강,임홍규,Z,진영화,P,1,0,임홍규,1,카멜롯
ASL Season 3,24강,김성현,T,임홍규,Z,1,0,김성현,1,서킷브레이커
ASL Season 3,24강,고석현,Z,진영화,P,1,0,고석현,1,서킷브레이커
ASL Season 3,24강,고석현,Z,임홍규,Z,1,0,고석현,1,아웃사이더 SE
ASL Season 3,16강,고석현,Z,이영호,T,0,1,이영호,1,안드로메다
ASL Season 3,16강,김경모,Z,이영한,Z,0,1,이영한,1,안드로메다
ASL Season 3,16강,이영한,Z,이영호,T,0,1,이영호,1,카멜롯
ASL Season 3,16강,고석현,Z,김경모,Z,1,0,고석현,1,카멜롯
ASL Season 3,16강,고석현,Z,이영한,Z,0,1,이영한,1,서킷브레이커
ASL Season 3,16강,김정우,Z,염보성,T,1,0,김정우,1,안드로메다
ASL Season 3,16강,김민철,Z,김택용,P,1,0,김민철,1,안드로메다
ASL Season 3,16강,김민철,Z,김정우,Z,1,0,김민철,1,카멜롯
ASL Season 3,16강,김택용,P,염보성,T,1,0,김택용,1,카멜롯
ASL Season 3,16강,김정우,Z,김택용,P,0,1,김택용,1,서킷브레이커
ASL Season 3,16강,도재욱,P,윤찬희,T,0,1,윤찬희,1,안드로메다
ASL Season 3,16강,김승현,P,김재훈,P,1,0,김승현,1,안드로메다
ASL Season 3,16강,김승현,P,윤찬희,T,0,1,윤찬희,1,카멜롯
ASL Season 3,16강,김재훈,P,도재욱,P,0,1,도재욱,1,카멜롯
ASL Season 3,16강,김승현,P,도재욱,P,0,1,도재욱,1,서킷브레이커
ASL Season 3,16강,이제동,Z,최호선,T,0,1,최호선,1,안드로메다
ASL Season 3,16강,김성현,T,조일장,Z,1,0,김성현,1,안드로메다
ASL Season 3,16강,김성현,T,최호선,T,0,1,최호선,1,카멜롯
ASL Season 3,16강,이제동,Z,조일장,Z,1,0,이제동,1,카멜롯
ASL Season 3,16강,김성현,T,이제동,Z,1,0,김성현,1,서킷브레이커
ASL Season 3,8강,김택용,P,최호선,T,3,2,김택용,5,아웃사이더 SE | 안드로메다 | 카멜롯 | 서킷브레이커 | 아웃사이더 SE
ASL Season 3,8강,윤찬희,T,이영한,Z,1,3,이영한,4,서킷브레이커 | 카멜롯 | 아웃사이더 SE | 안드로메다
ASL Season 3,8강,김민철,Z,도재욱,P,3,2,김민철,5,서킷브레이커 | 아웃사이더 SE | 카멜롯 | 안드로메다 | 서킷브레이커
ASL Season 3,8강,김성현,T,이영호,T,0,3,이영호,3,카멜롯 | 아웃사이더 SE | 안드로메다
ASL Season 3,4강,김택용,P,이영한,Z,1,3,이영한,4,서킷브레이커 | 안드로메다 | 카멜롯 | 아웃사이더 SE
ASL Season 3,4강,김민철,Z,이영호,T,2,3,이영호,5,서킷브레이커 | 카멜롯 | 아웃사이더 SE | 안드로메다 | 서킷브레이커
ASL Season 3,3-4위전,김민철,Z,김택용,P,1,3,김택용,4,서킷브레이커 | 아웃사이더 SE | 안드로메다 | 카멜롯
ASL Season 3,결승전,이영한,Z,이영호,T,0,3,이영호,3,서킷브레이커 | 카멜롯 | 안드로메다
ASL Season 4,24강,박준오,Z,하늘,P,1,0,박준오,1,골드러시
ASL Season 4,24강,이재호,T,임홍규,Z,0,1,임홍규,1,골드러시
ASL Season 4,24강,박준오,Z,임홍규,Z,1,0,박준오,1,크로싱필드
ASL Season 4,24강,이재호,T,하늘,P,1,0,이재호,1,크로싱필드
ASL Season 4,24강,이재호,T,임홍규,Z,0,1,임홍규,1,투혼
ASL Season 4,24강,김성현,T,한두열,Z,1,0,김성현,1,골드러시
ASL Season 4,24강,송병구,P,최호선,T,0,1,최호선,1,골드러시
ASL Season 4,24강,김성현,T,최호선,T,0,1,최호선,1,크로싱필드
ASL Season 4,24강,송병구,P,한두열,Z,1,0,송병구,1,크로싱필드
ASL Season 4,24강,김성현,T,송병구,P,0,1,송병구,1,투혼
ASL Season 4,24강,김기훈,P,김정우,Z,0,1,김정우,1,골드러시
ASL Season 4,24강,박성균,T,유영진,T,0,1,유영진,1,골드러시
ASL Season 4,24강,김정우,Z,유영진,T,1,0,김정우,1,크로싱필드
ASL Season 4,24강,김기훈,P,박성균,T,0,1,박성균,1,크로싱필드
ASL Season 4,24강,박성균,T,유영진,T,1,0,박성균,1,투혼
ASL Season 4,24강,김태영,T,도재욱,P,0,1,도재욱,1,골드러시
ASL Season 4,24강,윤찬희,T,정윤종,P,1,0,윤찬희,1,골드러시
ASL Season 4,24강,도재욱,P,윤찬희,T,0,1,윤찬희,1,크로싱필드
ASL Season 4,24강,김태영,T,정윤종,P,0,1,정윤종,1,크로싱필드
ASL Season 4,24강,도재욱,P,정윤종,P,0,1,정윤종,1,투혼
ASL Season 4,24강,김윤중,P,이성은,T,1,0,김윤중,1,골드러시
ASL Season 4,24강,장윤철,P,조일장,Z,0,1,조일장,1,골드러시
ASL Season 4,24강,김윤중,P,조일장,Z,1,0,김윤중,1,크로싱필드
ASL Season 4,24강,이성은,T,장윤철,P,0,1,장윤철,1,크로싱필드
ASL Season 4,24강,장윤철,P,조일장,Z,0,1,조일장,1,투혼
ASL Season 4,24강,변현제,P,조기석,T,0,1,조기석,1,골드러시
ASL Season 4,24강,구성훈,T,이제동,Z,0,1,이제동,1,골드러시
ASL Season 4,24강,이제동,Z,조기석,T,0,1,조기석,1,크로싱필드
ASL Season 4,24강,구성훈,T,변현제,P,0,1,변현제,1,크로싱필드
ASL Season 4,24강,변현제,P,이제동,Z,0,1,이제동,1,투혼
ASL Season 4,16강,박준오,Z,이영호,T,0,1,이영호,1,크로싱필드
ASL Season 4,16강,윤찬희,T,조기석,T,0,1,조기석,1,크로싱필드
ASL Season 4,16강,이영호,T,조기석,T,1,0,이영호,1,골드러시
ASL Season 4,16강,박준오,Z,윤찬희,T,1,0,박준오,1,골드러시
ASL Season 4,16강,박준오,Z,조기석,T,1,0,박준오,1,투혼
ASL Season 4,16강,이영한,Z,임홍규,Z,0,1,임홍규,1,크로싱필드
ASL Season 4,16강,김정우,Z,조일장,Z,1,0,김정우,1,크로싱필드
ASL Season 4,16강,김정우,Z,임홍규,Z,0,1,임홍규,1,골드러시
ASL Season 4,16강,이영한,Z,조일장,Z,0,1,조일장,1,골드러시
ASL Season 4,16강,김정우,Z,조일장,Z,0,1,조일장,1,투혼
ASL Season 4,16강,김택용,P,박성균,T,1,0,김택용,1,크로싱필드
ASL Season 4,16강,김윤중,P,최호선,T,1,0,김윤중,1,크로싱필드
ASL Season 4,16강,김윤중,P,김택용,P,0,1,김택용,1,골드러시
ASL Season 4,16강,박성균,T,최호선,T,1,0,박성균,1,골드러시
ASL Season 4,16강,김윤중,P,박성균,T,0,1,박성균,1,투혼
ASL Season 4,16강,김민철,Z,정윤종,P,1,0,김민철,1,크로싱필드
ASL Season 4,16강,송병구,P,이제동,Z,0,1,이제동,1,크로싱필드
ASL Season 4,16강,김민철,Z,이제동,Z,1,0,김민철,1,골드러시
ASL Season 4,16강,송병구,P,정윤종,P,0,1,정윤종,1,골드러시
ASL Season 4,16강,이제동,Z,정윤종,P,0,1,정윤종,1,투혼
ASL Season 4,8강,임홍규,Z,정윤종,P,3,1,임홍규,4,크로싱필드 | 글래디에이터 | 골드러시 | 투혼
ASL Season 4,8강,김민철,Z,조일장,Z,2,3,조일장,5,글래디에이터 | 투혼 | 크로싱필드 | 골드러시 | 글래디에이터
ASL Season 4,8강,김택용,P,박준오,Z,3,0,김택용,3,골드러시 | 크로싱필드 | 글래디에이터
ASL Season 4,8강,박성균,T,이영호,T,0,3,이영호,3,골드러시 | 크로싱필드 | 글래디에이터
ASL Season 4,4강,임홍규,Z,조일장,Z,2,3,조일장,5,골드러시 | 글래디에이터 | 투혼 | 크로싱필드 | 골드러시
ASL Season 4,4강,김택용,P,이영호,T,1,3,이영호,4,글래디에이터 | 투혼 | 크로싱필드 | 골드러시
ASL Season 4,3-4위전,김택용,P,임홍규,Z,3,1,김택용,4,투혼 | 크로싱필드 | 골드러시 | 글래디에이터
ASL Season 4,결승전,이영호,T,조일장,Z,3,1,이영호,4,크로싱필드 | 골드러시 | 글래디에이터 | 투혼
ASL Season 5,와일드카드,박준오,Z,정윤종,P,0,2,정윤종,2,글래디에이터 | 투혼
ASL Season 5,와일드카드,김민철,Z,박성균,T,2,0,김민철,2,매치포인트 | 서킷브레이커
ASL Season 5,와일드카드,김민철,Z,정윤종,P,1,3,정윤종,4,서킷브레이커 | 투혼 | 매치포인트 | 글래디에이터
ASL Season 5,24강,김윤중,P,하늘,P,0,1,하늘,1,스파클
ASL Season 5,24강,이영한,Z,이재호,T,1,0,이영한,1,스파클
ASL Season 5,24강,이영한,Z,하늘,P,1,0,이영한,1,트랜지스터
ASL Season 5,24강,김윤중,P,이재호,T,1,0,김윤중,1,트랜지스터
ASL Season 5,24강,김윤중,P,하늘,P,1,0,김윤중,1,글래디에이터
ASL Season 5,24강,김정우,Z,이경민,P,0,1,이경민,1,스파클
ASL Season 5,24강,김승현,P,송병구,P,0,1,송병구,1,스파클
ASL Season 5,24강,송병구,P,이경민,P,1,0,송병구,1,트랜지스터
ASL Season 5,24강,김승현,P,김정우,Z,0,1,김정우,1,트랜지스터
ASL Season 5,24강,김정우,Z,이경민,P,1,0,김정우,1,글래디에이터
ASL Season 5,24강,김윤환,Z,도재욱,P,1,0,김윤환,1,스파클
ASL Season 5,24강,박성균,T,유영진,T,1,0,박성균,1,스파클
ASL Season 5,24강,김윤환,Z,박성균,T,0,1,박성균,1,트랜지스터
ASL Season 5,24강,도재욱,P,유영진,T,1,0,도재욱,1,트랜지스터
ASL Season 5,24강,김윤환,Z,도재욱,P,0,1,도재욱,1,글래디에이터
ASL Season 5,24강,김성현,T,한두열,Z,0,1,한두열,1,스파클
ASL Season 5,24강,윤찬희,T,장윤철,P,0,1,장윤철,1,스파클
ASL Season 5,24강,장윤철,P,한두열,Z,0,1,한두열,1,트랜지스터
ASL Season 5,24강,김성현,T,윤찬희,T,1,0,김성현,1,트랜지스터
ASL Season 5,24강,김성현,T,장윤철,P,0,1,장윤철,1,글래디에이터
ASL Season 5,24강,김성대,Z,조기석,T,1,0,김성대,1,스파클
ASL Season 5,24강,김민철,Z,변현제,P,0,1,변현제,1,스파클
ASL Season 5,24강,김성대,Z,변현제,P,0,1,변현제,1,트랜지스터
ASL Season 5,24강,김민철,Z,조기석,T,1,0,김민철,1,트랜지스터
ASL Season 5,24강,김민철,Z,김성대,Z,0,1,김성대,1,글래디에이터
ASL Season 5,24강,박지호,P,염보성,T,0,1,염보성,1,스파클
ASL Season 5,24강,이제동,Z,진영화,P,1,0,이제동,1,스파클
ASL Season 5,24강,염보성,T,이제동,Z,0,1,이제동,1,트랜지스터
ASL Season 5,24강,박지호,P,진영화,P,0,1,진영화,1,트랜지스터
ASL Season 5,24강,염보성,T,진영화,P,0,1,진영화,1,글래디에이터
ASL Season 5,16강,박성균,T,이영호,T,0,1,이영호,1,트랜지스터
ASL Season 5,16강,이영한,Z,한두열,Z,1,0,이영한,1,트랜지스터
ASL Season 5,16강,이영한,Z,이영호,T,0,1,이영호,1,제3세계
ASL Season 5,16강,박성균,T,한두열,Z,1,0,박성균,1,제3세계
ASL Season 5,16강,박성균,T,이영한,Z,1,0,박성균,1,글래디에이터
ASL Season 5,16강,도재욱,P,조일장,Z,0,1,조일장,1,트랜지스터
ASL Season 5,16강,송병구,P,장윤철,P,0,1,장윤철,1,트랜지스터
ASL Season 5,16강,장윤철,P,조일장,Z,0,1,조일장,1,제3세계
ASL Season 5,16강,도재욱,P,송병구,P,1,0,도재욱,1,제3세계
ASL Season 5,16강,도재욱,P,장윤철,P,0,1,장윤철,1,글래디에이터
ASL Season 5,16강,이제동,Z,임홍규,Z,0,1,임홍규,1,트랜지스터
ASL Season 5,16강,김윤중,P,김정우,Z,1,0,김윤중,1,트랜지스터
ASL Season 5,16강,김윤중,P,임홍규,Z,1,0,김윤중,1,제3세계
ASL Season 5,16강,김정우,Z,이제동,Z,1,0,김정우,1,제3세계
ASL Season 5,16강,김정우,Z,임홍규,Z,0,1,임홍규,1,글래디에이터
ASL Season 5,16강,김성대,Z,정윤종,P,1,0,김성대,1,트랜지스터
ASL Season 5,16강,변현제,P,진영화,P,1,0,변현제,1,트랜지스터
ASL Season 5,16강,김성대,Z,변현제,P,0,1,변현제,1,제3세계
ASL Season 5,16강,정윤종,P,진영화,P,1,0,정윤종,1,제3세계
ASL Season 5,16강,김성대,Z,정윤종,P,0,1,정윤종,1,글래디에이터
ASL Season 5,8강,김윤중,P,정윤종,P,1,3,정윤종,4,트랜지스터 | 제3세계 | 글래디에이터 | 스파클
ASL Season 5,8강,박성균,T,조일장,Z,2,3,조일장,5,제3세계 | 트랜지스터 | 스파클 | 글래디에이터 | 제3세계
ASL Season 5,8강,변현제,P,임홍규,Z,3,0,변현제,3,제3세계 | 글래디에이터 | 스파클
ASL Season 5,8강,이영호,T,장윤철,P,2,3,장윤철,5,제3세계 | 스파클 | 글래디에이터 | 트랜지스터 | 제3세계
ASL Season 5,4강,정윤종,P,조일장,Z,3,1,정윤종,4,트랜지스터 | 제3세계 | 글래디에이터 | 스파클
ASL Season 5,4강,변현제,P,장윤철,P,1,3,장윤철,4,트랜지스터 | 글래디에이터 | 스파클 | 제3세계
ASL Season 5,3-4위전,변현제,P,조일장,Z,2,3,조일장,5,제3세계 | 스파클 | 트랜지스터 | 글래디에이터 | 제3세계
ASL Season 5,결승전,장윤철,P,정윤종,P,1,3,정윤종,4,제3세계 | 트랜지스터 | 글래디에이터 | 스파클
ASL Season 6,와일드카드,김윤중,P,박성균,T,2,1,김윤중,3,투혼 | 매치포인트 | 글래디에이터
ASL Season 6,와일드카드,박성균,T,이영호,T,1,2,이영호,3,매치포인트 | 글래디에이터 | 서킷브레이커
ASL Season 6,와일드카드,김윤중,P,이영호,T,0,2,이영호,2,서킷브레이커 | 매치포인트
ASL Season 6,24강,염보성,T,이경민,P,1,0,염보성,1,실피드
ASL Season 6,24강,박준오,Z,이제동,Z,0,1,이제동,1,실피드
ASL Season 6,24강,염보성,T,이제동,Z,0,1,이제동,1,아우토반
ASL Season 6,24강,박준오,Z,이경민,P,1,0,박준오,1,아우토반
ASL Season 6,24강,박준오,Z,염보성,T,0,1,염보성,1,서킷브레이커
ASL Season 6,24강,강태완,T,김윤중,P,0,1,김윤중,1,실피드
ASL Season 6,24강,이영한,Z,한두열,Z,1,0,이영한,1,실피드
ASL Season 6,24강,김윤중,P,이영한,Z,0,1,이영한,1,아우토반
ASL Season 6,24강,강태완,T,한두열,Z,0,1,한두열,1,아우토반
ASL Season 6,24강,김윤중,P,한두열,Z,1,0,김윤중,1,서킷브레이커
ASL Season 6,24강,박성균,T,이예훈,Z,1,0,박성균,1,실피드
ASL Season 6,24강,도재욱,P,진영화,P,1,0,도재욱,1,실피드
ASL Season 6,24강,도재욱,P,박성균,T,1,0,도재욱,1,아우토반
ASL Season 6,24강,이예훈,Z,진영화,P,0,1,진영화,1,아우토반
ASL Season 6,24강,박성균,T,진영화,P,1,0,박성균,1,서킷브레이커
ASL Season 6,24강,김성대,Z,김정우,Z,1,0,김성대,1,실피드
ASL Season 6,24강,송병구,P,윤찬희,T,0,1,윤찬희,1,실피드
ASL Season 6,24강,김성대,Z,윤찬희,T,1,0,김성대,1,아우토반
ASL Season 6,24강,김정우,Z,송병구,P,1,0,김정우,1,아우토반
ASL Season 6,24강,김정우,Z,윤찬희,T,1,0,김정우,1,서킷브레이커
ASL Season 6,24강,김성현,T,김윤환,Z,1,0,김성현,1,실피드
ASL Season 6,24강,김민철,Z,유영진,T,1,0,김민철,1,실피드
ASL Season 6,24강,김민철,Z,김성현,T,0,1,김성현,1,아우토반
ASL Season 6,24강,김윤환,Z,유영진,T,0,1,유영진,1,아우토반
ASL Season 6,24강,김민철,Z,유영진,T,1,0,김민철,1,서킷브레이커
ASL Season 6,24강,김승현,P,이재호,T,1,0,김승현,1,실피드
ASL Season 6,24강,김승현,P,조기석,T,0,1,조기석,1,아우토반
ASL Season 6,24강,김승현,P,이재호,T,0,1,이재호,1,서킷브레이커
ASL Season 6,16강,정윤종,P,조기석,T,0,1,조기석,1,네오 트랜지스터
ASL Season 6,16강,박성균,T,염보성,T,0,1,염보성,1,네오 트랜지스터
ASL Season 6,16강,염보성,T,조기석,T,0,1,조기석,1,실피드
ASL Season 6,16강,박성균,T,정윤종,P,0,1,정윤종,1,실피드
ASL Season 6,16강,염보성,T,정윤종,P,0,1,정윤종,1,서킷브레이커
ASL Season 6,16강,김윤중,P,장윤철,P,0,1,장윤철,1,네오 트랜지스터
ASL Season 6,16강,김민철,Z,김정우,Z,0,1,김정우,1,네오 트랜지스터
ASL Season 6,16강,김정우,Z,장윤철,P,1,0,김정우,1,실피드
ASL Season 6,16강,김민철,Z,김윤중,P,0,1,김윤중,1,실피드
ASL Season 6,16강,김윤중,P,장윤철,P,1,0,김윤중,1,서킷브레이커
ASL Season 6,16강,변현제,P,이영한,Z,1,0,변현제,1,네오 트랜지스터
ASL Season 6,16강,김성현,T,도재욱,P,1,0,김성현,1,네오 트랜지스터
ASL Season 6,16강,김성현,T,변현제,P,0,1,변현제,1,실피드
ASL Season 6,16강,도재욱,P,이영한,Z,1,0,도재욱,1,실피드
ASL Season 6,16강,김성현,T,도재욱,P,1,0,김성현,1,서킷브레이커
ASL Season 6,16강,이영호,T,이제동,Z,0,1,이제동,1,네오 트랜지스터
ASL Season 6,16강,김성대,Z,이재호,T,1,0,김성대,1,네오 트랜지스터
ASL Season 6,16강,김성대,Z,이제동,Z,1,0,김성대,1,실피드
ASL Season 6,16강,이영호,T,이재호,T,1,0,이영호,1,실피드
ASL Season 6,16강,이영호,T,이제동,Z,1,0,이영호,1,서킷브레이커
ASL Season 6,8강,김성현,T,조기석,T,3,0,김성현,3,아우토반 | 네오 트랜지스터 | 서킷브레이커
ASL Season 6,8강,김정우,Z,정윤종,P,3,1,김정우,4,서킷브레이커 | 실피드 | 아우토반 | 네오 트랜지스터
ASL Season 6,8강,김성대,Z,김윤중,P,2,3,김윤중,5,실피드 | 네오 트랜지스터 | 아우토반 | 서킷브레이커 | 실피드
ASL Season 6,8강,변현제,P,이영호,T,0,3,이영호,3,실피드 | 서킷브레이커 | 네오 트랜지스터
ASL Season 6,4강,김성현,T,김정우,Z,2,3,김정우,5,실피드 | 서킷브레이커 | 네오 트랜지스터 | 아우토반 | 실피드
ASL Season 6,4강,김윤중,P,이영호,T,0,3,이영호,3,서킷브레이커 | 아우토반 | 실피드
ASL Season 6,3-4위전,김성현,T,김윤중,P,3,0,김성현,3,아우토반 | 실피드 | 서킷브레이커
ASL Season 6,결승전,김정우,Z,이영호,T,3,2,김정우,5,아우토반 | 네오 트랜지스터 | 서킷브레이커 | 실피드 | 아우토반
ASL Season 7,와일드카드,정윤종,P,조기석,T,2,3,조기석,5,글래디에이터 | 폴라리스 랩소디 | 투혼 | 네오 트랜지스터 | 글래디에이터
ASL Season 7,와일드카드,김성대,Z,변현제,P,2,3,변현제,5,폴라리스 랩소디 | 투혼 | 네오 트랜지스터 | 글래디에이터 | 폴라리스 랩소디
ASL Season 7,24강,이윤열,T,임홍규,Z,0,1,임홍규,1,블록체인
ASL Season 7,24강,유영진,T,이경민,P,0,1,이경민,1,블록체인
ASL Season 7,24강,이경민,P,임홍규,Z,0,1,임홍규,1,화이트아웃
ASL Season 7,24강,유영진,T,이윤열,T,0,1,이윤열,1,화이트아웃
ASL Season 7,24강,이경민,P,이윤열,T,1,0,이경민,1,매치포인트
ASL Season 7,24강,장윤철,P,현지섭,T,1,0,장윤철,1,블록체인
ASL Season 7,24강,김성대,Z,임진묵,T,1,0,김성대,1,블록체인
ASL Season 7,24강,김성대,Z,장윤철,P,0,1,장윤철,1,화이트아웃
ASL Season 7,24강,임진묵,T,현지섭,T,1,0,임진묵,1,화이트아웃
ASL Season 7,24강,김성대,Z,임진묵,T,0,1,임진묵,1,매치포인트
ASL Season 7,24강,도재욱,P,서문지훈,Z,1,0,도재욱,1,블록체인
ASL Season 7,24강,윤찬희,T,이예훈,Z,0,1,이예훈,1,블록체인
ASL Season 7,24강,도재욱,P,이예훈,Z,1,0,도재욱,1,화이트아웃
ASL Season 7,24강,서문지훈,Z,윤찬희,T,0,1,윤찬희,1,화이트아웃
ASL Season 7,24강,윤찬희,T,이예훈,Z,0,1,이예훈,1,매치포인트
ASL Season 7,24강,김현우,Z,박성균,T,0,1,박성균,1,블록체인
ASL Season 7,24강,김경모,Z,이재호,T,1,0,김경모,1,블록체인
ASL Season 7,24강,김경모,Z,박성균,T,0,1,박성균,1,화이트아웃
ASL Season 7,24강,김현우,Z,이재호,T,1,0,김현우,1,화이트아웃
ASL Season 7,24강,김경모,Z,김현우,Z,0,1,김현우,1,매치포인트
ASL Season 7,24강,정영재,T,정윤종,P,0,1,정윤종,1,블록체인
ASL Season 7,24강,김윤환,Z,한두열,Z,1,0,김윤환,1,블록체인
ASL Season 7,24강,김윤환,Z,정윤종,P,0,1,정윤종,1,화이트아웃
ASL Season 7,24강,정영재,T,한두열,Z,0,1,한두열,1,화이트아웃
ASL Season 7,24강,김윤환,Z,한두열,Z,1,0,김윤환,1,매치포인트
ASL Season 7,24강,김민철,Z,박지훈,P,1,0,김민철,1,블록체인
ASL Season 7,24강,강태완,T,김승현,P,0,1,김승현,1,블록체인
ASL Season 7,24강,김민철,Z,김승현,P,1,0,김민철,1,화이트아웃
ASL Season 7,24강,강태완,T,박지훈,P,0,1,박지훈,1,화이트아웃
ASL Season 7,24강,김승현,P,박지훈,P,1,0,김승현,1,매치포인트
ASL Season 7,16강,김승현,P,김정우,Z,0,1,김정우,1,화이트아웃
ASL Season 7,16강,이경민,P,임진묵,T,1,0,이경민,1,화이트아웃
ASL Season 7,16강,김정우,Z,이경민,P,1,0,김정우,1,네오 실피드
ASL Season 7,16강,김승현,P,임진묵,T,1,0,김승현,1,네오 실피드
ASL Season 7,16강,김승현,P,이경민,P,0,1,이경민,1,블록체인
ASL Season 7,16강,김성현,T,김윤환,Z,0,1,김윤환,1,화이트아웃
ASL Season 7,16강,김민철,Z,장윤철,P,0,1,장윤철,1,화이트아웃
ASL Season 7,16강,김윤환,Z,장윤철,P,1,0,김윤환,1,네오 실피드
ASL Season 7,16강,김민철,Z,김성현,T,0,1,김성현,1,네오 실피드
ASL Season 7,16강,김성현,T,장윤철,P,1,0,김성현,1,블록체인
ASL Season 7,16강,박성균,T,조기석,T,0,1,조기석,1,화이트아웃
ASL Season 7,16강,김현우,Z,도재욱,P,0,1,도재욱,1,화이트아웃
ASL Season 7,16강,도재욱,P,조기석,T,0,1,조기석,1,네오 실피드
ASL Season 7,16강,김현우,Z,박성균,T,0,1,박성균,1,네오 실피드
ASL Season 7,16강,도재욱,P,박성균,T,0,1,박성균,1,블록체인
ASL Season 7,16강,변현제,P,임홍규,Z,0,1,임홍규,1,화이트아웃
ASL Season 7,16강,이예훈,Z,정윤종,P,0,1,정윤종,1,화이트아웃
ASL Season 7,16강,임홍규,Z,정윤종,P,0,1,정윤종,1,네오 실피드
ASL Season 7,16강,변현제,P,이예훈,Z,1,0,변현제,1,네오 실피드
ASL Season 7,16강,변현제,P,임홍규,Z,1,0,변현제,1,블록체인
ASL Season 7,8강,김윤환,Z,변현제,P,1,3,변현제,4,네오 실피드 | 화이트아웃 | 매치포인트 | 블록체인
ASL Season 7,8강,김정우,Z,박성균,T,3,1,김정우,4,매치포인트 | 화이트아웃 | 블록체인 | 네오 실피드
ASL Season 7,8강,김성현,T,조기석,T,3,2,김성현,5,화이트아웃 | 블록체인 | 네오 실피드 | 매치포인트 | 화이트아웃
ASL Season 7,8강,이경민,P,정윤종,P,0,3,정윤종,3,화이트아웃 | 매치포인트 | 블록체인
ASL Season 7,4강,김정우,Z,변현제,P,2,3,변현제,5,네오 실피드 | 매치포인트 | 화이트아웃 | 블록체인 | 네오 실피드
ASL Season 7,4강,김성현,T,정윤종,P,3,2,김성현,5,블록체인 | 화이트아웃 | 네오 실피드 | 매치포인트 | 블록체인
ASL Season 7,3-4위전,김정우,Z,정윤종,P,3,0,김정우,3,매치포인트 | 네오 실피드 | 화이트아웃
ASL Season 7,결승전,김성현,T,변현제,P,3,1,김성현,4,네오 실피드 | 매치포인트 | 화이트아웃 | 블록체인
ASL Season 8,와일드카드,김윤환,Z,조기석,T,2,1,김윤환,3,네오 그라운드제로 | 블록체인 SE | 네오 실피드
ASL Season 8,와일드카드,이경민,P,조기석,T,2,0,이경민,2,네오 실피드 | 오버워치(2)
ASL Season 8,와일드카드,김윤환,Z,이경민,P,0,2,이경민,2,오버워치(2) | 네오 그라운드제로
ASL Season 8,24강,박상현,Z,이영호,T,0,1,이영호,1,멀티버스
ASL Season 8,24강,김승현,P,이예훈,Z,0,1,이예훈,1,멀티버스
ASL Season 8,24강,이영호,T,이예훈,Z,0,1,이예훈,1,네오 실피드
ASL Season 8,24강,김승현,P,박상현,Z,0,1,박상현,1,네오 실피드
ASL Season 8,24강,박상현,Z,이영호,T,0,1,이영호,1,네오 그라운드제로
ASL Season 8,24강,김범수,P,임홍규,Z,0,1,임홍규,1,멀티버스
ASL Season 8,24강,유영진,T,윤찬희,T,1,0,유영진,1,멀티버스
ASL Season 8,24강,유영진,T,임홍규,Z,1,0,유영진,1,네오 실피드
ASL Season 8,24강,김범수,P,윤찬희,T,1,0,김범수,1,네오 실피드
ASL Season 8,24강,김범수,P,임홍규,Z,0,1,임홍규,1,네오 그라운드제로
ASL Season 8,24강,서문지훈,Z,장윤철,P,1,0,서문지훈,1,멀티버스
ASL Season 8,24강,김재훈,P,이제동,Z,0,1,이제동,1,멀티버스
ASL Season 8,24강,서문지훈,Z,이제동,Z,1,0,서문지훈,1,네오 실피드
ASL Season 8,24강,김재훈,P,장윤철,P,0,1,장윤철,1,네오 실피드
ASL Season 8,24강,이제동,Z,장윤철,P,0,1,장윤철,1,네오 그라운드제로
ASL Season 8,24강,김민철,Z,김태영,T,1,0,김민철,1,멀티버스
ASL Season 8,24강,김성대,Z,임진묵,T,1,0,김성대,1,멀티버스
ASL Season 8,24강,김민철,Z,김성대,Z,0,1,김성대,1,네오 실피드
ASL Season 8,24강,김태영,T,임진묵,T,1,0,김태영,1,네오 실피드
ASL Season 8,24강,김민철,Z,김태영,T,1,0,김민철,1,네오 그라운드제로
ASL Season 8,24강,박재혁,Z,조기석,T,0,1,조기석,1,멀티버스
ASL Season 8,24강,김윤환,Z,송병구,P,0,1,송병구,1,멀티버스
ASL Season 8,24강,송병구,P,조기석,T,1,0,송병구,1,네오 실피드
ASL Season 8,24강,김윤환,Z,박재혁,Z,0,1,박재혁,1,네오 실피드
ASL Season 8,24강,박재혁,Z,조기석,T,0,1,조기석,1,네오 그라운드제로
ASL Season 8,24강,도재욱,P,정영재,T,1,0,도재욱,1,멀티버스
ASL Season 8,24강,이재호,T,한두열,Z,1,0,이재호,1,멀티버스
ASL Season 8,24강,도재욱,P,이재호,T,1,0,도재욱,1,네오 실피드
ASL Season 8,24강,정영재,T,한두열,Z,1,0,정영재,1,네오 실피드
ASL Season 8,24강,이재호,T,정영재,T,1,0,이재호,1,네오 그라운드제로
ASL Season 8,16강,김성현,T,유영진,T,1,0,김성현,1,트라이포드
ASL Season 8,16강,서문지훈,Z,조기석,T,0,1,조기석,1,트라이포드
ASL Season 8,16강,김성현,T,조기석,T,2,0,김성현,2,네오 실피드 | 오버워치(2)
ASL Season 8,16강,서문지훈,Z,유영진,T,0,2,유영진,2,블록체인 SE | 멀티버스
ASL Season 8,16강,유영진,T,조기석,T,1,2,조기석,3,네오 실피드 | 오버워치(2) | 멀티버스
ASL Season 8,16강,변현제,P,임홍규,Z,0,1,임홍규,1,트라이포드
ASL Season 8,16강,김성대,Z,이재호,T,1,0,김성대,1,트라이포드
ASL Season 8,16강,김성대,Z,임홍규,Z,2,1,김성대,3,블록체인 SE | 네오 실피드 | 멀티버스
ASL Season 8,16강,변현제,P,이재호,T,0,2,이재호,2,오버워치(2) | 네오 그라운드제로
ASL Season 8,16강,이재호,T,임홍규,Z,2,0,이재호,2,신 피의능선 | 오버워치(2)
ASL Season 8,16강,장윤철,P,정윤종,P,0,1,정윤종,1,트라이포드
ASL Season 8,16강,도재욱,P,송병구,P,1,0,도재욱,1,트라이포드
ASL Season 8,16강,도재욱,P,정윤종,P,0,2,정윤종,2,블록체인 SE | 네오 실피드
ASL Season 8,16강,송병구,P,장윤철,P,1,2,장윤철,3,네오 실피드 | 오버워치(2) | 멀티버스
ASL Season 8,16강,도재욱,P,장윤철,P,0,2,장윤철,2,오버워치(2) | 블록체인 SE
ASL Season 8,16강,이경민,P,이예훈,Z,0,1,이예훈,1,트라이포드
ASL Season 8,16강,김민철,Z,이영호,T,0,1,이영호,1,트라이포드
ASL Season 8,16강,이영호,T,이예훈,Z,2,0,이영호,2,네오 실피드 | 신 피의능선
ASL Season 8,16강,김민철,Z,이경민,P,2,0,김민철,2,오버워치(2) | 네오 그라운드제로
ASL Season 8,16강,김민철,Z,이예훈,Z,0,2,이예훈,2,네오 실피드 | 네오 그라운드제로
ASL Season 8,8강,김성현,T,장윤철,P,0,3,장윤철,3,네오 실피드 | 신 피의능선 | 블록체인 SE
ASL Season 8,8강,김성대,Z,조기석,T,3,2,김성대,5,트라이포드 | 네오 그라운드제로 | 네오 실피드 | 신 피의능선 | 블록체인 SE
ASL Season 8,8강,이영호,T,이재호,T,3,1,이영호,4,오버워치(2) | 트라이포드 | 블록체인 SE | 네오 그라운드제로
ASL Season 8,8강,이예훈,Z,정윤종,P,0,3,정윤종,3,오버워치(2) | 네오 그라운드제로 | 네오 실피드
ASL Season 8,4강,김성대,Z,장윤철,P,1,3,장윤철,4,신 피의능선 | 네오 실피드 | 오버워치(2) | 트라이포드
ASL Season 8,4강,이영호,T,정윤종,P,3,0,이영호,3,네오 실피드 | 블록체인 SE | 오버워치(2)
ASL Season 8,3-4위전,김성대,Z,정윤종,P,1,3,정윤종,4,네오 실피드 | 오버워치(2) | 네오 그라운드제로 | 트라이포드
ASL Season 8,결승전,이영호,T,장윤철,P,4,0,이영호,4,멀티버스 | 네오 실피드 | 트라이포드 | 신 피의능선
ASL Season 9,와일드카드,이예훈,Z,이재호,T,0,2,이재호,2,화이트아웃 | 투혼
ASL Season 9,와일드카드,이재호,T,조기석,T,0,2,조기석,2,매치포인트 | 네오 실피드
ASL Season 9,와일드카드,이예훈,Z,조기석,T,1,2,조기석,3,네오 실피드 | 투혼 | 매치포인트
ASL Season 9,24강,김택용,P,유진우,Z,1,0,김택용,1,이너코븐
ASL Season 9,24강,김태영,T,이경민,P,0,1,이경민,1,이너코븐
ASL Season 9,24강,김택용,P,이경민,P,0,1,이경민,1,에스컬레이드
ASL Season 9,24강,김태영,T,유진우,Z,1,0,김태영,1,에스컬레이드
ASL Season 9,24강,김태영,T,김택용,P,0,1,김택용,1,네오 실피드
ASL Season 9,24강,윤수철,P,임홍규,Z,0,1,임홍규,1,이너코븐
ASL Season 9,24강,송병구,P,정영재,T,1,0,송병구,1,이너코븐
ASL Season 9,24강,송병구,P,임홍규,Z,1,0,송병구,1,에스컬레이드
ASL Season 9,24강,윤수철,P,정영재,T,1,0,윤수철,1,에스컬레이드
ASL Season 9,24강,윤수철,P,임홍규,Z,0,1,임홍규,1,네오 실피드
ASL Season 9,24강,김민철,Z,원지훈,P,1,0,김민철,1,이너코븐
ASL Season 9,24강,윤찬희,T,이성은,T,1,0,윤찬희,1,이너코븐
ASL Season 9,24강,김민철,Z,윤찬희,T,1,0,김민철,1,에스컬레이드
ASL Season 9,24강,원지훈,P,이성은,T,1,0,원지훈,1,에스컬레이드
ASL Season 9,24강,원지훈,P,윤찬희,T,0,1,윤찬희,1,네오 실피드
ASL Season 9,24강,박성균,T,손경훈,P,0,1,손경훈,1,이너코븐
ASL Season 9,24강,박지수,T,이재호,T,0,1,이재호,1,이너코븐
ASL Season 9,24강,손경훈,P,이재호,T,1,0,손경훈,1,에스컬레이드
ASL Season 9,24강,박성균,T,박지수,T,0,1,박지수,1,에스컬레이드
ASL Season 9,24강,박지수,T,이재호,T,0,1,이재호,1,네오 실피드
ASL Season 9,24강,김지성,T,도재욱,P,0,1,도재욱,1,이너코븐
ASL Season 9,24강,박상현,Z,박준오,Z,1,0,박상현,1,이너코븐
ASL Season 9,24강,도재욱,P,박상현,Z,0,1,박상현,1,에스컬레이드
ASL Season 9,24강,김지성,T,박준오,Z,1,0,김지성,1,에스컬레이드
ASL Season 9,24강,김지성,T,도재욱,P,0,1,도재욱,1,네오 실피드
ASL Season 9,24강,변현제,P,황병영,T,0,1,황병영,1,이너코븐
ASL Season 9,24강,김명운,Z,유영진,T,0,1,유영진,1,이너코븐
ASL Season 9,24강,유영진,T,황병영,T,0,1,황병영,1,에스컬레이드
ASL Season 9,24강,김명운,Z,변현제,P,1,0,김명운,1,에스컬레이드
ASL Season 9,24강,김명운,Z,유영진,T,1,0,김명운,1,네오 실피드
ASL Season 9,16강,윤찬희,T,이영호,T,0,1,이영호,1,호라이즌 달 기지
ASL Season 9,16강,이재호,T,황병영,T,1,0,이재호,1,호라이즌 달 기지
ASL Season 9,16강,이영호,T,이재호,T,2,0,이영호,2,에스컬레이드 | 매치포인트
ASL Season 9,16강,윤찬희,T,황병영,T,2,0,윤찬희,2,에스컬레이드 | 매치포인트
ASL Season 9,16강,윤찬희,T,이재호,T,0,2,이재호,2,폴리포이드 | 이너코븐
ASL Season 9,16강,송병구,P,장윤철,P,1,0,송병구,1,호라이즌 달 기지
ASL Season 9,16강,이경민,P,임홍규,Z,0,1,임홍규,1,호라이즌 달 기지
ASL Season 9,16강,송병구,P,임홍규,Z,2,1,송병구,3,에스컬레이드 | 이너코븐 | 매치포인트
ASL Season 9,16강,이경민,P,장윤철,P,0,2,장윤철,2,히치하이커 | 에스컬레이드
ASL Season 9,16강,임홍규,Z,장윤철,P,2,1,임홍규,3,폴리포이드 | 매치포인트 | 에스컬레이드
ASL Season 9,16강,김성대,Z,손경훈,P,1,0,김성대,1,호라이즌 달 기지
ASL Season 9,16강,김민철,Z,박상현,Z,0,1,박상현,1,호라이즌 달 기지
ASL Season 9,16강,김성대,Z,박상현,Z,1,2,박상현,3,매치포인트 | 네오 실피드 | 폴리포이드
ASL Season 9,16강,김민철,Z,손경훈,P,1,2,손경훈,3,히치하이커 | 네오 실피드 | 폴리포이드
ASL Season 9,16강,김성대,Z,손경훈,P,2,0,김성대,2,네오 실피드 | 매치포인트
ASL Season 9,16강,도재욱,P,조기석,T,1,0,도재욱,1,호라이즌 달 기지
ASL Season 9,16강,김명운,Z,김택용,P,1,0,김명운,1,호라이즌 달 기지
ASL Season 9,16강,김명운,Z,도재욱,P,2,0,김명운,2,폴리포이드 | 네오 실피드
ASL Season 9,16강,김택용,P,조기석,T,2,1,김택용,3,네오 실피드 | 매치포인트 | 폴리포이드
ASL Season 9,16강,김택용,P,도재욱,P,2,1,김택용,3,폴리포이드 | 히치하이커 | 네오 실피드
ASL Season 9,8강,김성대,Z,이영호,T,2,3,이영호,5,호라이즌 달 기지 | 에스컬레이드 | 네오 실피드 | 매치포인트 | 히치하이커
ASL Season 9,8강,김명운,Z,임홍규,Z,3,2,김명운,5,에스컬레이드 | 호라이즌 달 기지 | 네오 실피드 | 폴리포이드 | 이너코븐
ASL Season 9,8강,송병구,P,이재호,T,2,3,이재호,5,호라이즌 달 기지 | 매치포인트 | 네오 실피드 | 이너코븐 | 폴리포이드
ASL Season 9,8강,김택용,P,박상현,Z,2,3,박상현,5,폴리포이드 | 매치포인트 | 에스컬레이드 | 히치하이커 | 네오 실피드
ASL Season 9,4강,김명운,Z,이영호,T,3,2,김명운,5,매치포인트 | 호라이즌 달 기지 | 폴리포이드 | 네오 실피드 | 히치하이커
ASL Season 9,4강,박상현,Z,이재호,T,1,3,이재호,4,매치포인트 | 네오 실피드 | 에스컬레이드 | 폴리포이드
ASL Season 9,3-4위전,박상현,Z,이영호,T,0,3,이영호,3,네오 실피드 | 히치하이커 | 호라이즌 달 기지
ASL Season 9,결승전,김명운,Z,이재호,T,4,1,김명운,5,호라이즌 달 기지 | 네오 실피드 | 히치하이커 | 매치포인트 | 이너코븐
ASL Season 10,24강,김택용,P,신상문,T,0,1,신상문,1,링잉 블룸
ASL Season 10,24강,이영한,Z,정영재,T,0,1,정영재,1,링잉 블룸
ASL Season 10,24강,신상문,T,정영재,T,1,0,신상문,1,이클립스
ASL Season 10,24강,김택용,P,이영한,Z,1,0,김택용,1,이클립스
ASL Season 10,24강,김택용,P,정영재,T,0,1,정영재,1,폴리포이드
ASL Season 10,24강,윤진규,Z,장윤철,P,0,1,장윤철,1,링잉 블룸
ASL Season 10,24강,김민철,Z,최호선,T,1,0,김민철,1,링잉 블룸
ASL Season 10,24강,김민철,Z,장윤철,P,1,0,김민철,1,이클립스
ASL Season 10,24강,윤진규,Z,최호선,T,1,0,윤진규,1,이클립스
ASL Season 10,24강,윤진규,Z,장윤철,P,0,1,장윤철,1,폴리포이드
ASL Season 10,24강,김윤중,P,황병영,T,1,0,김윤중,1,링잉 블룸
ASL Season 10,24강,도재욱,P,이예훈,Z,1,0,도재욱,1,링잉 블룸
ASL Season 10,24강,김윤중,P,도재욱,P,1,0,김윤중,1,이클립스
ASL Season 10,24강,이예훈,Z,황병영,T,1,0,이예훈,1,이클립스
ASL Season 10,24강,도재욱,P,이예훈,Z,1,0,도재욱,1,폴리포이드
ASL Season 10,24강,김지성,T,변현제,P,0,1,변현제,1,링잉 블룸
ASL Season 10,24강,박준오,Z,조일장,Z,0,1,조일장,1,링잉 블룸
ASL Season 10,24강,변현제,P,조일장,Z,0,1,조일장,1,이클립스
ASL Season 10,24강,김지성,T,박준오,Z,1,0,김지성,1,이클립스
ASL Season 10,24강,김지성,T,변현제,P,0,1,변현제,1,폴리포이드
ASL Season 10,24강,김범수,P,임홍규,Z,0,1,임홍규,1,링잉 블룸
ASL Season 10,24강,송병구,P,유영진,T,0,1,유영진,1,링잉 블룸
ASL Season 10,24강,유영진,T,임홍규,Z,1,0,유영진,1,이클립스
ASL Season 10,24강,김범수,P,송병구,P,0,1,송병구,1,이클립스
ASL Season 10,24강,송병구,P,임홍규,Z,0,1,임홍규,1,폴리포이드
ASL Season 10,24강,유진우,Z,조기석,T,1,0,유진우,1,링잉 블룸
ASL Season 10,24강,김성대,Z,윤용태,P,1,0,김성대,1,링잉 블룸
ASL Season 10,24강,김성대,Z,유진우,Z,1,0,김성대,1,이클립스
ASL Season 10,24강,윤용태,P,조기석,T,1,0,윤용태,1,이클립스
ASL Season 10,24강,유진우,Z,윤용태,P,0,1,윤용태,1,폴리포이드
ASL Season 10,16강,김명운,Z,신상문,T,1,0,김명운,1,샤쿠러스 템플
ASL Season 10,16강,유영진,T,정영재,T,0,1,정영재,1,샤쿠러스 템플
ASL Season 10,16강,김명운,Z,정영재,T,2,1,김명운,3,옵티마이저 | 이클립스 | 벤젠
ASL Season 10,16강,신상문,T,유영진,T,0,2,유영진,2,이클립스 | 폴리포이드
ASL Season 10,16강,유영진,T,정영재,T,2,1,유영진,3,폴리포이드 | 링잉 블룸 | 옵티마이저
ASL Season 10,16강,도재욱,P,이재호,T,0,1,이재호,1,샤쿠러스 템플
ASL Season 10,16강,김성대,Z,임홍규,Z,0,1,임홍규,1,샤쿠러스 템플
ASL Season 10,16강,이재호,T,임홍규,Z,0,2,임홍규,2,링잉 블룸 | 옵티마이저
ASL Season 10,16강,김성대,Z,도재욱,P,0,2,도재욱,2,플라즈마 | 벤젠
ASL Season 10,16강,도재욱,P,이재호,T,2,1,도재욱,3,벤젠 | 이클립스 | 링잉 블룸
ASL Season 10,16강,윤용태,P,이영호,T,0,1,이영호,1,샤쿠러스 템플
ASL Season 10,16강,장윤철,P,조일장,Z,1,0,장윤철,1,샤쿠러스 템플
ASL Season 10,16강,이영호,P,장윤철,P,2,0,이영호,2,이클립스 | 옵티마이저
ASL Season 10,16강,윤용태,P,조일장,Z,2,1,윤용태,3,옵티마이저 | 폴리포이드 | 링잉 블룸
ASL Season 10,16강,윤용태,P,장윤철,P,1,2,장윤철,3,링잉 블룸 | 이클립스 | 옵티마이저
ASL Season 10,16강,박상현,Z,변현제,P,1,0,박상현,1,샤쿠러스 템플
ASL Season 10,16강,김민철,Z,김윤중,P,0,1,김윤중,1,샤쿠러스 템플
ASL Season 10,16강,김윤중,P,박상현,Z,0,2,박상현,2,링잉 블룸 | 이클립스
ASL Season 10,16강,김민철,Z,변현제,P,2,1,김민철,3,옵티마이저 | 링잉 블룸 | 벤젠
ASL Season 10,16강,김민철,Z,김윤중,P,2,0,김민철,2,이클립스 | 링잉 블룸
ASL Season 10,8강,유영진,T,이영호,T,0,3,이영호,3,플라즈마 | 이클립스 | 링잉 블룸
ASL Season 10,8강,박상현,Z,장윤철,P,3,0,박상현,3,벤젠 | 플라즈마 | 샤쿠러스 템플
ASL Season 10,8강,김민철,Z,임홍규,Z,1,3,임홍규,4,폴리포이드 | 이클립스 | 샤쿠러스 템플 | 벤젠
ASL Season 10,8강,김명운,Z,도재욱,P,3,0,김명운,3,폴리포이드 | 플라즈마 | 벤젠
ASL Season 10,4강,박상현,Z,이영호,Z,4,2,박상현,6,플라즈마 | 벤젠 | 옵티마이저 | 이클립스 | 링잉 블룸 | 폴리포이드
ASL Season 10,4강,김명운,Z,임홍규,Z,4,1,김명운,5,벤젠 | 폴리포이드 | 옵티마이저 | 샤쿠러스 템플 | 이클립스
ASL Season 10,3-4위전,이영호,T,임홍규,Z,3,0,이영호,3,이클립스 | 플라즈마 | 폴리포이드
ASL Season 10,결승전,김명운,Z,박상현,Z,4,3,김명운,7,플라즈마 | 벤젠 | 폴리포이드 | 샤쿠러스 템플 | 이클립스 | 링잉 블룸 | 옵티마이저
ASL Season 11,와일드카드,김민철,Z,장윤철,P,2,0,김민철,2,폴리포이드 | 이클립스
ASL Season 11,와일드카드,도재욱,P,유영진,T,1,2,유영진,3,폴리포이드 | 벤젠 | 이클립스
ASL Season 11,와일드카드,김민철,Z,유영진,T,1,2,유영진,3,폴리포이드 | 이클립스 | 샤쿠러스 템플
ASL Season 11,24강,김정우,Z,원지훈,P,1,0,김정우,1,이클립스
ASL Season 11,24강,조일장,Z,황병영,T,1,0,조일장,1,이클립스
ASL Season 11,24강,김정우,Z,조일장,Z,0,1,조일장,1,어센션
ASL Season 11,24강,원지훈,P,황병영,T,1,0,원지훈,1,얼티메이트 스트림
ASL Season 11,24강,김정우,Z,원지훈,P,1,0,김정우,1,폴리포이드
ASL Season 11,24강,윤수철,P,이재호,T,0,1,이재호,1,이클립스
ASL Season 11,24강,김지성,T,이영한,Z,1,0,김지성,1,이클립스
ASL Season 11,24강,김지성,T,이재호,T,1,0,김지성,1,히든트랙
ASL Season 11,24강,윤수철,P,이영한,Z,0,1,이영한,1,어센션
ASL Season 11,24강,이영한,Z,이재호,T,0,1,이재호,1,폴리포이드
ASL Season 11,24강,도재욱,P,이영웅,T,1,0,도재욱,1,이클립스
ASL Season 11,24강,김성대,Z,정영재,T,0,1,정영재,1,이클립스
ASL Season 11,24강,도재욱,P,정영재,T,0,1,정영재,1,얼티메이트 스트림
ASL Season 11,24강,김성대,Z,이영웅,T,1,0,김성대,1,어센션
ASL Season 11,24강,김성대,Z,도재욱,P,0,1,도재욱,1,폴리포이드
ASL Season 11,24강,유승곤,T,장윤철,P,0,1,장윤철,1,이클립스
ASL Season 11,24강,김윤중,P,최호선,T,1,0,김윤중,1,이클립스
ASL Season 11,24강,김윤중,P,장윤철,P,0,1,장윤철,1,히든트랙
ASL Season 11,24강,유승곤,T,최호선,T,0,1,최호선,1,어센션
ASL Season 11,24강,김윤중,P,최호선,T,1,0,김윤중,1,폴리포이드
ASL Season 11,24강,김경모,Z,조기석,T,0,1,조기석,1,이클립스
ASL Season 11,24강,김택용,P,임진묵,T,1,0,김택용,1,이클립스
ASL Season 11,24강,김택용,P,조기석,T,0,1,조기석,1,히든트랙
ASL Season 11,24강,김경모,Z,임진묵,T,0,1,임진묵,1,히든트랙
ASL Season 11,24강,김택용,P,임진묵,T,1,0,김택용,1,폴리포이드
ASL Season 11,24강,배호연,T,변현제,P,0,1,변현제,1,이클립스
ASL Season 11,24강,윤찬희,T,한두열,Z,1,0,윤찬희,1,이클립스
ASL Season 11,24강,변현제,P,윤찬희,T,0,1,윤찬희,1,얼티메이트 스트림
ASL Season 11,24강,배호연,T,한두열,Z,0,1,한두열,1,어센션
ASL Season 11,24강,변현제,P,한두열,Z,1,0,변현제,1,투혼
ASL Season 11,16강,김명운,Z,윤찬희,T,1,0,김명운,1,폴리포이드
ASL Season 11,16강,김윤중,P,변현제,P,0,1,변현제,1,폴리포이드
ASL Season 11,16강,김명운,Z,변현제,P,1,2,변현제,3,폴라리스 랩소디 | 어센션 | 얼티메이트 스트림
ASL Season 11,16강,김윤중,P,윤찬희,T,2,1,김윤중,3,어센션 | 투혼 | 얼티메이트 스트림
ASL Season 11,16강,김명운,Z,김윤중,P,2,1,김명운,3,얼티메이트 스트림 | 이클립스 | 투혼
ASL Season 11,16강,박상현,Z,정영재,T,0,1,정영재,1,폴리포이드
ASL Season 11,16강,도재욱,P,조기석,T,0,1,조기석,1,폴리포이드
ASL Season 11,16강,정영재,T,조기석,T,2,1,정영재,3,이클립스 | 투혼 | 폴라리스 랩소디
ASL Season 11,16강,도재욱,P,박상현,Z,2,0,도재욱,2,어센션 | 폴라리스 랩소디
ASL Season 11,16강,도재욱,P,조기석,T,2,1,도재욱,3,어센션 | 히든트랙 | 이클립스
ASL Season 11,16강,김택용,P,임홍규,Z,0,1,임홍규,1,폴리포이드
ASL Season 11,16강,김정우,Z,장윤철,P,0,1,장윤철,1,폴리포이드
ASL Season 11,16강,임홍규,Z,장윤철,P,2,1,임홍규,3,어센션 | 얼티메이트 스트림 | 폴라리스 랩소디
ASL Season 11,16강,김정우,Z,김택용,P,0,2,김택용,2,이클립스 | 폴라리스 랩소디
ASL Season 11,16강,김택용,P,장윤철,P,0,2,장윤철,2,히든트랙 | 폴라리스 랩소디
ASL Season 11,16강,김지성,T,유영진,T,0,1,유영진,1,폴리포이드
ASL Season 11,16강,이재호,T,조일장,Z,0,1,조일장,1,폴리포이드
ASL Season 11,16강,유영진,T,조일장,Z,0,2,조일장,2,히든트랙 | 투혼
ASL Season 11,16강,김지성,T,이재호,T,0,2,이재호,2,히든트랙 | 폴라리스 랩소디
ASL Season 11,16강,유영진,T,이재호,T,2,1,유영진,3,이클립스 | 투혼 | 히든트랙
ASL Season 11,8강,도재욱,P,변현제,P,0,3,변현제,3,어센션 | 얼티메이트 스트림 | 폴리포이드
ASL Season 11,8강,김명운,Z,정영재,T,3,0,김명운,3,이클립스 | 폴리포이드 | 투혼
ASL Season 11,8강,장윤철,P,조일장,Z,1,3,조일장,4,히든트랙 | 어센션 | 얼티메이트 스트림 | 이클립스
ASL Season 11,8강,유영진,T,임홍규,Z,2,3,임홍규,5,얼티메이트 스트림 | 이클립스 | 어센션 | 투혼 | 폴라리스 랩소디
ASL Season 11,4강,김명운,Z,변현제,P,1,4,변현제,5,히든트랙 | 투혼 | 폴리포이드 | 이클립스 | 어센션
ASL Season 11,4강,임홍규,Z,조일장,Z,4,0,임홍규,4,히든트랙 | 투혼 | 얼티메이트 스트림 | 어센션
ASL Season 11,3-4위전,김명운,Z,조일장,Z,2,3,조일장,5,폴라리스 랩소디 | 이클립스 | 히든트랙 | 폴리포이드 | 어센션
ASL Season 11,결승전,변현제,P,임홍규,Z,3,4,임홍규,7,폴리포이드 | 이클립스 | 히든트랙 | 어센션 | 폴라리스 랩소디 | 얼티메이트 스트림 | 투혼
ASL Season 12,와일드카드,도재욱,P,정영재,T,2,0,도재욱,2,폴리포이드 | 어센션
ASL Season 12,와일드카드,유영진,T,장윤철,P,2,1,유영진,3,어센션 | 이클립스 | 폴리포이드
ASL Season 12,와일드카드,도재욱,P,유영진,T,0,2,유영진,2,폴리포이드 | 이클립스
ASL Season 12,24강,김범수,P,조기석,T,1,0,김범수,1,이클립스
ASL Season 12,24강,김민철,Z,원지훈,P,1,0,김민철,1,이클립스
ASL Season 12,24강,김민철,Z,김범수,P,1,0,김민철,1,어센션
ASL Season 12,24강,원지훈,P,조기석,T,0,1,조기석,1,리볼버
ASL Season 12,24강,김범수,P,조기석,T,1,0,김범수,1,라르고
ASL Season 12,24강,도재욱,P,배병우,Z,1,0,도재욱,1,이클립스
ASL Season 12,24강,윤용태,P,최호선,T,1,0,윤용태,1,이클립스
ASL Season 12,24강,도재욱,P,윤용태,P,0,1,윤용태,1,리볼버
ASL Season 12,24강,배병우,Z,최호선,T,1,0,배병우,1,레몬
ASL Season 12,24강,도재욱,P,배병우,Z,0,1,배병우,1,라르고
ASL Season 12,24강,박재혁,Z,장윤철,P,0,1,장윤철,1,이클립스
ASL Season 12,24강,정영재,T,진영화,P,1,0,정영재,1,이클립스
ASL Season 12,24강,장윤철,P,정영재,T,1,0,장윤철,1,어센션
ASL Season 12,24강,박재혁,Z,진영화,P,0,1,진영화,1,레몬
ASL Season 12,24강,정영재,T,진영화,P,1,0,정영재,1,폴리포이드
ASL Season 12,24강,고석현,Z,박상현,Z,0,1,박상현,1,이클립스
ASL Season 12,24강,윤찬희,T,황병영,T,0,1,황병영,1,이클립스
ASL Season 12,24강,박상현,Z,황병영,T,1,0,박상현,1,어센션
ASL Season 12,24강,고석현,Z,윤찬희,T,1,0,고석현,1,리볼버
ASL Season 12,24강,고석현,Z,황병영,T,0,1,황병영,1,폴리포이드
ASL Season 12,24강,김성대,Z,신상문,T,0,1,신상문,1,이클립스
ASL Season 12,24강,송병구,P,유진우,Z,1,0,송병구,1,이클립스
ASL Season 12,24강,송병구,P,신상문,T,1,0,송병구,1,어센션
ASL Season 12,24강,김성대,Z,유진우,Z,0,1,유진우,1,리볼버
ASL Season 12,24강,신상문,T,유진우,Z,0,1,유진우,1,굿나잇
ASL Season 12,24강,이재호,T,홍덕,P,1,0,이재호,1,이클립스
ASL Season 12,24강,김지성,T,이영한,Z,0,1,이영한,1,이클립스
ASL Season 12,24강,이영한,Z,이재호,T,0,1,이재호,1,리볼버
ASL Season 12,24강,김지성,T,홍덕,P,1,0,김지성,1,어센션
ASL Season 12,24강,김지성,T,이영한,Z,1,0,김지성,1,라르고
ASL Season 12,16강,배병우,Z,변현제,P,1,0,배병우,1,폴리포이드
ASL Season 12,16강,박상현,Z,정영재,T,1,0,박상현,1,폴리포이드
ASL Season 12,16강,박상현,Z,배병우,Z,2,1,박상현,3,리볼버 | 어센션 | 라르고
ASL Season 12,16강,변현제,P,정영재,T,2,0,변현제,2,어센션 | 리볼버
ASL Season 12,16강,배병우,Z,변현제,P,0,2,변현제,2,이클립스 | 어센션
ASL Season 12,16강,김범수,P,조일장,Z,0,1,조일장,1,폴리포이드
ASL Season 12,16강,김지성,T,윤용태,P,1,0,김지성,1,폴리포이드
ASL Season 12,16강,김지성,T,조일장,Z,2,1,김지성,3,어센션 | 리볼버 | 굿나잇
ASL Season 12,16강,김범수,P,윤용태,P,0,2,윤용태,2,라르고 | 리볼버
ASL Season 12,16강,윤용태,P,조일장,Z,0,2,조일장,2,이클립스 | 굿나잇
ASL Season 12,16강,김명운,Z,송병구,P,1,0,김명운,1,폴리포이드
ASL Season 12,16강,이재호,T,장윤철,P,1,0,이재호,1,폴리포이드
ASL Season 12,16강,김명운,Z,이재호,T,0,2,이재호,2,레몬 | 어센션
ASL Season 12,16강,송병구,P,장윤철,P,1,2,장윤철,3,레몬 | 리볼버 | 라르고
ASL Season 12,16강,김명운,Z,장윤철,P,2,1,김명운,3,굿나잇 | 이클립스 | 라르고
ASL Season 12,16강,유영진,T,황병영,T,1,0,유영진,1,폴리포이드
ASL Season 12,16강,김민철,Z,유진우,Z,1,0,김민철,1,폴리포이드
ASL Season 12,16강,김민철,Z,유영진,T,2,0,김민철,2,굿나잇 | 이클립스
ASL Season 12,16강,유진우,Z,황병영,T,0,2,황병영,2,레몬 | 어센션
ASL Season 12,16강,유영진,T,황병영,T,2,0,유영진,2,어센션 | 리볼버
ASL Season 12,8강,김명운,Z,김민철,Z,3,2,김명운,5,폴리포이드 | 라르고 | 어센션 | 굿나잇 | 리볼버
ASL Season 12,8강,김지성,T,변현제,P,0,3,변현제,3,폴리포이드 | 레몬 | 리볼버
ASL Season 12,8강,박상현,Z,유영진,T,1,3,유영진,4,라르고 | 리볼버 | 폴리포이드 | 레몬
ASL Season 12,8강,이재호,T,조일장,Z,1,3,조일장,4,리볼버 | 어센션 | 폴리포이드 | 굿나잇
ASL Season 12,4강,김명운,Z,변현제,P,1,4,변현제,5,이클립스 | 라르고 | 리볼버 | 폴리포이드 | 어센션
ASL Season 12,4강,유영진,T,조일장,Z,4,1,유영진,5,폴리포이드 | 어센션 | 이클립스 | 굿나잇 | 라르고
ASL Season 12,3-4위전,김명운,Z,조일장,Z,1,3,조일장,4,이클립스 | 어센션 | 폴리포이드 | 굿나잇
ASL Season 12,결승전,변현제,P,유영진,T,4,3,변현제,7,레몬 | 라르고 | 이클립스 | 굿나잇 | 어센션 | 폴리포이드 | 리볼버
ASL Season 13,24강,도재욱,P,유진우,Z,1,0,도재욱,1,이클립스
ASL Season 13,24강,김윤중,P,황병영,T,1,0,김윤중,1,이클립스
ASL Season 13,24강,김윤중,P,도재욱,P,0,1,도재욱,1,버터
ASL Season 13,24강,유진우,Z,황병영,T,1,0,유진우,1,버터
ASL Season 13,24강,김윤중,P,유진우,Z,1,0,김윤중,1,버미어
ASL Season 13,24강,박지훈,P,이재호,T,0,1,이재호,1,이클립스
ASL Season 13,24강,김택용,P,이예훈,Z,1,0,김택용,1,이클립스
ASL Season 13,24강,김택용,P,이재호,T,1,0,김택용,1,메타버스
ASL Season 13,24강,박지훈,P,이예훈,Z,0,1,이예훈,1,메타버스
ASL Season 13,24강,이예훈,Z,이재호,T,0,1,이재호,1,알레그로
ASL Season 13,24강,정민기,T,정윤종,P,0,1,정윤종,1,이클립스
ASL Season 13,24강,김성대,Z,이경민,P,1,0,김성대,1,이클립스
ASL Season 13,24강,김성대,Z,정윤종,P,0,1,정윤종,1,메타버스
ASL Season 13,24강,이경민,P,정민기,T,1,0,이경민,1,모노폴리
ASL Season 13,24강,김성대,Z,이경민,P,1,0,김성대,1,버미어
ASL Season 13,24강,김경모,Z,장윤철,P,1,0,김경모,1,이클립스
ASL Season 13,24강,김승현,P,김지성,T,0,1,김지성,1,이클립스
ASL Season 13,24강,김경모,Z,김지성,T,0,1,김지성,1,메타버스
ASL Season 13,24강,김승현,P,장윤철,P,0,1,장윤철,1,모노폴리
ASL Season 13,24강,김경모,Z,장윤철,P,1,0,김경모,1,버미어
ASL Season 13,24강,박상현,Z,홍덕,P,1,0,박상현,1,이클립스
ASL Season 13,24강,정영재,T,최호선,T,1,0,정영재,1,이클립스
ASL Season 13,24강,박상현,Z,정영재,T,0,1,정영재,1,메타버스
ASL Season 13,24강,최호선,T,홍덕,P,1,0,최호선,1,모노폴리
ASL Season 13,24강,박상현,Z,최호선,T,1,0,박상현,1,알레그로
ASL Season 13,24강,김민철,Z,진영화,P,1,0,김민철,1,이클립스
ASL Season 13,24강,윤찬희,T,이제동,Z,0,1,이제동,1,이클립스
ASL Season 13,24강,김민철,Z,이제동,Z,0,1,이제동,1,버터
ASL Season 13,24강,윤찬희,T,진영화,P,1,0,윤찬희,1,모노폴리
ASL Season 13,24강,김민철,Z,윤찬희,T,1,0,김민철,1,버미어
ASL Season 13,16강,변현제,P,이재호,T,0,1,이재호,1,버미어
ASL Season 13,16강,김지성,T,정윤종,P,0,1,정윤종,1,버미어
ASL Season 13,16강,이재호,T,정윤종,P,1,2,정윤종,3,이클립스 | 알레그로 | 리볼버 SE
ASL Season 13,16강,김지성,T,변현제,P,1,2,변현제,3,이클립스 | 메타버스 | 리볼버 SE
ASL Season 13,16강,변현제,P,이재호,T,1,2,이재호,3,버터 | 알레그로 | 이클립스
ASL Season 13,16강,김경모,Z,유영진,T,0,1,유영진,1,버미어
ASL Season 13,16강,김성대,Z,김윤중,P,1,0,김성대,1,버미어
ASL Season 13,16강,김성대,Z,유영진,T,2,0,김성대,2,이클립스 | 버터
ASL Season 13,16강,김경모,Z,김윤중,P,0,2,김윤중,2,메타버스 | 버터
ASL Season 13,16강,김윤중,P,유영진,T,1,2,유영진,3,버터 | 메타버스 | 알레그로
ASL Season 13,16강,정영재,T,조일장,Z,1,0,정영재,1,버미어
ASL Season 13,16강,김민철,Z,이제동,Z,0,1,이제동,1,버미어
ASL Season 13,16강,이제동,Z,정영재,T,0,2,정영재,2,메타버스 | 모노폴리
ASL Season 13,16강,김민철,Z,조일장,Z,2,0,김민철,2,알레그로 | 버터
ASL Season 13,16강,김민철,Z,이제동,Z,2,0,김민철,2,버터 | 이클립스
ASL Season 13,16강,김명운,Z,김택용,P,0,1,김택용,1,버미어
ASL Season 13,16강,도재욱,P,박상현,Z,0,1,박상현,1,버미어
ASL Season 13,16강,김택용,P,박상현,Z,0,2,박상현,2,이클립스 | 버터
ASL Season 13,16강,김명운,Z,도재욱,P,2,0,김명운,2,메타버스 | 버터
ASL Season 13,16강,김명운,Z,김택용,P,1,2,김택용,3,모노폴리 | 메타버스 | 이클립스
ASL Season 13,8강,박상현,Z,유영진,T,3,0,박상현,3,모노폴리 | 버터 | 버미어
ASL Season 13,8강,김성대,Z,이재호,T,1,3,이재호,4,리볼버 SE | 알레그로 | 이클립스 | 메타버스
ASL Season 13,8강,김택용,P,정영재,T,3,2,김택용,5,알레그로 | 이클립스 | 모노폴리 | 리볼버 SE | 메타버스
ASL Season 13,8강,김민철,Z,정윤종,P,2,3,정윤종,5,리볼버 SE | 알레그로 | 이클립스 | 버미어 | 버터
ASL Season 13,4강,김택용,P,이재호,T,2,4,이재호,6,알레그로 | 이클립스 | 모노폴리 | 버터 | 버미어 | 리볼버 SE
ASL Season 13,4강,박상현,Z,정윤종,P,2,4,정윤종,6,리볼버 SE | 버미어 | 버터 | 알레그로 | 이클립스 | 모노폴리
ASL Season 13,3-4위전,김택용,P,박상현,Z,3,2,김택용,5,버미어 | 리볼버 SE | 알레그로 | 이클립스 | 버터
ASL Season 13,결승전,이재호,T,정윤종,P,4,0,이재호,4,이클립스 | 알레그로 | 리볼버 SE | 버미어
ASL Season 14,와일드카드,김성대,Z,정영재,T,2,0,김성대,2,메타버스 | 버미어 SE
ASL Season 14,와일드카드,김민철,Z,유영진,T,0,2,유영진,2,버터 2 | 버미어 SE
ASL Season 14,와일드카드,김성대,Z,유영진,T,2,1,김성대,3,알레그로 | 메타버스 | 버미어 SE
ASL Season 14,24강,변현제,P,임진묵,T,1,0,변현제,1,버터 2
ASL Season 14,24강,도재욱,P,이예훈,Z,1,0,도재욱,1,버터 2
ASL Season 14,24강,도재욱,P,변현제,P,1,0,도재욱,1,알레그로
ASL Season 14,24강,이예훈,Z,임진묵,T,1,0,이예훈,1,알레그로
ASL Season 14,24강,변현제,P,이예훈,Z,1,0,변현제,1,실피드 3
ASL Season 14,24강,김경모,Z,조일장,Z,0,1,조일장,1,버터 2
ASL Season 14,24강,김윤중,P,황병영,T,0,1,황병영,1,버터 2
ASL Season 14,24강,조일장,Z,황병영,T,1,0,조일장,1,알레그로
ASL Season 14,24강,김경모,Z,김윤중,P,0,1,김윤중,1,오디세이
ASL Season 14,24강,김윤중,P,황병영,T,0,1,황병영,1,네메시스
ASL Season 14,24강,김명운,Z,한두열,Z,1,0,김명운,1,버터 2
ASL Season 14,24강,김지성,T,조기석,T,0,1,조기석,1,버터 2
ASL Season 14,24강,김명운,Z,조기석,T,1,0,김명운,1,알레그로
ASL Season 14,24강,김지성,T,한두열,Z,1,0,김지성,1,오디세이
ASL Season 14,24강,김지성,T,조기석,T,1,0,김지성,1,실피드 3
ASL Season 14,24강,김민철,Z,오진식,Z,1,0,김민철,1,버터 2
ASL Season 14,24강,정영재,T,최호선,T,0,1,최호선,1,버터 2
ASL Season 14,24강,김민철,Z,최호선,T,1,0,김민철,1,네오 알카노이드
ASL Season 14,24강,오진식,Z,정영재,T,0,1,정영재,1,알레그로
ASL Season 14,24강,정영재,T,최호선,T,0,1,최호선,1,버미어 SE
ASL Season 14,24강,구성훈,T,장윤철,P,0,1,장윤철,1,버터 2
ASL Season 14,24강,이영한,Z,이제동,Z,1,0,이영한,1,버터 2
ASL Season 14,24강,이영한,Z,장윤철,P,0,1,장윤철,1,오디세이
ASL Season 14,24강,구성훈,T,이제동,Z,0,1,이제동,1,네오 알카노이드
ASL Season 14,24강,이영한,Z,이제동,Z,1,0,이영한,1,실피드 3
ASL Season 14,24강,유영진,T,윤용태,P,1,0,유영진,1,버터 2
ASL Season 14,24강,윤찬희,T,이경민,P,0,1,이경민,1,버터 2
ASL Season 14,24강,유영진,T,이경민,P,1,0,유영진,1,알레그로
ASL Season 14,24강,윤용태,P,윤찬희,T,0,1,윤찬희,1,알레그로
ASL Season 14,24강,윤찬희,T,이경민,P,1,0,윤찬희,1,버미어 SE
ASL Season 14,16강,이재호,T,황병영,T,1,0,이재호,1,버미어 SE
ASL Season 14,16강,윤찬희,T,이영한,Z,0,1,이영한,1,버미어 SE
ASL Season 14,16강,이영한,Z,이재호,T,1,2,이재호,3,버터 2 | 오디세이 | 실피드 3
ASL Season 14,16강,윤찬희,T,황병영,T,1,2,황병영,3,버터 2 | 네메시스 | 실피드 3
ASL Season 14,16강,이영한,Z,황병영,T,2,1,이영한,3,오디세이 | 네메시스 | 버터 2
ASL Season 14,16강,김택용,P,최호선,T,1,0,김택용,1,버미어 SE
ASL Season 14,16강,도재욱,P,유영진,T,1,0,도재욱,1,버미어 SE
ASL Season 14,16강,김택용,P,도재욱,P,2,1,김택용,3,실피드 3 | 버터 2 | 알레그로
ASL Season 14,16강,유영진,T,최호선,T,2,0,유영진,2,오디세이 | 버터 2
ASL Season 14,16강,도재욱,P,유영진,T,1,2,유영진,3,실피드 3 | 버터 2 | 네메시스
ASL Season 14,16강,박상현,Z,장윤철,P,0,1,장윤철,1,버미어 SE
ASL Season 14,16강,김명운,Z,김민철,Z,1,0,김명운,1,버미어 SE
ASL Season 14,16강,김명운,Z,장윤철,P,1,2,장윤철,3,네오 알카노이드 | 네메시스 | 오디세이
ASL Season 14,16강,김민철,Z,박상현,Z,2,1,김민철,3,버터 2 | 네메시스 | 실피드 3
ASL Season 14,16강,김명운,Z,김민철,Z,0,2,김민철,2,네메시스 | 오디세이
ASL Season 14,16강,김성대,Z,김지성,T,0,1,김지성,1,버미어 SE
ASL Season 14,16강,변현제,P,조일장,Z,0,1,조일장,1,버미어 SE
ASL Season 14,16강,김지성,T,조일장,Z,2,0,김지성,2,버터 2 | 네메시스
ASL Season 14,16강,김성대,Z,변현제,P,0,2,변현제,2,네오 알카노이드 | 오디세이
ASL Season 14,16강,변현제,P,조일장,Z,1,2,조일장,3,실피드 3 | 네메시스 | 네오 알카노이드
ASL Season 14,8강,김지성,T,이영한,Z,3,0,김지성,3,알레그로 | 네오 알카노이드 | 버미어 SE
ASL Season 14,8강,김민철,Z,김택용,P,3,2,김민철,5,버터 2 | 버미어 SE | 네메시스 | 실피드 3 | 오디세이
ASL Season 14,8강,유영진,T,이재호,T,3,2,유영진,5,버터 2 | 알레그로 | 오디세이 | 버미어 SE | 네메시스
ASL Season 14,8강,장윤철,P,조일장,Z,0,3,조일장,3,오디세이 | 알레그로 | 네메시스
ASL Season 14,4강,김민철,Z,김지성,T,3,4,김지성,7,네오 알카노이드 | 네메시스 | 버미어 SE | 알레그로 | 오디세이 | 실피드 3 | 버터 2
ASL Season 14,4강,유영진,T,조일장,Z,4,3,유영진,7,오디세이 | 알레그로 | 네오 알카노이드 | 버미어 SE | 네메시스 | 버터 2 | 실피드 3
ASL Season 14,3-4위전,김민철,Z,조일장,Z,3,2,김민철,5,버터 2 | 오디세이 | 버미어 SE | 네메시스 | 네오 알카노이드
ASL Season 14,결승전,김지성,T,유영진,T,4,2,김지성,6,알레그로 | 네오 알카노이드 | 버미어 SE | 오디세이 | 실피드 3 | 네메시스
ASL Season 15,24강,구성훈,T,변현제,P,0,1,변현제,1,신 단장의 능선
ASL Season 15,24강,김성대,Z,최호선,T,1,0,김성대,1,신 단장의 능선
ASL Season 15,24강,김성대,Z,변현제,P,1,0,김성대,1,다크 오리진
ASL Season 15,24강,구성훈,T,최호선,T,0,1,최호선,1,다크 오리진
ASL Season 15,24강,변현제,P,최호선,T,0,1,최호선,1,레트로
ASL Season 15,24강,고석현,Z,김택용,P,0,1,김택용,1,신 단장의 능선
ASL Season 15,24강,조기석,T,황병영,T,0,1,황병영,1,신 단장의 능선
ASL Season 15,24강,김택용,P,황병영,T,1,0,김택용,1,다크 오리진
ASL Season 15,24강,고석현,Z,조기석,T,1,0,고석현,1,다크 오리진
ASL Season 15,24강,고석현,Z,황병영,T,0,1,황병영,1,버미어 SE
ASL Season 15,24강,김태영,T,박상현,Z,1,0,김태영,1,신 단장의 능선
ASL Season 15,24강,도재욱,P,박성균,T,1,0,도재욱,1,신 단장의 능선
ASL Season 15,24강,김태영,T,도재욱,P,0,1,도재욱,1,다크 오리진
ASL Season 15,24강,박상현,Z,박성균,T,0,1,박성균,1,다크 오리진
ASL Season 15,24강,김태영,T,박성균,T,0,1,박성균,1,버미어 SE
ASL Season 15,24강,장윤철,P,정민기,T,1,0,장윤철,1,신 단장의 능선
ASL Season 15,24강,김윤중,P,이제동,Z,0,1,이제동,1,신 단장의 능선
ASL Season 15,24강,이제동,Z,장윤철,P,0,1,장윤철,1,다크 오리진
ASL Season 15,24강,김윤중,P,정민기,T,0,1,정민기,1,76
ASL Season 15,24강,이제동,Z,정민기,T,1,0,이제동,1,레트로
ASL Season 15,24강,김명운,Z,홍덕,P,1,0,김명운,1,신 단장의 능선
ASL Season 15,24강,윤찬희,T,이영한,Z,0,1,이영한,1,신 단장의 능선
ASL Season 15,24강,김명운,Z,이영한,Z,1,0,김명운,1,네메시스
ASL Season 15,24강,윤찬희,T,홍덕,P,0,1,홍덕,1,다크 오리진
ASL Season 15,24강,이영한,Z,홍덕,P,1,0,이영한,1,실피드 3
ASL Season 15,24강,이예훈,Z,이재호,T,0,1,이재호,1,신 단장의 능선
ASL Season 15,24강,송병구,P,정영재,T,1,0,송병구,1,신 단장의 능선
ASL Season 15,24강,송병구,P,이재호,T,0,1,이재호,1,다크 오리진
ASL Season 15,24강,이예훈,Z,정영재,T,0,1,정영재,1,네메시스
ASL Season 15,24강,송병구,P,정영재,T,0,1,정영재,1,실피드 3
ASL Season 15,16강,김지성,T,이영한,Z,0,1,이영한,1,실피드 3
ASL Season 15,16강,김성대,Z,이제동,Z,0,1,이제동,1,실피드 3
ASL Season 15,16강,이영한,Z,이제동,Z,1,2,이제동,3,네메시스 | 레트로 | 다크 오리진
ASL Season 15,16강,김성대,Z,김지성,T,2,0,김성대,2,다크 오리진 | 레트로
ASL Season 15,16강,김성대,Z,이영한,Z,2,0,김성대,2,네메시스 | 버미어 SE
ASL Season 15,16강,유영진,T,황병영,T,1,0,유영진,1,실피드 3
ASL Season 15,16강,김명운,Z,정영재,T,0,1,정영재,1,실피드 3
ASL Season 15,16강,유영진,T,정영재,T,1,2,정영재,3,다크 오리진 | 네메시스 | 신 단장의 능선
ASL Season 15,16강,김명운,Z,황병영,T,2,0,김명운,2,신 단장의 능선 | 다크 오리진
ASL Season 15,16강,김명운,Z,유영진,T,2,1,김명운,3,다크 오리진 | 신 단장의 능선 | 레트로
ASL Season 15,16강,김민철,Z,도재욱,P,0,1,도재욱,1,실피드 3
ASL Season 15,16강,이재호,T,장윤철,P,1,0,이재호,1,실피드 3
ASL Season 15,16강,도재욱,P,이재호,T,2,1,도재욱,3,레트로 | 76 | 네메시스
ASL Season 15,16강,김민철,Z,장윤철,P,2,0,김민철,2,76 | 다크 오리진
ASL Season 15,16강,김민철,Z,이재호,T,2,1,김민철,3,네메시스 | 다크 오리진 | 버미어 SE
ASL Season 15,16강,조일장,Z,최호선,T,1,0,조일장,1,실피드 3
ASL Season 15,16강,김택용,P,박성균,T,0,1,박성균,1,실피드 3
ASL Season 15,16강,박성균,T,조일장,Z,2,1,박성균,3,신 단장의 능선 | 레트로 | 네메시스
ASL Season 15,16강,김택용,P,최호선,T,2,0,김택용,2,레트로 | 76
ASL Season 15,16강,김택용,P,조일장,Z,0,2,조일장,2,다크 오리진 | 버미어 SE
ASL Season 15,8강,김성대,Z,도재욱,P,1,3,도재욱,4,실피드 3 | 신 단장의 능선 | 네메시스 | 버미어 SE
ASL Season 15,8강,김명운,Z,박성균,T,2,3,박성균,5,실피드 3 | 76 | 버미어 SE | 다크 오리진 | 레트로
ASL Season 15,8강,이제동,Z,조일장,Z,0,3,조일장,3,실피드 3 | 다크 오리진 | 신 단장의 능선
ASL Season 15,8강,김민철,Z,정영재,T,2,3,정영재,5,버미어 SE | 신 단장의 능선 | 실피드 3 | 다크 오리진 | 레트로
ASL Season 15,4강,도재욱,P,박성균,T,2,4,박성균,6,신 단장의 능선 | 버미어 SE | 76 | 실피드 3 | 다크 오리진 | 레트로
ASL Season 15,4강,정영재,T,조일장,Z,4,3,정영재,7,실피드 3 | 신 단장의 능선 | 버미어 SE | 다크 오리진 | 네메시스 | 레트로 | 76
ASL Season 15,결승전,박성균,T,정영재,T,1,4,정영재,5,버미어 SE | 다크 오리진 | 실피드 3 | 신 단장의 능선 | 레트로
ASL Season 16,24강,변현제,P,신상문,T,1,0,변현제,1,아포칼립스
ASL Season 16,24강,박상현,Z,윤찬희,T,1,0,박상현,1,아포칼립스
ASL Season 16,24강,박상현,Z,변현제,P,1,0,박상현,1,인베이더
ASL Season 16,24강,신상문,T,윤찬희,T,1,0,신상문,1,라 캄파넬라
ASL Season 16,24강,변현제,P,신상문,T,1,0,변현제,1,네오 다크 오리진
ASL Season 16,24강,김민철,Z,김윤환,Z,0,1,김윤환,1,아포칼립스
ASL Season 16,24강,염보성,T,정윤종,P,0,1,정윤종,1,아포칼립스
ASL Season 16,24강,김윤환,Z,정윤종,P,1,0,김윤환,1,인베이더
ASL Season 16,24강,김민철,Z,염보성,T,1,0,김민철,1,템페스트
ASL Season 16,24강,김민철,Z,정윤종,P,1,0,김민철,1,레트로
ASL Season 16,24강,박준오,Z,장윤철,P,1,0,박준오,1,아포칼립스
ASL Season 16,24강,김윤중,P,김지성,T,1,0,김윤중,1,아포칼립스
ASL Season 16,24강,김윤중,P,박준오,Z,0,1,박준오,1,템페스트
ASL Season 16,24강,김지성,T,장윤철,P,1,0,김지성,1,템페스트
ASL Season 16,24강,김윤중,P,김지성,T,0,1,김지성,1,레트로
ASL Season 16,24강,윤용태,P,이재호,T,0,1,이재호,1,아포칼립스
ASL Season 16,24강,김성대,Z,김정우,Z,1,0,김성대,1,아포칼립스
ASL Season 16,24강,김성대,Z,이재호,T,1,0,김성대,1,라 캄파넬라
ASL Season 16,24강,김정우,Z,윤용태,P,1,0,김정우,1,라 캄파넬라
ASL Season 16,24강,김정우,Z,이재호,T,1,0,김정우,1,레트로
ASL Season 16,24강,김명운,Z,김태영,T,0,1,김태영,1,아포칼립스
ASL Season 16,24강,이제동,Z,조기석,T,0,1,조기석,1,아포칼립스
ASL Season 16,24강,김태영,T,조기석,T,0,1,조기석,1,인베이더
ASL Season 16,24강,김명운,Z,이제동,Z,1,0,김명운,1,인베이더
ASL Season 16,24강,김명운,Z,김태영,T,0,1,김태영,1,레트로
ASL Season 16,24강,유영진,T,인치호,Z,1,0,유영진,1,아포칼립스
ASL Season 16,24강,김택용,P,송병구,P,0,1,송병구,1,아포칼립스
ASL Season 16,24강,송병구,P,유영진,T,0,1,유영진,1,템페스트
ASL Season 16,24강,김택용,P,인치호,Z,1,0,김택용,1,템페스트
ASL Season 16,24강,김택용,P,송병구,P,1,0,김택용,1,폴리포이드
ASL Season 16,16강,김윤환,Z,정영재,T,0,1,정영재,1,레트로
ASL Season 16,16강,김정우,Z,박상현,Z,1,0,김정우,1,레트로
ASL Season 16,16강,김정우,Z,정영재,T,2,0,김정우,2,아포칼립스 | 네오 다크 오리진
ASL Season 16,16강,김윤환,Z,박상현,Z,2,1,김윤환,3,폴리포이드 | 아포칼립스 | 라 캄파넬라
ASL Season 16,16강,김윤환,Z,정영재,T,0,2,정영재,2,템페스트 | 라 캄파넬라
ASL Season 16,16강,박성균,T,박준오,Z,1,0,박성균,1,레트로
ASL Season 16,16강,변현제,P,유영진,T,0,1,유영진,1,레트로
ASL Season 16,16강,박성균,T,유영진,T,1,2,유영진,3,폴리포이드 | 라 캄파넬라 | 아포칼립스
ASL Season 16,16강,박준오,Z,변현제,P,0,2,변현제,2,아포칼립스 | 폴리포이드
ASL Season 16,16강,박성균,T,변현제,P,1,2,변현제,3,폴리포이드 | 템페스트 | 인베이더
ASL Season 16,16강,김태영,T,조일장,Z,0,1,조일장,1,레트로
ASL Season 16,16강,김민철,Z,김택용,P,1,0,김민철,1,레트로
ASL Season 16,16강,김민철,Z,조일장,Z,2,1,김민철,3,폴리포이드 | 인베이더 | 네오 다크 오리진
ASL Season 16,16강,김태영,T,김택용,P,2,1,김태영,3,템페스트 | 폴리포이드 | 인베이더
ASL Season 16,16강,김태영,T,조일장,Z,0,2,조일장,2,네오 다크 오리진 | 폴리포이드
ASL Season 16,16강,도재욱,P,조기석,T,0,1,조기석,1,레트로
ASL Season 16,16강,김성대,Z,김지성,T,1,0,김성대,1,레트로
ASL Season 16,16강,김성대,Z,조기석,T,1,2,조기석,3,인베이더 | 네오 다크 오리진 | 아포칼립스
ASL Season 16,16강,김지성,T,도재욱,P,0,2,도재욱,2,템페스트 | 아포칼립스
ASL Season 16,16강,김성대,Z,도재욱,P,2,1,김성대,3,템페스트 | 인베이더 | 네오 다크 오리진
ASL Season 16,8강,유영진,T,조일장,Z,3,0,유영진,3,폴리포이드 | 네오 다크 오리진 | 라 캄파넬라
ASL Season 16,8강,김민철,Z,정영재,T,3,2,김민철,5,템페스트 | 폴리포이드 | 인베이더 | 레트로 | 라 캄파넬라
ASL Season 16,8강,변현제,P,조기석,T,3,1,변현제,4,폴리포이드 | 네오 다크 오리진 | 라 캄파넬라 | 인베이더
ASL Season 16,8강,김성대,Z,김정우,Z,0,3,김정우,3,폴리포이드 | 네오 다크 오리진 | 인베이더
ASL Season 16,4강,김민철,Z,유영진,T,4,3,김민철,7,폴리포이드 | 인베이더 | 아포칼립스 | 템페스트 | 라 캄파넬라 | 네오 다크 오리진 | 레트로
ASL Season 16,4강,김정우,Z,변현제,P,0,4,변현제,4,인베이더 | 레트로 | 아포칼립스 | 폴리포이드
ASL Season 16,결승전,김민철,Z,변현제,P,4,1,김민철,5,템페스트 | 라 캄파넬라 | 네오 다크 오리진 | 레트로 | 인베이더
ASL Season 17,와일드카드,정영재,T,조기석,T,1,2,조기석,3,레트로 | 라 캄파넬라 | 폴리포이드
ASL Season 17,와일드카드,김성대,Z,조일장,Z,2,0,김성대,2,라 캄파넬라 | 레트로
ASL Season 17,와일드카드,김성대,Z,조기석,T,0,2,조기석,2,인베이더 | 라 캄파넬라
ASL Season 17,24강,서문지훈,Z,이재호,T,0,1,이재호,1,라데온
ASL Season 17,24강,김택용,P,염보성,T,1,0,김택용,1,라데온
ASL Season 17,24강,김택용,P,이재호,T,1,0,김택용,1,트로이 SE
ASL Season 17,24강,서문지훈,Z,염보성,T,0,1,염보성,1,시타델
ASL Season 17,24강,염보성,T,이재호,T,0,1,이재호,1,레트로
ASL Season 17,24강,박준오,Z,조일장,Z,0,1,조일장,1,라데온
ASL Season 17,24강,박성균,T,송병구,P,1,0,박성균,1,라데온
ASL Season 17,24강,박성균,T,조일장,Z,1,0,박성균,1,블리츠 Y
ASL Season 17,24강,박준오,Z,송병구,P,0,1,송병구,1,블리츠 Y
ASL Season 17,24강,송병구,P,조일장,Z,0,1,조일장,1,레트로
ASL Season 17,24강,도재욱,P,윤종현,T,1,0,도재욱,1,라데온
ASL Season 17,24강,김성대,Z,최호선,T,1,0,김성대,1,라데온
ASL Season 17,24강,김성대,Z,도재욱,P,0,1,도재욱,1,시타델
ASL Season 17,24강,윤종현,T,최호선,T,0,1,최호선,1,블리츠 Y
ASL Season 17,24강,김성대,Z,최호선,T,1,0,김성대,1,레트로
ASL Season 17,24강,전태양,T,정영재,T,0,1,정영재,1,라데온
ASL Season 17,24강,김윤중,P,이제동,Z,1,0,김윤중,1,라데온
ASL Season 17,24강,김윤중,P,정영재,T,0,1,정영재,1,블리츠 Y
ASL Season 17,24강,이제동,Z,전태양,T,0,1,전태양,1,블리츠 Y
ASL Season 17,24강,김윤중,P,전태양,T,1,0,김윤중,1,레트로
ASL Season 17,24강,이영웅,T,장윤철,P,0,1,장윤철,1,라데온
ASL Season 17,24강,윤찬희,T,이영한,Z,0,1,이영한,1,라데온
ASL Season 17,24강,이영한,Z,장윤철,P,0,1,장윤철,1,시타델
ASL Season 17,24강,윤찬희,T,이영웅,T,1,0,윤찬희,1,블리츠 Y
ASL Season 17,24강,윤찬희,T,이영한,Z,1,0,윤찬희,1,아포칼립스
ASL Season 17,24강,김지성,T,유진우,Z,0,1,유진우,1,라데온
ASL Season 17,24강,정윤종,P,황병영,T,0,1,황병영,1,라데온
ASL Season 17,24강,유진우,Z,황병영,T,0,1,황병영,1,시타델
ASL Season 17,24강,김지성,T,정윤종,P,1,0,김지성,1,블리츠 Y
ASL Season 17,24강,김지성,T,유진우,Z,1,0,김지성,1,레트로
ASL Season 17,16강,김민철,Z,윤찬희,T,1,0,김민철,1,아포칼립스
ASL Season 17,16강,김택용,P,정영재,T,1,0,김택용,1,아포칼립스
ASL Season 17,16강,김민철,Z,김택용,P,2,0,김민철,2,블리츠 Y | 시타델
ASL Season 17,16강,윤찬희,T,정영재,T,1,2,정영재,3,네오 다크 오리진 | 블리츠 Y | 라데온
ASL Season 17,16강,김택용,P,정영재,T,2,0,김택용,2,네오 다크 오리진 | 레트로
ASL Season 17,16강,변현제,P,황병영,T,0,1,황병영,1,아포칼립스
ASL Season 17,16강,김지성,T,조일장,Z,0,1,조일장,1,아포칼립스
ASL Season 17,16강,조일장,Z,황병영,T,2,0,조일장,2,라데온 | 네오 다크 오리진
ASL Season 17,16강,김지성,T,변현제,P,0,2,변현제,2,네오 다크 오리진 | 레트로
ASL Season 17,16강,변현제,P,황병영,T,2,0,변현제,2,시타델 | 레트로
ASL Season 17,16강,김윤중,P,유영진,T,0,1,유영진,1,아포칼립스
ASL Season 17,16강,도재욱,P,이재호,T,1,0,도재욱,1,아포칼립스
ASL Season 17,16강,도재욱,P,유영진,T,2,1,도재욱,3,네오 다크 오리진 | 블리츠 Y | 라데온
ASL Season 17,16강,김윤중,P,이재호,T,2,1,김윤중,3,레트로 | 네오 다크 오리진 | 트로이 SE
ASL Season 17,16강,김윤중,P,유영진,T,0,2,유영진,2,라데온 | 네오 다크 오리진
ASL Season 17,16강,박성균,T,조기석,T,0,1,조기석,1,아포칼립스
ASL Season 17,16강,김성대,Z,장윤철,P,0,1,장윤철,1,아포칼립스
ASL Season 17,16강,장윤철,P,조기석,T,2,1,장윤철,3,레트로 | 시타델 | 네오 다크 오리진
ASL Season 17,16강,김성대,Z,박성균,T,0,2,박성균,2,라데온 | 블리츠 Y
ASL Season 17,16강,박성균,T,조기석,T,0,2,조기석,2,시타델 | 레트로
ASL Season 17,8강,도재욱,P,조기석,T,1,3,조기석,4,라데온 | 블리츠 Y | 시타델 | 아포칼립스
ASL Season 17,8강,유영진,T,조일장,Z,1,3,조일장,4,트로이 SE | 시타델 | 네오 다크 오리진 | 라데온
ASL Season 17,8강,김택용,P,장윤철,P,0,3,장윤철,3,네오 다크 오리진 | 아포칼립스 | 시타델
ASL Season 17,8강,김민철,Z,변현제,P,3,2,김민철,5,라데온 | 트로이 SE | 네오 다크 오리진 | 블리츠 Y | 레트로
ASL Season 17,4강,조기석,T,조일장,Z,1,4,조일장,5,시타델 | 트로이 SE | 레트로 | 네오 다크 오리진 | 아포칼립스
ASL Season 17,4강,김민철,Z,장윤철,P,4,2,김민철,6,네오 다크 오리진 | 레트로 | 블리츠 Y | 시타델 | 트로이 SE | 라데온
ASL Season 17,결승전,김민철,Z,조일장,Z,4,3,김민철,7,라데온 | 네오 다크 오리진 | 아포칼립스 | 레트로 | 시타델 | 트로이 SE | 블리츠 Y
ASL Season 18,24강,김명운,Z,문태호,T,1,0,김명운,1,도미네이터
ASL Season 18,24강,정윤종,P,황병영,T,0,1,황병영,1,도미네이터
ASL Season 18,24강,김명운,Z,황병영,T,0,1,황병영,1,데자뷰
ASL Season 18,24강,문태호,T,정윤종,P,0,1,정윤종,1,킥백
ASL Season 18,24강,김명운,Z,정윤종,P,0,1,정윤종,1,라데온
ASL Season 18,24강,변현제,P,유승곤,T,1,0,변현제,1,도미네이터
ASL Season 18,24강,김택용,P,최호선,T,1,0,김택용,1,도미네이터
ASL Season 18,24강,김택용,P,변현제,P,1,0,김택용,1,데자뷰
ASL Season 18,24강,유승곤,T,최호선,T,0,1,최호선,1,데자뷰
ASL Season 18,24강,변현제,P,최호선,T,1,0,변현제,1,라데온
ASL Season 18,24강,원선재,P,유영진,T,0,1,유영진,1,도미네이터
ASL Season 18,24강,김지성,T,이예훈,Z,0,1,이예훈,1,도미네이터
ASL Season 18,24강,유영진,T,이예훈,Z,1,0,유영진,1,킥백
ASL Season 18,24강,김지성,T,원선재,P,1,0,김지성,1,민스트럴
ASL Season 18,24강,김지성,T,이예훈,Z,1,0,김지성,1,판테온
ASL Season 18,24강,도재욱,P,이영웅,T,0,1,이영웅,1,도미네이터
ASL Season 18,24강,김성대,Z,염보성,T,0,1,염보성,1,도미네이터
ASL Season 18,24강,염보성,T,이영웅,T,0,1,이영웅,1,민스트럴
ASL Season 18,24강,김성대,Z,도재욱,P,1,0,김성대,1,데자뷰
ASL Season 18,24강,김성대,Z,염보성,T,0,1,염보성,1,몬티홀 SE
ASL Season 18,24강,윤수철,P,이재호,T,0,1,이재호,1,도미네이터
ASL Season 18,24강,이영한,Z,이제동,Z,0,1,이제동,1,도미네이터
ASL Season 18,24강,이재호,T,이제동,Z,1,0,이재호,1,데자뷰
ASL Season 18,24강,윤수철,P,이영한,Z,0,1,이영한,1,데자뷰
ASL Season 18,24강,이영한,Z,이제동,Z,0,1,이제동,1,라데온
ASL Season 18,24강,윤용태,P,정영재,T,0,1,정영재,1,도미네이터
ASL Season 18,24강,박성균,T,송병구,P,0,1,송병구,1,도미네이터
ASL Season 18,24강,송병구,P,정영재,T,1,0,송병구,1,킥백
ASL Season 18,24강,박성균,T,윤용태,P,1,0,박성균,1,킥백
ASL Season 18,24강,박성균,T,정영재,T,0,1,정영재,1,라데온
ASL Season 18,16강,김민철,Z,염보성,T,1,0,김민철,1,라데온
ASL Season 18,16강,유영진,T,정영재,T,1,0,유영진,1,라데온
ASL Season 18,16강,김민철,Z,유영진,T,2,0,김민철,2,데자뷰 | 몬티홀 SE
ASL Season 18,16강,염보성,T,정영재,T,0,2,정영재,2,데자뷰 | 판테온
ASL Season 18,16강,유영진,T,정영재,T,2,1,유영진,3,킥백 | 판테온 | 민스트럴
ASL Season 18,16강,조일장,Z,황병영,T,0,1,황병영,1,라데온
ASL Season 18,16강,김택용,P,이제동,Z,1,0,김택용,1,라데온
ASL Season 18,16강,김택용,P,황병영,T,0,2,황병영,2,킥백 | 데자뷰
ASL Season 18,16강,이제동,Z,조일장,Z,1,2,조일장,3,몬티홀 SE | 판테온 | 민스트럴
ASL Season 18,16강,김택용,P,조일장,Z,1,2,조일장,3,도미네이터 | 데자뷰 | 판테온
ASL Season 18,16강,이영웅,T,장윤철,P,1,0,이영웅,1,라데온
ASL Season 18,16강,변현제,P,정윤종,P,0,1,정윤종,1,라데온
ASL Season 18,16강,이영웅,T,정윤종,P,0,2,정윤종,2,민스트럴 | 도미네이터
ASL Season 18,16강,변현제,P,장윤철,P,0,2,장윤철,2,데자뷰 | 민스트럴
ASL Season 18,16강,이영웅,T,장윤철,P,1,2,장윤철,3,도미네이터 | 판테온 | 민스트럴
ASL Season 18,16강,송병구,P,조기석,T,0,1,조기석,1,라데온
ASL Season 18,16강,김지성,T,이재호,T,1,0,김지성,1,라데온
ASL Season 18,16강,김지성,T,조기석,T,0,2,조기석,2,데자뷰 | 도미네이터
ASL Season 18,16강,송병구,P,이재호,T,0,2,이재호,2,도미네이터 | 데자뷰
ASL Season 18,16강,김지성,T,이재호,T,1,2,이재호,3,킥백 | 도미네이터 | 민스트럴
ASL Season 18,8강,장윤철,P,황병영,T,4,1,장윤철,5,데자뷰 | 민스트럴 | 판테온 | 도미네이터 | 라데온
ASL Season 18,8강,김민철,Z,이재호,T,4,2,김민철,6,라데온 | 판테온 | 킥백 | 데자뷰 | 도미네이터 | 민스트럴
ASL Season 18,8강,유영진,T,정윤종,P,0,4,정윤종,4,민스트럴 | 라데온 | 킥백 | 판테온
ASL Season 18,8강,조기석,T,조일장,Z,4,2,조기석,6,판테온 | 라데온 | 민스트럴 | 데자뷰 | 킥백 | 몬티홀 SE
ASL Season 18,4강,김민철,Z,장윤철,P,4,0,김민철,4,민스트럴 | 몬티홀 SE | 판테온 | 킥백
ASL Season 18,4강,정윤종,P,조기석,T,1,4,조기석,5,민스트럴 | 판테온 | 킥백 | 라데온 | 몬티홀 SE
ASL Season 18,결승전,김민철,Z,조기석,T,4,1,김민철,5,판테온 | 도미네이터 | 데자뷰 | 킥백 | 민스트럴
ASL Season 19,24강,변현제,P,유승곤,T,1,0,변현제,1,이클립스
ASL Season 19,24강,김윤중,P,김윤환,Z,0,1,김윤환,1,이클립스
ASL Season 19,24강,김윤환,Z,변현제,P,0,1,변현제,1,메트로폴리스
ASL Season 19,24강,김윤중,P,유승곤,T,0,1,유승곤,1,폴스타
ASL Season 19,24강,김윤환,Z,유승곤,T,0,1,유승곤,1,도미네이터 SE
ASL Season 19,24강,고석현,Z,유영진,T,0,1,유영진,1,이클립스
ASL Season 19,24강,김지성,T,이영웅,T,0,1,이영웅,1,이클립스
ASL Season 19,24강,유영진,T,이영웅,T,0,1,이영웅,1,메트로폴리스
ASL Season 19,24강,고석현,Z,김지성,T,1,0,고석현,1,폴스타
ASL Season 19,24강,고석현,Z,유영진,T,0,1,유영진,1,라데온
ASL Season 19,24강,도재욱,P,방태수,Z,0,1,방태수,1,이클립스
ASL Season 19,24강,박성균,T,황병영,T,0,1,황병영,1,이클립스
ASL Season 19,24강,방태수,Z,황병영,T,0,1,황병영,1,메트로폴리스
ASL Season 19,24강,도재욱,P,박성균,T,1,0,도재욱,1,폴스타
ASL Season 19,24강,도재욱,P,방태수,Z,1,0,도재욱,1,데자뷰 SE
ASL Season 19,24강,박지훈,P,이재호,T,0,1,이재호,1,이클립스
ASL Season 19,24강,김택용,P,박준오,Z,0,1,박준오,1,이클립스
ASL Season 19,24강,박준오,Z,이재호,T,0,1,이재호,1,폴스타
ASL Season 19,24강,김택용,P,박지훈,P,1,0,김택용,1,메트로폴리스
ASL Season 19,24강,김택용,P,박준오,Z,1,0,김택용,1,라데온
ASL Season 19,24강,김명운,Z,김영진,T,1,0,김명운,1,이클립스
ASL Season 19,24강,송병구,P,이제동,Z,1,0,송병구,1,이클립스
ASL Season 19,24강,김명운,Z,송병구,P,1,0,김명운,1,메트로폴리스
ASL Season 19,24강,김영진,T,이제동,Z,0,1,이제동,1,폴스타
ASL Season 19,24강,송병구,P,이제동,Z,0,1,이제동,1,데자뷰 SE
ASL Season 19,24강,윤수철,P,조일장,Z,0,1,조일장,1,이클립스
ASL Season 19,24강,김성대,Z,최호선,T,0,1,최호선,1,이클립스
ASL Season 19,24강,조일장,Z,최호선,T,1,0,조일장,1,폴스타
ASL Season 19,24강,김성대,Z,윤수철,P,1,0,김성대,1,메트로폴리스
ASL Season 19,24강,김성대,Z,최호선,T,1,0,김성대,1,라데온
ASL Season 19,16강,김민철,Z,유승곤,T,1,0,김민철,1,메트로폴리스
ASL Season 19,16강,이재호,T,황병영,T,1,0,이재호,1,메트로폴리스
ASL Season 19,16강,김민철,Z,이재호,T,2,1,김민철,3,라데온 | 데자뷰 SE | 데스 밸리
ASL Season 19,16강,유승곤,T,황병영,T,0,2,황병영,2,폴스타 | 이클립스
ASL Season 19,16강,이재호,T,황병영,T,2,0,이재호,2,라데온 | 폴스타
ASL Season 19,16강,이영웅,T,조기석,T,1,0,이영웅,1,메트로폴리스
ASL Season 19,16강,도재욱,P,이제동,Z,0,1,이제동,1,메트로폴리스
ASL Season 19,16강,이영웅,T,이제동,Z,0,2,이제동,2,데자뷰 SE | 도미네이터 SE
ASL Season 19,16강,도재욱,P,조기석,T,2,0,도재욱,2,이클립스 | 도미네이터 SE
ASL Season 19,16강,도재욱,P,이영웅,T,2,0,도재욱,2,데자뷰 SE | 이클립스
ASL Season 19,16강,김성대,Z,정윤종,P,0,1,정윤종,1,메트로폴리스
ASL Season 19,16강,김명운,Z,김택용,P,1,0,김명운,1,메트로폴리스
ASL Season 19,16강,김명운,Z,정윤종,P,2,0,김명운,2,라데온 | 폴스타
ASL Season 19,16강,김성대,Z,김택용,P,2,0,김성대,2,도미네이터 SE | 이클립스
ASL Season 19,16강,김성대,Z,정윤종,P,1,2,정윤종,3,이클립스 | 라데온 | 폴스타
ASL Season 19,16강,유영진,T,장윤철,P,0,1,장윤철,1,메트로폴리스
ASL Season 19,16강,변현제,P,조일장,Z,1,0,변현제,1,메트로폴리스
ASL Season 19,16강,변현제,P,장윤철,P,0,2,장윤철,2,도미네이터 SE | 데자뷰 SE
ASL Season 19,16강,유영진,T,조일장,Z,2,1,유영진,3,데자뷰 SE | 라데온 | 이클립스
ASL Season 19,16강,변현제,P,유영진,T,0,2,유영진,2,도미네이터 SE | 폴스타
ASL Season 19,8강,김명운,Z,도재욱,P,3,4,도재욱,7,메트로폴리스 | 이클립스 | 도미네이터 SE | 데스 밸리 | 라데온 | 데자뷰 SE | 폴스타
ASL Season 19,8강,이재호,T,이제동,Z,4,1,이재호,5,도미네이터 SE | 데자뷰 SE | 라데온 | 폴스타 | 메트로폴리스
ASL Season 19,8강,장윤철,P,정윤종,P,4,2,장윤철,6,데스 밸리 | 이클립스 | 메트로폴리스 | 데자뷰 SE | 폴스타 | 도미네이터 SE
ASL Season 19,8강,김민철,Z,유영진,T,4,1,김민철,5,메트로폴리스 | 폴스타 | 도미네이터 SE | 데자뷰 SE | 데스 밸리
ASL Season 19,4강,도재욱,P,이재호,T,4,3,도재욱,7,데자뷰 SE | 데스 밸리 | 폴스타 | 이클립스 | 도미네이터 SE | 라데온 | 메트로폴리스
ASL Season 19,4강,김민철,Z,장윤철,P,4,3,김민철,7,메트로폴리스 | 이클립스 | 도미네이터 SE | 데스 밸리 | 데자뷰 SE | 폴스타 | 라데온
ASL Season 19,결승전,김민철,Z,도재욱,P,4,3,김민철,7,이클립스 | 메트로폴리스 | 데스 밸리 | 라데온 | 데자뷰 SE | 도미네이터 SE | 폴스타
ASL Season 20,24강,김태영,T,조기석,T,0,1,조기석,1,도미네이터 SE
ASL Season 20,24강,송병구,P,임홍규,Z,0,1,임홍규,1,도미네이터 SE
ASL Season 20,24강,임홍규,Z,조기석,T,1,0,임홍규,1,울돌목
ASL Season 20,24강,김태영,T,송병구,P,1,0,김태영,1,녹아웃
ASL Season 20,24강,김태영,T,조기석,T,0,1,조기석,1,폴스타
ASL Season 20,24강,전태양,T,정영재,T,1,0,전태양,1,도미네이터 SE
ASL Season 20,24강,김택용,P,이영웅,T,1,0,김택용,1,도미네이터 SE
ASL Season 20,24강,김택용,P,전태양,T,1,0,김택용,1,리트머스
ASL Season 20,24강,이영웅,T,정영재,T,1,0,이영웅,1,리트머스
ASL Season 20,24강,이영웅,T,전태양,T,1,0,이영웅,1,폴스타
ASL Season 20,24강,변현제,P,이창우,Z,1,0,변현제,1,도미네이터 SE
ASL Season 20,24강,박상현,Z,최호선,T,1,0,박상현,1,도미네이터 SE
ASL Season 20,24강,박상현,Z,변현제,P,1,0,박상현,1,녹아웃
ASL Season 20,24강,이창우,Z,최호선,T,0,1,최호선,1,녹아웃
ASL Season 20,24강,변현제,P,최호선,T,1,0,변현제,1,폴스타
ASL Season 20,24강,고석현,Z,김명운,Z,0,1,김명운,1,도미네이터 SE
ASL Season 20,24강,김윤환,Z,김정우,Z,0,1,김정우,1,도미네이터 SE
ASL Season 20,24강,김명운,Z,김정우,Z,0,1,김정우,1,울돌목
ASL Season 20,24강,고석현,Z,김윤환,Z,1,0,고석현,1,리트머스
ASL Season 20,24강,고석현,Z,김명운,Z,0,1,김명운,1,라데온
ASL Season 20,24강,유영진,T,정경두,P,1,0,유영진,1,도미네이터 SE
ASL Season 20,24강,윤찬희,T,이제동,Z,0,1,이제동,1,도미네이터 SE
ASL Season 20,24강,유영진,T,이제동,Z,0,1,이제동,1,녹아웃
ASL Season 20,24강,윤찬희,T,정경두,P,1,0,윤찬희,1,녹아웃
ASL Season 20,24강,유영진,T,윤찬희,T,1,0,유영진,1,폴스타
ASL Season 20,24강,방태수,Z,조일장,Z,1,0,방태수,1,도미네이터 SE
ASL Season 20,24강,김지성,T,황병영,T,0,1,황병영,1,도미네이터 SE
ASL Season 20,24강,방태수,Z,황병영,T,1,0,방태수,1,리트머스
ASL Season 20,24강,김지성,T,조일장,Z,1,0,김지성,1,리트머스
ASL Season 20,24강,김지성,T,황병영,T,0,1,황병영,1,폴스타
ASL Season 20,16강,김민철,Z,황병영,T,0,1,황병영,1,녹아웃
ASL Season 20,16강,김정우,Z,유영진,T,0,1,유영진,1,녹아웃
ASL Season 20,16강,유영진,T,황병영,T,1,2,황병영,3,라데온 | 메트로폴리스 | 폴스타
ASL Season 20,16강,김민철,Z,김정우,Z,0,2,김정우,2,폴스타 | 리트머스
ASL Season 20,16강,김정우,Z,유영진,T,2,0,김정우,2,메트로폴리스 | 라데온
ASL Season 20,16강,도재욱,P,방태수,Z,0,1,방태수,1,녹아웃
ASL Season 20,16강,김명운,Z,김택용,P,0,1,김택용,1,녹아웃
ASL Season 20,16강,김택용,P,방태수,Z,2,1,김택용,3,폴스타 | 라데온 | 메트로폴리스
ASL Season 20,16강,김명운,Z,도재욱,P,1,2,도재욱,3,폴스타 | 라데온 | 도미네이터 SE
ASL Season 20,16강,도재욱,P,방태수,Z,2,1,도재욱,3,도미네이터 SE | 라데온 | 메트로폴리스
ASL Season 20,16강,장윤철,P,조기석,T,1,0,장윤철,1,녹아웃
ASL Season 20,16강,변현제,P,이제동,Z,1,0,변현제,1,녹아웃
ASL Season 20,16강,변현제,P,장윤철,P,1,2,장윤철,3,폴스타 | 도미네이터 SE | 라데온
ASL Season 20,16강,이제동,Z,조기석,T,2,0,이제동,2,폴스타 | 울돌목
ASL Season 20,16강,변현제,P,이제동,Z,2,0,변현제,2,도미네이터 SE | 메트로폴리스
ASL Season 20,16강,이영웅,T,이재호,T,0,1,이재호,1,녹아웃
ASL Season 20,16강,박상현,Z,임홍규,Z,1,0,박상현,1,녹아웃
ASL Season 20,16강,박상현,Z,이재호,T,2,1,박상현,3,라데온 | 메트로폴리스 | 도미네이터 SE
ASL Season 20,16강,이영웅,T,임홍규,Z,0,2,임홍규,2,도미네이터 SE | 폴스타
ASL Season 20,16강,이재호,T,임홍규,Z,0,2,임홍규,2,도미네이터 SE | 메트로폴리스
ASL Season 20,8강,변현제,P,황병영,T,3,4,황병영,7,녹아웃 | 울돌목 | 메트로폴리스 | 리트머스 | 폴스타 | 도미네이터 SE | 라데온
ASL Season 20,8강,김정우,Z,장윤철,P,1,4,장윤철,5,울돌목 | 메트로폴리스 | 도미네이터 SE | 리트머스 | 녹아웃
ASL Season 20,8강,도재욱,P,박상현,Z,2,4,박상현,6,폴스타 | 메트로폴리스 | 라데온 | 울돌목 | 도미네이터 SE | 리트머스
ASL Season 20,8강,김택용,P,임홍규,Z,4,1,김택용,5,울돌목 | 폴스타 | 라데온 | 메트로폴리스 | 녹아웃
ASL Season 20,4강,장윤철,P,황병영,T,4,1,장윤철,5,울돌목 | 폴스타 | 도미네이터 SE | 녹아웃 | 리트머스
ASL Season 20,4강,김택용,P,박상현,Z,3,4,박상현,7,라데온 | 도미네이터 SE | 메트로폴리스 | 폴스타 | 울돌목 | 녹아웃 | 리트머스
ASL Season 20,결승전,박상현,Z,장윤철,P,4,2,박상현,6,울돌목 | 도미네이터 SE | 라데온 | 폴스타 | 메트로폴리스 | 녹아웃
ASL Season 21,24강,유승곤,T,조기석,T,0,1,조기석,1,옥타곤
ASL Season 21,24강,윤찬희,T,정윤종,P,0,1,정윤종,1,옥타곤
ASL Season 21,24강,정윤종,P,조기석,T,1,0,정윤종,1,매치포인트
ASL Season 21,24강,유승곤,T,윤찬희,T,1,0,유승곤,1,매치포인트
ASL Season 21,24강,유승곤,T,조기석,T,0,1,조기석,1,폴스타
ASL Season 21,24강,김민철,Z,김태영,T,1,0,김민철,1,옥타곤
ASL Season 21,24강,정영재,T,최호선,T,0,1,최호선,1,옥타곤
ASL Season 21,24강,김민철,Z,최호선,T,0,1,최호선,1,애티튜드
ASL Season 21,24강,김태영,T,정영재,T,1,0,김태영,1,애티튜드
ASL Season 21,24강,김민철,Z,김태영,T,0,1,김태영,1,실피드 3
ASL Season 21,24강,윤수철,P,조일장,Z,0,1,조일장,1,옥타곤
ASL Season 21,24강,이영한,Z,임홍규,Z,1,0,이영한,1,옥타곤
ASL Season 21,24강,이영한,Z,조일장,Z,0,1,조일장,1,애티튜드
ASL Season 21,24강,윤수철,P,임홍규,Z,1,0,윤수철,1,제인 도
ASL Season 21,24강,윤수철,P,이영한,Z,1,0,윤수철,1,폴스타
ASL Season 21,24강,김윤환,Z,이재호,T,0,1,이재호,1,옥타곤
ASL Season 21,24강,김지성,T,박성균,T,0,1,박성균,1,옥타곤
ASL Season 21,24강,박성균,T,이재호,T,0,1,이재호,1,애티튜드
ASL Season 21,24강,김윤환,Z,김지성,T,0,1,김지성,1,제인 도
ASL Season 21,24강,김지성,T,박성균,T,1,0,김지성,1,폴스타
ASL Season 21,24강,유영진,T,임진묵,T,0,1,임진묵,1,옥타곤
ASL Season 21,24강,이영웅,T,이영호,T,0,1,이영호,1,옥타곤
ASL Season 21,24강,이영호,T,임진묵,T,1,0,이영호,1,제인 도
ASL Season 21,24강,유영진,T,이영웅,T,0,1,이영웅,1,애티튜드
ASL Season 21,24강,이영웅,T,임진묵,T,0,1,임진묵,1,폴스타
ASL Season 21,24강,도재욱,P,신상문,T,0,1,신상문,1,옥타곤
ASL Season 21,24강,김명운,Z,이제동,Z,0,1,이제동,1,옥타곤
ASL Season 21,24강,신상문,T,이제동,Z,0,1,이제동,1,제인 도
ASL Season 21,24강,김명운,Z,도재욱,P,1,0,김명운,1,제인 도
ASL Season 21,24강,김명운,Z,신상문,T,0,1,신상문,1,폴스타
ASL Season 21,16강,박상현,Z,윤수철,P,1,0,박상현,1,폴스타
ASL Season 21,16강,조기석,T,최호선,T,0,1,최호선,1,폴스타
ASL Season 21,16강,박상현,Z,최호선,T,2,1,박상현,3,옥타곤 | 매치포인트 | 녹아웃
ASL Season 21,16강,윤수철,P,조기석,T,2,1,윤수철,3,실피드 3 | 매치포인트 | 녹아웃
ASL Season 21,16강,윤수철,P,최호선,T,2,1,윤수철,3,실피드 3 | 제인 도 | 녹아웃
ASL Season 21,16강,임진묵,T,장윤철,P,0,1,장윤철,1,폴스타
ASL Season 21,16강,정윤종,P,조일장,Z,0,1,조일장,1,폴스타
ASL Season 21,16강,장윤철,P,조일장,Z,2,1,장윤철,3,녹아웃 | 실피드 3 | 매치포인트
ASL Season 21,16강,임진묵,T,정윤종,P,0,2,정윤종,2,매치포인트 | 녹아웃
ASL Season 21,16강,정윤종,P,조일장,Z,1,2,조일장,3,옥타곤 | 실피드 3 | 녹아웃
ASL Season 21,16강,김태영,T,김택용,P,0,1,김택용,1,폴스타
ASL Season 21,16강,이영호,T,이제동,Z,0,1,이제동,1,폴스타
ASL Season 21,16강,김택용,P,이제동,Z,0,2,이제동,2,제인 도 | 녹아웃
ASL Season 21,16강,김태영,T,이영호,T,0,2,이영호,2,제인 도 | 녹아웃
ASL Season 21,16강,김택용,P,이영호,T,0,2,이영호,2,애티튜드 | 녹아웃
ASL Season 21,16강,신상문,T,황병영,T,1,0,신상문,1,폴스타
ASL Season 21,16강,김지성,T,이재호,T,1,0,김지성,1,폴스타
ASL Season 21,16강,김지성,T,신상문,T,0,2,신상문,2,옥타곤 | 녹아웃
ASL Season 21,16강,이재호,T,황병영,T,2,0,이재호,2,실피드 3 | 옥타곤
ASL Season 21,16강,김지성,T,이재호,T,1,2,이재호,3,애티튜드 | 제인 도 | 옥타곤
ASL Season 21,8강,박상현,Z,조일장,Z,3,0,박상현,3,매치포인트 | 녹아웃 | 제인 도
ASL Season 21,8강,신상문,T,윤수철,P,3,0,신상문,3,녹아웃 | 매치포인트 | 애티튜드
ASL Season 21,8강,이재호,T,이제동,Z,3,2,이재호,5,매치포인트 | 제인 도 | 실피드 3 | 폴스타 | 옥타곤
ASL Season 21,8강,이영호,T,장윤철,P,3,2,이영호,5,매치포인트 | 애티튜드 | 제인 도 | 폴스타 | 녹아웃
ASL Season 21,4강,박상현,Z,신상문,T,4,1,박상현,5,실피드 3 | 제인 도 | 옥타곤 | 폴스타 | 녹아웃
ASL Season 21,4강,이영호,T,이재호,T,4,0,이영호,4,애티튜드 | 녹아웃 | 제인 도 | 폴스타
ASL Season 21,결승전,박상현,Z,이영호,T,4,3,박상현,7,제인 도 | 옥타곤 | 실피드 3 | 폴스타 | 녹아웃 | 애티튜드 | 매치포인트
ASL Season 22,와일드카드,이제동,Z,장윤철,P,0,2,장윤철,2,녹아웃 | 폴스타
ASL Season 22,와일드카드,윤수철,P,조일장,Z,0,2,조일장,2,옥타곤 SE | 매치포인트
ASL Season 22,와일드카드,장윤철,P,조일장,Z,2,1,장윤철,3,폴스타 | 매치포인트 | 실피드 3
ASL Season 22,24강,배성흠,Z,유영진,T,0,1,유영진,1,녹아웃
ASL Season 22,24강,김윤중,P,김택용,P,1,0,김윤중,1,녹아웃
ASL Season 22,24강,김윤중,P,유영진,T,1,0,김윤중,1,오디세이 RE
ASL Season 22,24강,김택용,P,배성흠,Z,1,0,김택용,1,애티튜드 SE
ASL Season 22,24강,김택용,P,유영진,T,0,1,유영진,1,옥타곤 SE
ASL Season 22,24강,김재현,T,조기석,T,1,0,김재현,1,녹아웃
ASL Season 22,24강,김성대,Z,이영한,Z,0,1,이영한,1,녹아웃
ASL Season 22,24강,김재현,T,이영한,Z,0,1,이영한,1,애티튜드 SE
ASL Season 22,24강,김성대,Z,조기석,T,1,0,김성대,1,오디세이 RE
ASL Season 22,24강,김성대,Z,김재현,T,0,1,김재현,1,옥타곤 SE
ASL Season 22,24강,도재욱,P,정경두,P,1,0,도재욱,1,녹아웃
ASL Season 22,24강,이영웅,T,이제동,Z,0,1,이제동,1,녹아웃
ASL Season 22,24강,도재욱,P,이제동,Z,1,0,도재욱,1,컬러리스 페이트
