날짜,선수A,종족A,선수B,종족B,세트A,세트B,승자,총세트,맵목록,다시보기
2026-08-12,김지성,T,김택용,P,5,4,김지성,9,Aiolos | Attitude | KnockOut | Octagon | Backrooms | Attitude | Aiolos | KnockOut | Octagon,
2026-08-03,김지성,T,이제동,Z,6,3,김지성,9,KnockOut | Attitude | Backrooms | Aiolos | Octagon | Attitude | Backrooms | KnockOut | Octagon,
2026-07-29,김지성,T,조일장,Z,6,3,김지성,9,Octagon | Backrooms | Attitude | Aiolos | KnockOut | Octagon | Attitude | Backrooms | KnockOut,
2026-07-27,장윤철,P,조일장,Z,4,5,조일장,9,Colorless Fate | Octagon | Aiolos | Backrooms | KnockOut | Backrooms | Octagon | Colorless Fate | Aiolos,
2026-07-20,이영웅,T,장윤철,P,4,5,장윤철,9,Colorless Fate | Octagon | Aiolos | KnockOut | Backrooms | Aiolos | Octagon | KnockOut | Backrooms,
2026-07-16,유영진,T,조일장,Z,4,5,조일장,9,Octagon | Attitude | KnockOut | Aiolos | Odyssey | Attitude | Odyssey | Octagon | KnockOut,
2026-07-13,박상현,Z,유영진,T,4,5,유영진,9,Neo Sylphid | Pole Star | Attitude | Octagon | KnockOut | Pole Star | Neo Sylphid | Octagon | Attitude,
2026-07-06,변현제,P,유영진,T,3,6,유영진,9,Neo Sylphid | MatchPoint | Pole Star | KnockOut | Octagon | Pole Star | MatchPoint | KnockOut | Octagon,
2026-06-30,김민철,Z,유영진,T,4,5,유영진,9,MatchPoint | Attitude | Octagon | Neo Sylphid | KnockOut | Attitude | MatchPoint | KnockOut | Octagon,
2026-06-25,도재욱,P,유영진,T,4,5,유영진,9,Jane doe | Pole Star | Octagon | KnockOut | Neo Sylphid | Jane doe | Pole Star | Neo Sylphid | KnockOut,
2026-06-15,유영진,T,장윤철,P,5,4,유영진,9,Pole Star | MatchPoint | Octagon | KnockOut | Neo Sylphid | Pole Star | MatchPoint | Octagon | KnockOut,
2026-06-12,이제동,Z,장윤철,P,2,7,장윤철,9,Attitude | MatchPoint | Octagon | Neo Sylphid | KnockOut | MatchPoint | Attitude | Octagon | Neo Sylphid,
2026-06-09,이재호,T,장윤철,P,4,5,장윤철,9,Pole Star | Neo Sylphid | MatchPoint | Octagon | KnockOut | Pole Star | MatchPoint | Neo Sylphid | KnockOut,
2026-05-25,임홍규,Z,장윤철,P,3,6,장윤철,9,Attitude | Jane doe | Octagon | KnockOut | Neo Sylphid | Jane doe | Attitude | Octagon | KnockOut,
2026-05-18,이영웅,T,장윤철,P,3,6,장윤철,9,Octagon | Neo Sylphid | Jane doe | KnockOut | Pole Star | Neo Sylphid | Jane doe | Octagon | Pole Star,
2026-05-13,김민철,Z,장윤철,P,3,6,장윤철,9,Jane doe | Neo Sylphid | Attitude | Octagon | KnockOut | Attitude | Jane doe | Octagon | Neo Sylphid,
2026-05-06,김민철,Z,김지성,T,5,4,김민철,9,Pole Star | Neo Sylphid | KnockOut | Octagon | Attitude | Pole Star | Neo Sylphid | Octagon | Attitude,
2026-04-30,김민철,Z,황병영,T,5,4,김민철,9,MatchPoint | Pole Star | KnockOut | Jane doe | Octagon | Pole Star | MatchPoint | KnockOut | Jane doe,
2026-04-16,이영웅,T,조일장,Z,7,2,이영웅,9,KnockOut | Jane doe | Octagon | Neo Sylphid | Attitude | Jane doe | Octagon | Attitude | Neo Sylphid,
2026-04-10,유영진,T,조일장,Z,3,6,조일장,9,Octagon | MatchPoint | Jane doe | Neo Sylphid | Attitude | Octagon | MatchPoint | Neo Sylphid | Attitude,
2026-04-07,변현제,P,조일장,Z,3,6,조일장,9,Attitude | Jane doe | Neo Sylphid | KnockOut | Octagon | Jane doe | Attitude | Octagon | Neo Sylphid,
2026-03-17,이재호,T,조일장,Z,2,7,조일장,9,Octagon | KnockOut | Pole Star | MatchPoint | Attitude | Pole Star | Attitude | Octagon | MatchPoint,
2026-03-14,도재욱,P,이재호,T,3,6,이재호,9,Octagon | Pole Star | Neo Sylphid | Jane doe | KnockOut | Jane doe | Octagon | Neo Sylphid | KnockOut,
2026-03-06,김명운,Z,이재호,T,4,5,이재호,9,KnockOut | Octagon | Pole Star | Jane doe | Attitude | KnockOut | Pole Star | Octagon | Jane doe,
2026-02-23,변현제,P,이재호,T,4,5,이재호,9,Neo Sylphid | Pole Star | Jane doe | Octagon | KnockOut | Pole Star | Jane doe | Neo Sylphid | Octagon,
2026-02-19,박상현,Z,이재호,T,3,6,이재호,9,Attitude | Pole Star | Octagon | Neo Sylphid | MatchPoint | Neo Sylphid | Octagon | MatchPoint | Attitude,
2026-02-09,박상현,Z,장윤철,P,6,3,박상현,9,MatchPoint | Neo Sylphid | Pole Star | KnockOut | Octagon | Pole Star | MatchPoint | Neo Sylphid | Octagon,
2026-02-02,박상현,Z,조기석,T,8,1,박상현,9,Radeon | KnockOut | Metropolis | Dominator | Litmus | Radeon | KnockOut | Metropolis | Dominator,
2026-01-26,송병구,P,조기석,T,3,6,조기석,9,Metropolis | Radeon | Dominator | KnockOut | Litmus | Litmus | Dominator | Metropolis | KnockOut,
2026-01-19,박상현,Z,이영웅,T,5,4,박상현,9,Pole Star | Metropolis | Litmus | Radeon | KnockOut | Pole Star | Metropolis | Radeon | Litmus,
2026-01-12,박상현,Z,유영진,T,5,4,박상현,9,Pole Star | Metropolis | Radeon | Dominator | Roaring Currents | Pole Star | Radeon | Metropolis | Dominator,
2026-01-05,도재욱,P,박상현,Z,2,7,박상현,9,Metropolis | Radeon | Litmus | Pole Star | KnockOut | Litmus | Metropolis | KnockOut | Pole Star,
2025-12-30,김지성,T,박상현,Z,4,5,박상현,9,Pole Star | Radeon | KnockOut | Metropolis | Dominator | Pole Star | Dominator | KnockOut | Metropolis,
2025-12-23,박상현,Z,변현제,P,8,1,박상현,9,Radeon | Litmus | Metropolis | KnockOut | Dominator | Litmus | Metropolis | Dominator | Radeon,
2025-12-16,변현제,P,유영진,T,6,3,변현제,9,Pole Star | KnockOut | Radeon | Dominator | Litmus | Dominator | Litmus | Pole Star | Radeon,
2025-12-09,김성대,Z,유영진,T,4,5,유영진,9,Metropolis | Dominator | Radeon | KnockOut | Litmus | Dominator | Litmus | Metropolis | Radeon,
2025-11-27,김성대,Z,장윤철,P,5,4,김성대,9,Radeon | Metropolis | Dominator | KnockOut | Litmus | Radeon | Dominator | Metropolis | KnockOut,
2025-11-25,이재호,T,장윤철,P,4,5,장윤철,9,Pole Star | Dominator | Litmus | Radeon | KnockOut | Litmus | Pole Star | KnockOut | Radeon,
2025-11-20,김명운,Z,장윤철,P,3,6,장윤철,9,Dominator | Metropolis | Roaring Currents | Pole Star | Radeon | Roaring Currents | Metropolis | Dominator | Pole Star,
2025-10-28,김지성,T,장윤철,P,3,6,장윤철,9,Dominator | Radeon | KnockOut | Litmus | Metropolis | Dominator | Metropolis | Radeon | Litmus,
2025-10-23,김지성,T,조일장,Z,5,4,김지성,9,Radeon | Pole Star | Dominator | Metropolis | KnockOut | Pole Star | Dominator | Metropolis | Radeon,
2025-10-16,김지성,T,임홍규,Z,6,3,김지성,9,Pole Star | Metropolis | Dominator | Radeon | KnockOut | Pole Star | Metropolis | Dominator | Radeon,
2025-10-10,김지성,T,도재욱,P,5,4,김지성,9,Radeon | Dominator | Metropolis | Pole Star | Litmus | Radeon | Dominator | Litmus | Metropolis,
2025-10-01,김정우,Z,김지성,T,3,6,김지성,9,Radeon | Metropolis | Pole Star | KnockOut | Dominator | Metropolis | Pole Star | KnockOut | Dominator,
2025-09-24,김명운,Z,김지성,T,3,6,김지성,9,Radeon | Roaring Currents | KnockOut | Metropolis | Dominator | Metropolis | Radeon | Dominator | KnockOut,
2025-09-17,김지성,T,박상현,Z,5,4,김지성,9,Pole Star | KnockOut | Metropolis | Dominator | Litmus | Pole Star | Dominator | Metropolis | KnockOut,
2025-09-05,변현제,P,임홍규,Z,1,8,임홍규,9,Litmus | Metropolis | Dominator | Radeon | KnockOut | Metropolis | Dominator | Radeon | Litmus,
2025-09-03,박상현,Z,정영재,T,7,2,박상현,9,Radeon | Pole Star | Dominator | KnockOut | Metropolis | Pole Star | Dominator | KnockOut | Radeon,
2025-08-29,박상현,Z,조기석,T,6,3,박상현,9,Pole Star | Radeon | KnockOut | Dominator | Litmus | Dominator | Pole Star | Radeon | KnockOut,
2025-08-21,박상현,Z,장윤철,P,5,4,박상현,9,Metropolis | Radeon | Litmus | Dominator | KnockOut | Dominator | Litmus | Radeon | Metropolis,
2025-08-14,박상현,Z,유영진,T,5,4,박상현,9,KnockOut | Radeon | Pole Star | Dominator | Metropolis | KnockOut | Pole Star | Dominator | Radeon,
2025-08-04,도재욱,P,유영진,T,4,5,유영진,9,Pole Star | Metropolis | Litmus | Radeon | Dominator | Metropolis | Pole Star | Litmus | Radeon,
2025-07-29,도재욱,P,이제동,Z,6,3,도재욱,9,Dominator | Radeon | déjà vu | Metropolis | Pole Star | déjà vu | Metropolis | Radeon | Pole Star,
2025-07-12,도재욱,P,이재호,T,6,3,도재욱,9,Metropolis | Pole Star | Radeon | DeathValley | Dominator | Pole Star | DeathValley | Metropolis | Dominator,
2025-07-07,이재호,T,조일장,Z,6,3,이재호,9,déjà vu | Radeon | Eclipse | Dominator | Metropolis | Radeon | déjà vu | Metropolis | Dominator,
2025-06-27,변현제,P,조일장,Z,3,6,조일장,9,Dominator | Eclipse | Radeon | Pole Star | Metropolis | Eclipse | Metropolis | Dominator | Pole Star,
2025-06-19,김지성,T,변현제,P,4,5,변현제,9,déjà vu | Radeon | Eclipse | Dominator | Metropolis | Eclipse | déjà vu | Radeon | Metropolis,
2025-06-10,김성대,Z,변현제,P,3,6,변현제,9,Dominator | Radeon | Eclipse | Metropolis | Pole Star | Eclipse | Dominator | Radeon | Pole Star,
2025-05-22,변현제,P,이영웅,T,5,4,변현제,9,Pole Star | Eclipse | déjà vu | Dominator | Radeon | Pole Star | Eclipse | déjà vu | Dominator,
2025-05-11,김명운,Z,변현제,P,1,8,변현제,9,Dominator | Metropolis | Eclipse | déjà vu | Pole Star | Dominator | Eclipse | Metropolis | déjà vu,
2025-05-09,변현제,P,유영진,T,5,4,변현제,9,Eclipse | déjà vu | Pole Star | Dominator | Radeon | Pole Star | Eclipse | déjà vu | Dominator,
2025-04-26,유영진,T,조일장,Z,7,2,유영진,9,Radeon | Metropolis | déjà vu | Eclipse | Dominator | Metropolis | Eclipse | Radeon | Dominator,
2025-04-17,송병구,P,유영진,T,4,5,유영진,9,Pole Star | Dominator | déjà vu | Radeon | Eclipse | Eclipse | Dominator | Pole Star | déjà vu,
2025-04-08,유영진,T,이제동,Z,7,2,유영진,9,Pole Star | Radeon | déjà vu | Metropolis | Eclipse | Pole Star | Radeon | déjà vu | Metropolis,
2025-04-04,도재욱,P,이제동,Z,4,5,이제동,9,Eclipse | déjà vu | Metropolis | Radeon | Pole Star | Eclipse | déjà vu | Metropolis | Radeon,
2025-03-14,이제동,Z,최호선,T,6,3,이제동,9,Pole Star | Radeon | déjà vu | Eclipse | Metropolis | Pole Star | déjà vu | Radeon | Metropolis,
2025-03-12,변현제,P,이제동,Z,4,5,이제동,9,Pole Star | Radeon | déjà vu | Eclipse | Dominator | Radeon | Eclipse | déjà vu | Pole Star,
2025-03-07,이제동,Z,정영재,T,5,4,이제동,9,déjà vu | Radeon | Dominator | Pole Star | Eclipse | Radeon | déjà vu | Pole Star | Eclipse,
2025-03-05,이제동,Z,황병영,T,7,2,이제동,9,Eclipse | Radeon | déjà vu | Pole Star | Dominator | déjà vu | Pole Star | Eclipse | Radeon,
2025-02-21,이제동,Z,장윤철,P,5,4,이제동,9,Metropolis | Radeon | Dominator | Pole Star | Eclipse | Eclipse | Dominator | Radeon | Metropolis,
2025-02-11,김성대,Z,장윤철,P,2,7,장윤철,9,Radeon | Pole Star | Eclipse | Metropolis | Dominator | Radeon | Dominator | Eclipse | Pole Star,
2025-02-06,김지성,T,장윤철,P,1,8,장윤철,9,Eclipse | Radeon | Pole Star | Metropolis | Dominator | Radeon | Eclipse | Pole Star | Dominator,
2025-02-04,김명운,Z,김지성,T,4,5,김지성,9,déjà vu | Metropolis | Pole Star | Radeon | Dominator | Radeon | Metropolis | Pole Star | déjà vu,
2025-01-31,김명운,Z,도재욱,P,5,4,김명운,9,Eclipse | déjà vu | Dominator | Pole Star | Radeon | Eclipse | Dominator | déjà vu | Pole Star,
2025-01-22,김명운,Z,이재호,T,5,4,김명운,9,Pantheon | Radeon | déjà vu | Dominator | Kick Back | Radeon | Pantheon | déjà vu | Kick Back,
2024-12-13,김명운,Z,변현제,P,5,4,김명운,9,déjà vu | Pantheon | Dominator | Radeon | Kick Back | Kick Back | Pantheon | Dominator | déjà vu,
2024-12-06,변현제,P,조기석,T,6,3,변현제,9,Kick Back | déjà vu | Dominator | Radeon | Montyhall SE | Kick Back | déjà vu | Radeon | Montyhall SE,
2024-11-30,변현제,P,이제동,Z,5,4,변현제,9,Kick Back | Radeon | Pantheon | Dominator | déjà vu | Kick Back | Pantheon | Radeon | déjà vu,
2024-11-05,김성대,Z,변현제,P,3,6,변현제,9,Kick Back | Pantheon | Dominator | Radeon | déjà vu | Dominator | déjà vu | Kick Back | Radeon,
2024-10-06,김지성,T,송병구,P,3,6,송병구,9,Minstrel | déjà vu | Montyhall SE | Dominator | Pantheon | Minstrel | déjà vu | Dominator | Pantheon,
2024-10-04,변현제,P,이재호,T,5,4,변현제,9,Kick Back | Pantheon | Montyhall SE | déjà vu | Dominator | Pantheon | Montyhall SE | déjà vu | Kick Back,
2024-09-28,김민철,Z,이재호,T,4,5,이재호,9,Radeon | Kick Back | Montyhall SE | déjà vu | Minstrel | Radeon | déjà vu | Montyhall SE | Kick Back,
2024-09-20,도재욱,P,이재호,T,3,6,이재호,9,Pantheon | Montyhall SE | déjà vu | Dominator | Kick Back | Dominator | Pantheon | Kick Back | déjà vu,
2024-09-13,김명운,Z,도재욱,P,2,7,도재욱,9,Radeon | Kick Back | déjà vu | Dominator | Pantheon | déjà vu | Dominator | Kick Back | Pantheon,
2024-08-14,도재욱,P,유영진,T,5,4,도재욱,9,Montyhall SE | Kick Back | Dominator | déjà vu | Radeon | Radeon | déjà vu | Kick Back | Montyhall SE,
2024-08-02,도재욱,P,이제동,Z,6,3,도재욱,9,Radeon | Minstrel | Pantheon | Dominator | Kick Back | Minstrel | Pantheon | Dominator | Kick Back,
2024-07-30,김지성,T,도재욱,P,2,7,도재욱,9,Dominator | Radeon | Montyhall SE | déjà vu | Kick Back | Dominator | Montyhall SE | Radeon | déjà vu,
2024-07-15,김지성,T,조일장,Z,5,4,김지성,9,Radeon | Citadel | Neo Dark Origin | Retro | Apocalypse | Citadel | Neo Dark Origin | Retro | Radeon,
2024-07-10,김지성,T,변현제,P,7,2,김지성,9,BlitzY | Apocalypse | Neo Dark Origin | Retro | Radeon | Apocalypse | BlitzY | Radeon | Retro,
2024-05-21,김민철,Z,김지성,T,4,5,김지성,9,Citadel | Retro | Apocalypse | Radeon | BlitzY | Apocalypse | Radeon | Retro | BlitzY,
2024-05-14,김민철,Z,도재욱,P,7,2,김민철,9,BlitzY | Neo Dark Origin | Apocalypse | Retro | Citadel | BlitzY | Apocalypse | Neo Dark Origin | Citadel,
2024-05-10,김민철,Z,이재호,T,5,4,김민철,9,Retro | Apocalypse | BlitzY | Troy | Radeon | Troy | Apocalypse | BlitzY | Retro,
2024-05-03,김민철,Z,장윤철,P,7,2,김민철,9,Citadel | BlitzY | Retro | Apocalypse | Neo Dark Origin | BlitzY | Apocalypse | Neo Dark Origin | Retro,
2024-04-19,장윤철,P,조기석,T,8,1,장윤철,9,Citadel | Neo Dark Origin | Retro | Apocalypse | BlitzY | Citadel | Retro | Neo Dark Origin | BlitzY,
2024-04-17,유영진,T,장윤철,P,3,6,장윤철,9,Citadel | Apocalypse | Retro | BlitzY | Troy | Citadel | Retro | Apocalypse | BlitzY,
2024-03-30,김명운,Z,장윤철,P,4,5,장윤철,9,Neo Dark Origin | Radeon | Apocalypse | Citadel | Troy | Radeon | Citadel | Troy | Apocalypse,
2024-03-17,김지성,T,장윤철,P,1,8,장윤철,9,BlitzY | Citadel | Retro | Apocalypse | Neo Dark Origin | Citadel | BlitzY | Retro | Apocalypse,
2024-03-12,김성대,Z,김지성,T,4,5,김지성,9,Neo Dark Origin | Retro | Radeon | Apocalypse | Citadel | Neo Dark Origin | Retro | Apocalypse | Citadel,
2024-03-08,김지성,T,변현제,P,5,4,김지성,9,Citadel | BlitzY | Apocalypse | Retro | Neo Dark Origin | Citadel | Apocalypse | BlitzY | Retro,
2024-02-17,변현제,P,조일장,Z,5,4,변현제,9,Radeon | Retro | BlitzY | Apocalypse | Neo Dark Origin | BlitzY | Retro | Radeon | Apocalypse,
2024-02-16,송병구,P,전태양,T,7,2,송병구,9,Apocalypse | Retro | Radeon | Neo Dark Origin | BlitzY | Retro | Apocalypse | Neo Dark Origin | BlitzY,
2024-02-15,김윤중,P,이제동,Z,2,7,이제동,9,Radeon | Citadel | BlitzY | Apocalypse | Retro | Radeon | BlitzY | Retro | Apocalypse,
2024-02-13,변현제,P,유영진,T,5,4,변현제,9,BlitzY | Apocalypse | Retro | Citadel | Neo Dark Origin | BlitzY | Citadel | Neo Dark Origin | Retro,
2024-01-18,도재욱,P,유영진,T,4,5,유영진,9,La Campanella | Apocalypse | Neo Dark Origin | Retro | Tempest | La Campanella | Retro | Apocalypse | Neo Dark Origin,
2024-01-16,김명운,Z,도재욱,P,4,5,도재욱,9,Retro | Neo Dark Origin | Polypoid | Apocalypse | Tempest | Apocalypse | Retro | Neo Dark Origin | Polypoid,
2024-01-09,도재욱,P,이재호,T,5,4,도재욱,9,Apocalypse | Retro | Neo Dark Origin | La Campanella | Tempest | Retro | Apocalypse | La Campanella | Tempest,
2023-12-27,김민철,Z,도재욱,P,4,5,도재욱,9,Apocalypse | Neo Dark Origin | Polypoid | Tempest | Retro | Tempest | Polypoid | Neo Dark Origin | Retro,
2023-12-26,김민철,Z,김지성,T,5,4,김민철,9,Neo Dark Origin | Retro | Invader | Apocalypse | La Campanella | Apocalypse | Invader | Retro | Neo Dark Origin,
2023-12-23,도재욱,P,박상현,Z,5,4,도재욱,9,Polypoid | Tempest | Retro | Neo Dark Origin | Invader | Invader | Neo Dark Origin | Retro | Polypoid,
2023-12-22,김민철,Z,이재호,T,6,3,김민철,9,Tempest | Retro | Apocalypse | La Campanella | Invader | Retro | Apocalypse | Tempest | Invader,
2023-12-21,박상현,Z,변현제,P,6,3,박상현,9,Retro | Apocalypse | Polypoid | Neo Dark Origin | Tempest | Polypoid | Apocalypse | Tempest | Neo Dark Origin,
2023-12-19,도재욱,P,유영진,T,5,4,도재욱,9,Polypoid | Apocalypse | La Campanella | Tempest | Neo Dark Origin | La Campanella | Polypoid | Apocalypse | Neo Dark Origin,
2023-12-18,김지성,T,장윤철,P,6,3,김지성,9,Polypoid | Tempest | Apocalypse | Neo Dark Origin | Retro | Apocalypse | Neo Dark Origin | Polypoid | Tempest,
2023-12-12,김민철,Z,정영재,T,5,4,김민철,9,Tempest | Retro | Neo Dark Origin | La Campanella | Apocalypse | La Campanella | Retro | Apocalypse | Tempest,
2023-12-11,김민철,Z,이재호,T,3,2,김민철,5,Apocalypse | Retro | Tempest | La Campanella | Neo Dark Origin,
2023-12-11,박상현,Z,정영재,T,2,3,정영재,5,La Campanella | Neo Dark Origin | Polypoid | Retro | Tempest,
2023-12-07,도재욱,P,이재호,T,4,5,이재호,9,Invader | Polypoid | Apocalypse | Retro | Tempest | Invader | Apocalypse | Polypoid | Retro,
2023-10-31,박상현,Z,이재호,T,2,7,이재호,9,Apocalypse | Retro | Tempest | La Campanella | Invader | Tempest | Retro | La Campanella | Apocalypse,
2023-10-20,김지성,T,박상현,Z,1,8,박상현,9,Tempest | Polypoid | Retro | Apocalypse | Invader | Polypoid | Invader | Retro | Tempest,
2023-10-13,박상현,Z,유영진,T,7,2,박상현,9,Polypoid | Retro | Apocalypse | Invader | Tempest | Polypoid | Retro | Apocalypse | Invader,
2023-09-27,박상현,Z,정영재,T,5,4,박상현,9,Polypoid | Tempest | Retro | Neo Dark Origin | Apocalypse | Tempest | Polypoid | Neo Dark Origin | Retro,
2023-09-20,박상현,Z,장윤철,P,6,3,박상현,9,Polypoid | Neo Dark Origin | Retro | Apocalypse | Tempest | Apocalypse | Tempest | Polypoid | Neo Dark Origin,
2023-09-10,이재호,T,장윤철,P,4,5,장윤철,9,Polypoid | Retro | Apocalypse | Invader | Tempest | Polypoid | Retro | Apocalypse | Invader,
2023-09-07,박준오,Z,장윤철,P,1,8,장윤철,9,Tempest | Apocalypse | Polypoid | Retro | Neo Dark Origin | Tempest | Polypoid | Neo Dark Origin | Retro,
2023-08-24,김명운,Z,장윤철,P,3,6,장윤철,9,Retro | Polypoid | Apocalypse | Tempest | Neo Dark Origin | Retro | Polypoid | Apocalypse | Tempest,
2023-08-17,송병구,P,윤찬희,T,5,4,송병구,9,Polypoid | Apocalypse | Retro | Neo Dark Origin | Tempest | Polypoid | Apocalypse | Neo Dark Origin | Tempest,
2023-08-07,김성대,Z,장윤철,P,2,7,장윤철,9,Retro | Polypoid | Neo Dark Origin | Tempest | Apocalypse | Retro | Neo Dark Origin | Polypoid | Tempest,
2023-08-03,김지성,T,장윤철,P,2,7,장윤철,9,Neo Dark Origin | Polypoid | Tempest | Apocalypse | Retro | Polypoid | Retro | Apocalypse | Tempest,
2023-07-31,김지성,T,조일장,Z,5,4,김지성,9,Apocalypse | Polypoid | La Campanella | Invader | Retro | La Campanella | Retro | Polypoid | Invader,
2023-07-17,김지성,T,변현제,P,5,4,김지성,9,Neo Dark Origin | La Campanella | Apocalypse | Tempest | Retro | La Campanella | Neo Dark Origin | Apocalypse | Retro,
2023-07-10,김지성,T,박상현,Z,5,4,김지성,9,Vermeer | Retro | Neo Sylphid | Neo Heartbreak Ridge Line | Dark Origin | Retro | Neo Heartbreak Ridge Line | Vermeer | Dark Origin,
2023-06-29,도재욱,P,박상현,Z,3,6,박상현,9,76 | Neo Sylphid | Retro | Neo Heartbreak Ridge Line | Nemesis | Vermeer | Dark Origin | 76 | Neo Sylphid,
2023-06-22,도재욱,P,이재호,T,6,3,도재욱,9,Neo Sylphid | Neo Heartbreak Ridge Line | 76 | Nemesis | Vermeer | Dark Origin | Retro | Neo Heartbreak Ridge Line | Vermeer,
2023-06-16,김지성,T,도재욱,P,3,6,도재욱,9,Vermeer | Dark Origin | Neo Sylphid | Nemesis | 76 | Neo Heartbreak Ridge Line | Retro | Neo Sylphid | Vermeer,
2023-06-12,김민철,Z,도재욱,P,4,5,도재욱,9,Neo Heartbreak Ridge Line | Retro | Neo Sylphid | Nemesis | Vermeer | 76 | Dark Origin | Neo Sylphid | Retro,
2023-06-02,도재욱,P,정영재,T,6,3,도재욱,9,Retro | Vermeer | Dark Origin | Neo Sylphid | Nemesis | Neo Heartbreak Ridge Line | 76 | Dark Origin | Vermeer,
2023-05-29,이영한,Z,정영재,T,3,6,정영재,9,Vermeer | Neo Sylphid | Retro | Neo Heartbreak Ridge Line | Dark Origin | Nemesis | 76 | Neo Heartbreak Ridge Line | Dark Origin,
2023-05-25,변현제,P,이영한,Z,4,5,이영한,9,Retro | Nemesis | Vermeer | Neo Heartbreak Ridge Line | 76 | Dark Origin | Neo Sylphid | Nemesis | Vermeer,
2023-05-23,변현제,P,유영진,T,7,2,변현제,9,Nemesis | Vermeer | Neo Heartbreak Ridge Line | Neo Sylphid | Dark Origin | Retro | 76 | Vermeer | Neo Sylphid,
2023-05-19,김명운,Z,유영진,T,3,6,유영진,9,Dark Origin | Neo Heartbreak Ridge Line | Vermeer | 76 | Nemesis | Retro | Neo Sylphid | 76 | Vermeer,
2023-05-16,김명운,Z,장윤철,P,5,4,김명운,9,Retro | 76 | Dark Origin | Neo Sylphid | Neo Heartbreak Ridge Line | Vermeer | Nemesis | Neo Heartbreak Ridge Line | 76,
2023-04-24,이재호,T,장윤철,P,2,7,장윤철,9,Vermeer | Neo Sylphid | Retro | Neo Heartbreak Ridge Line | 76 | Nemesis | Dark Origin | Vermeer | Neo Heartbreak Ridge Line,
2023-04-21,김성대,Z,장윤철,P,4,5,장윤철,9,Vermeer | Neo Heartbreak Ridge Line | Retro | Dark Origin | Neo Sylphid | Nemesis | 76 | Vermeer | Dark Origin,
2023-04-05,김지성,T,장윤철,P,1,8,장윤철,9,Vermeer | Dark Origin | Neo Sylphid | Nemesis | 76 | Neo Heartbreak Ridge Line | Retro | Vermeer | Neo Sylphid,
2023-03-16,장윤철,P,황병영,T,9,0,장윤철,9,Vermeer | Neo Sylphid | Nemesis | Dark Origin | Retro | 76 | Neo Heartbreak Ridge Line | Vermeer | Neo Sylphid,
2023-03-12,이영한,Z,장윤철,P,4,5,장윤철,9,Vermeer | Neo Heartbreak Ridge Line | 76 | Neo Sylphid | Dark Origin | Nemesis | Retro | Nemesis | Neo Heartbreak Ridge Line,
2023-03-09,유영진,T,장윤철,P,2,7,장윤철,9,Neo Heartbreak Ridge Line | 76 | Vermeer | Nemesis | Retro | Neo Sylphid | Dark Origin | Vermeer | Nemesis,
2023-02-23,김명운,Z,유영진,T,3,6,유영진,9,Dark Origin | Neo Heartbreak Ridge Line | Vermeer | 76 | Nemesis | Retro | Neo Sylphid | 76 | Vermeer,
2023-02-22,박상현,Z,유영진,T,4,5,유영진,9,Retro | Vermeer | Neo Heartbreak Ridge Line | 76 | Dark Origin | Nemesis | Neo Sylphid | Nemesis | Vermeer,
2023-02-21,박상현,Z,변현제,P,5,4,박상현,9,Nemesis | Dark Origin | Vermeer | 76 | Neo Heartbreak Ridge Line | Retro | Neo Sylphid | Vermeer | Retro,
2023-02-16,김지성,T,박상현,Z,4,5,박상현,9,Vermeer | Neo Heartbreak Ridge Line | Nemesis | Dark Origin | Neo Sylphid | Retro | 76 | Vermeer | Nemesis,
2023-02-15,도재욱,P,박상현,Z,4,5,박상현,9,Retro | Vermeer | Neo Heartbreak Ridge Line | Neo Sylphid | 76 | Dark Origin | Nemesis | Vermeer | 76,
2023-02-13,박상현,Z,이재호,T,6,3,박상현,9,Dark Origin | 76 | Neo Heartbreak Ridge Line | Retro | Vermeer | Nemesis | Neo Sylphid | Nemesis | Neo Heartbreak Ridge Line,
2023-01-26,이재호,T,장윤철,P,5,4,이재호,9,Vermeer | Butter | Allegro | Neo Sylphid | Odyssey | Nemesis | Neo Arkanoid | Butter | Odyssey,
2023-01-25,김성대,Z,장윤철,P,3,6,장윤철,9,Odyssey | Vermeer | Neo Sylphid | Butter | Nemesis | Allegro | Neo Arkanoid | Vermeer | Neo Sylphid,
2022-12-28,김민철,Z,유영진,T,5,4,김민철,9,Vermeer | Odyssey | Allegro | Neo Sylphid | Neo Arkanoid | Nemesis | Butter | Odyssey | Nemesis,
2022-12-26,도재욱,P,유영진,T,4,5,유영진,9,Butter | Neo Arkanoid | Vermeer | Allegro | Odyssey | Nemesis | Neo Sylphid | Allegro | Vermeer,
2022-12-21,유영진,T,조일장,Z,6,3,유영진,9,Allegro | Vermeer | Neo Arkanoid | Odyssey | Butter | Neo Sylphid | Nemesis | Odyssey | Vermeer,
2022-12-14,이재호,T,조일장,Z,4,5,조일장,9,Vermeer | Neo Arkanoid | Allegro | Butter | Odyssey | Nemesis | Neo Sylphid | Odyssey | Vermeer,
2022-12-13,변현제,P,이재호,T,4,5,이재호,9,Allegro | Butter | Vermeer | Neo Sylphid | Neo Arkanoid | Nemesis | Odyssey | Butter | Allegro,
2022-12-06,김명운,Z,변현제,P,4,5,변현제,9,Vermeer | Butter | Neo Sylphid | Neo Arkanoid | Nemesis | Allegro | Odyssey | Neo Arkanoid | Odyssey,
2022-12-03,변현제,P,최호선,T,7,2,변현제,9,Vermeer | Neo Arkanoid | Butter | Allegro | Neo Sylphid | Nemesis | Odyssey | Vermeer | Odyssey,
2022-11-30,김성대,Z,도재욱,P,5,4,김성대,9,Vermeer | Odyssey | Allegro | Neo Arkanoid | Neo Sylphid | Butter | Nemesis | Vermeer | Allegro,
2022-11-25,도재욱,P,윤찬희,T,8,1,도재욱,9,Allegro | Vermeer | Neo Sylphid | Nemesis | Butter | Odyssey | Neo Arkanoid | Allegro | Vermeer,
2022-11-23,도재욱,P,조기석,T,6,3,도재욱,9,Vermeer | Allegro | Butter | Neo Sylphid | Nemesis | Odyssey | Neo Arkanoid | Odyssey | Butter,
2022-11-21,도재욱,P,이영한,Z,7,2,도재욱,9,Butter | Neo Arkanoid | Vermeer | Odyssey | Nemesis | Allegro | Neo Sylphid | Neo Arkanoid | Vermeer,
2022-10-26,송병구,P,이영한,Z,4,5,이영한,9,Vermeer | Neo Arkanoid | Butter | Neo Sylphid | Allegro | Nemesis | Odyssey | Neo Arkanoid | Odyssey,
2022-09-25,윤찬희,T,이영한,Z,4,5,이영한,9,Neo Arkanoid | Butter | Allegro | Vermeer | Neo Sylphid | Nemesis | Odyssey | Neo Arkanoid | Allegro,
2022-09-23,윤찬희,T,장윤철,P,5,4,윤찬희,9,Vermeer | Butter | Odyssey | Neo Sylphid | Allegro | Nemesis | Neo Arkanoid | Vermeer | Nemesis,
2022-09-15,장윤철,P,최호선,T,6,3,장윤철,9,Vermeer | Butter | Odyssey | Neo Arkanoid | Allegro | Neo Sylphid | Nemesis | Vermeer | Allegro,
2022-09-02,김지성,T,장윤철,P,4,5,장윤철,9,Butter | Neo Sylphid | Odyssey | Vermeer | Neo Arkanoid | Allegro | Nemesis | Allegro | Vermeer,
2022-08-24,김지성,T,도재욱,P,5,4,김지성,9,Neo Arkanoid | Odyssey | Vermeer | Neo Sylphid | Allegro | Butter | Nemesis | Odyssey | Vermeer,
2022-08-15,김명운,Z,김지성,T,4,5,김지성,9,Neo Sylphid | Neo Arkanoid | Allegro | Vermeer | Odyssey | Nemesis | Butter | Allegro | Vermeer,
2022-08-04,김지성,T,조일장,Z,5,4,김지성,9,Vermeer | Monopoly | Eclipse | Butter | Allegro | Revolver | Metaverse | Vermeer | Allegro,
2022-08-03,김지성,T,변현제,P,6,3,김지성,9,Eclipse | Allegro | Butter | Vermeer | Metaverse | Revolver | Monopoly | Eclipse | Butter,
2022-07-21,김윤환,Z,염보성,T,7,2,김윤환,9,,
2022-07-13,김민철,Z,김지성,T,3,6,김지성,9,Eclipse | Vermeer | Revolver | Butter | Monopoly | Metaverse | Allegro | Vermeer | Monopoly,
2022-07-03,김민철,Z,유영진,T,6,3,김민철,9,Allegro | Vermeer | Eclipse | Metaverse | Revolver | Butter | Monopoly | Allegro | Vermeer,
2022-06-26,김민철,Z,장윤철,P,5,4,김민철,9,Vermeer | Metaverse | Revolver | Eclipse | Butter | Monopoly | Allegro | Vermeer | Revolver,
2022-06-24,이재호,T,장윤철,P,2,7,장윤철,9,Eclipse | Metaverse | Monopoly | Allegro | Vermeer | Revolver | Butter | Eclipse | Revolver,
2022-06-12,박상현,Z,이재호,T,3,6,이재호,9,Allegro | Vermeer | Eclipse | Monopoly | Butter | Revolver | Metaverse | Monopoly | Vermeer,
2022-05-13,김지성,T,박상현,Z,3,6,박상현,9,Allegro | Eclipse | Revolver | Metaverse | Vermeer | Monopoly | Butter | Eclipse | Vermeer,
2022-05-06,도재욱,P,박상현,Z,3,6,박상현,9,Vermeer | Allegro | Revolver | Monopoly | Metaverse | Eclipse | Butter | Revolver | Monopoly,
2022-05-04,도재욱,P,유영진,T,8,1,도재욱,9,Eclipse | Vermeer | Butter | Allegro | Monopoly | Revolver | Metaverse | Allegro | Vermeer,
2022-04-13,김명운,Z,유영진,T,3,6,유영진,9,Allegro | Butter | Eclipse | Vermeer | Metaverse | Revolver | Monopoly | Eclipse | Revolver,
2022-04-06,김명운,Z,변현제,P,7,2,김명운,9,Allegro | Revolver | Metaverse | Eclipse | Vermeer | Monopoly | Butter | Revolver | Eclipse,
2022-03-25,김민철,Z,변현제,P,4,5,변현제,9,Eclipse | Butter | Monopoly | Vermeer | Revolver | Allegro | Metaverse | Vermeer | Allegro,
2022-03-14,변현제,P,정영재,T,6,3,변현제,9,Eclipse | Allegro | Monopoly | Vermeer | Butter | Revolver | Metaverse | Vermeer | Metaverse,
2022-03-04,김민철,Z,김지성,T,5,4,김민철,9,Allegro | Eclipse | Vermeer | Monopoly | Revolver | Butter | Metaverse | Eclipse | Butter,
2022-02-11,김민철,Z,이재호,T,8,1,김민철,9,Allegro | Metaverse | Butter | Monopoly | Vermeer | Revolver | Eclipse | Butter | Allegro,
2022-02-07,김성대,Z,이재호,T,2,7,이재호,9,Eclipse | Monopoly | Metaverse | Revolver | Vermeer | Butter | Allegro | Eclipse | Monopoly,
2022-02-06,이재호,T,장윤철,P,7,2,이재호,9,Revolver | Monopoly | Allegro | Vermeer | Butter | Eclipse | Metaverse | Eclipse | Butter,
2022-02-03,이재호,T,조일장,Z,6,3,이재호,9,Vermeer | Eclipse | Revolver | Metaverse | Butter | Monopoly | Allegro | Metaverse | Vermeer,
2022-01-28,도재욱,P,조일장,Z,4,5,조일장,9,Polypoid | Revolver | Neo Sylphid | Ascension | Allegro | Eclipse | Fighting Spirit | Revolver | Neo Sylphid,
2022-01-25,도재욱,P,정영재,T,6,3,도재욱,9,Fighting Spirit | Revolver | Polypoid | Allegro | Neo Sylphid | Eclipse | Ascension | Eclipse | Fighting Spirit,
2022-01-21,김명운,Z,도재욱,P,4,5,도재욱,9,Neo Sylphid | Revolver | Ascension | Fighting Spirit | Allegro | Polypoid | Eclipse | Neo Sylphid | Polypoid,
2022-01-17,김성대,Z,김지성,T,5,4,김성대,9,Vermeer | Neo Sylphid | Allegro | Neo Arkanoid | Butter | Nemesis | Odyssey | Butter | Vermeer,
2022-01-14,김지성,T,도재욱,P,2,7,도재욱,9,Polypoid | Fighting Spirit | Neo Sylphid | Ascension | Eclipse | Revolver | Allegro | Polypoid | Allegro,
2022-01-10,도재욱,P,박상현,Z,7,2,도재욱,9,Ascension | Neo Sylphid | Fighting Spirit | Revolver | Polypoid | Eclipse | Allegro | Polypoid | Neo Sylphid,
2022-01-09,김지성,T,변현제,P,7,2,김지성,9,Odyssey | Nemesis | Allegro | Butter | Neo Sylphid | Vermeer | Neo Arkanoid | Butter | Neo Arkanoid,
2022-01-07,박상현,Z,유영진,T,6,3,박상현,9,Fighting Spirit | Polypoid | Neo Sylphid | Allegro | Revolver | Ascension | Eclipse | Eclipse | Polypoid,
2022-01-06,김민철,Z,김지성,T,3,6,김지성,9,Allegro | Vermeer | Neo Arkanoid | Odyssey | Butter | Neo Sylphid | Nemesis | Odyssey | Nemesis,
2021-11-30,박상현,Z,이재호,T,6,3,박상현,9,Ascension | Polypoid | Eclipse | Allegro | Lemon | Good Night | Revolver | Revolver | Good Night,
2021-11-13,박상현,Z,변현제,P,5,4,박상현,9,Eclipse | Good Night | Ascension | Lemon | Revolver | Largo | Polypoid | Revolver | Largo,
2021-11-06,김지성,T,박상현,Z,4,5,박상현,9,Good Night | Polypoid | Largo | Ascension | Eclipse | Lemon | Revolver | Good Night | Ascension,
2021-10-30,도재욱,P,박상현,Z,3,6,박상현,9,Ascension | Polypoid | Revolver | Lemon | Largo | Eclipse | Good Night | Revolver | Ascension,
2021-10-28,박상현,Z,유영진,T,5,4,박상현,9,Polypoid | Eclipse | Revolver | Good Night | Lemon | Ascension | Largo | Revolver | Polypoid,
2021-10-25,박상현,Z,장윤철,P,7,2,박상현,9,Polypoid | Ascension | Eclipse | Largo | Revolver | Lemon | Good Night | Revolver | Ascension,
2021-10-22,이재호,T,장윤철,P,3,6,장윤철,9,Ascension | Polypoid | Revolver | Eclipse | Largo | Good Night | Lemon | Polypoid | Ascension,
2021-10-11,김민철,Z,이재호,T,3,6,이재호,9,Revolver | Ascension | Largo | Lemon | Good Night | Eclipse | Polypoid | Ascension | Largo,
2021-09-30,김민철,Z,변현제,P,5,4,김민철,9,Largo | Eclipse | Good Night | Ascension | Polypoid | Lemon | Revolver | Largo | Good Night,
2021-09-25,김민철,Z,황병영,T,6,3,김민철,9,Largo | Polypoid | Ascension | Eclipse | Lemon | Good Night | Revolver | Largo | Good Night,
2021-09-10,김명운,Z,변현제,P,3,6,변현제,9,Eclipse | Largo | Ascension | Good Night | Polypoid | Revolver | Lemon | Polypoid | Ascension,
2021-09-03,김명운,Z,김지성,T,6,3,김명운,9,Good Night | Largo | Eclipse | Revolver | Polypoid | Lemon | Ascension | Good Night | Eclipse,
2021-08-26,김지성,T,도재욱,P,5,4,김지성,9,Polypoid | Ascension | Eclipse | Ultimate Stream | Fighting Spirit | Hidden Track | Polaris Rhapsody | Ascension | Ultimate Stream,
2021-08-21,도재욱,P,정영재,T,6,3,도재욱,9,Polypoid | Ascension | Fighting Spirit | Hidden Track | Eclipse | Ultimate Stream | Polaris Rhapsody | Polypoid | Fighting Spirit,
2021-08-02,도재욱,P,유영진,T,6,3,도재욱,9,Ascension | Ultimate Stream | Fighting Spirit | Polypoid | Eclipse | Hidden Track | Polaris Rhapsody | Ascension | Polypoid,
2021-07-18,김성대,Z,유영진,T,4,5,유영진,9,Polaris Rhapsody | Polypoid | Ultimate Stream | Ascension | Eclipse | Hidden Track | Fighting Spirit | Eclipse | Polypoid,
2021-07-13,이재호,T,임홍규,Z,1,8,임홍규,9,Ultimate Stream | Fighting Spirit | Eclipse | Polypoid | Ascension | Polaris Rhapsody | Hidden Track | Ultimate Stream | Fighting Spirit,
2021-07-04,변현제,P,이재호,T,2,7,이재호,9,Ascension | Polaris Rhapsody | Eclipse | Fighting Spirit | Ultimate Stream | Polypoid | Hidden Track | Polypoid | Polaris Rhapsody,
2021-07-02,김명운,Z,이재호,T,3,6,이재호,9,Polypoid | Polaris Rhapsody | Ultimate Stream | Fighting Spirit | Hidden Track | Eclipse | Ascension | Ultimate Stream | Fighting Spirit,
2021-06-29,이재호,T,조일장,Z,5,4,이재호,9,Fighting Spirit | Ultimate Stream | Polypoid | Ascension | Hidden Track | Polaris Rhapsody | Eclipse | Ultimate Stream | Fighting Spirit,
2021-06-18,장윤철,P,조일장,Z,2,7,조일장,9,Hidden Track | Polypoid | Polaris Rhapsody | Ascension | Eclipse | Ultimate Stream | Fighting Spirit | Ascension | Fighting Spirit,
2021-05-31,김민철,Z,장윤철,P,3,6,장윤철,9,Fighting Spirit | Ascension | Hidden Track | Ultimate Stream | Eclipse | Polypoid | Polaris Rhapsody | Ultimate Stream | Hidden Track,
2021-05-28,김민철,Z,조기석,T,7,2,김민철,9,Ultimate Stream | Fighting Spirit | Eclipse | Hidden Track | Ascension | Polypoid | Polaris Rhapsody | Fighting Spirit | Ultimate Stream,
2021-05-14,송병구,P,조기석,T,2,7,조기석,9,Polypoid | Hidden Track | Eclipse | Ultimate Stream | Fighting Spirit | Polaris Rhapsody | Ascension | Eclipse | Ultimate Stream,
2021-05-07,송병구,P,최호선,T,6,3,송병구,9,Hidden Track | Polypoid | Polaris Rhapsody | Ultimate Stream | Ascension | Fighting Spirit | Eclipse | Fighting Spirit | Polaris Rhapsody,
2021-05-03,박상현,Z,최호선,T,3,6,최호선,9,Hidden Track | Polypoid | Ultimate Stream | Fighting Spirit | Polaris Rhapsody | Eclipse | Ascension | Ultimate Stream | Polypoid,
2021-04-30,박상현,Z,유영진,T,5,4,박상현,9,Eclipse | Polypoid | Hidden Track | Polaris Rhapsody | Ultimate Stream | Ascension | Fighting Spirit | Polypoid | Eclipse,
2021-04-20,김지성,T,박상현,Z,4,5,박상현,9,Ascension | Polypoid | Eclipse | Fighting Spirit | Hidden Track | Polaris Rhapsody | Ultimate Stream | Ultimate Stream | Polaris Rhapsody,
2021-04-16,박상현,Z,정영재,T,7,2,박상현,9,Eclipse | Polypoid | Fighting Spirit | Ascension | Hidden Track | Ultimate Stream | Polaris Rhapsody | Eclipse | Fighting Spirit,
2021-03-27,도재욱,P,박상현,Z,3,6,박상현,9,Ultimate Stream | Ascension | Polypoid | Fighting Spirit | Polaris Rhapsody | Eclipse | Hidden Track | Polypoid | Hidden Track,
2021-03-26,김택용,P,이영한,Z,8,1,김택용,9,Fighting Spirit | Polaris Rhapsody | Polypoid | Eclipse | Ultimate Stream | Ascension | Hidden Track | Polypoid | Polaris Rhapsody,
2021-03-23,김윤중,P,김정우,Z,2,7,김정우,9,Fighting Spirit | Ultimate Stream | Polypoid | Eclipse | Hidden Track | Ascension | Polaris Rhapsody | Polypoid | Ascension,
2021-02-26,김정우,Z,송병구,P,5,4,김정우,9,Polypoid | Ringing Bloom SE | Shakuras Temple | Eclipse | Benzene | Polypoid | Benzene | Eclipse | Ringing Bloom SE,
2021-02-22,송병구,P,유영진,T,5,4,송병구,9,Polypoid | Shakuras Temple | Ringing Bloom SE | Eclipse | Benzene | Shakuras Temple | Eclipse | Polypoid | Ringing Bloom SE,
2021-02-19,유영진,T,임홍규,Z,8,1,유영진,9,Eclipse | Polypoid | Shakuras Temple | Ringing Bloom SE | Benzene | Benzene | Ringing Bloom SE | Eclipse | Shakuras Temple,
2021-01-10,윤용태,P,임홍규,Z,4,5,임홍규,9,Ringing Bloom SE | Polypoid | Shakuras Temple | Optimizer | Plasma | Eclipse | Benzene | Polypoid | Ringing Bloom SE,
2021-01-05,도재욱,P,임홍규,Z,4,5,임홍규,9,Polypoid | Ringing Bloom SE | Benzene | Plasma | Optimizer | Eclipse | Shakuras Temple | Plasma | Ringing Bloom SE,
2021-01-01,도재욱,P,이재호,T,5,4,도재욱,9,Plasma | Ringing Bloom SE | Shakuras Temple | Benzene | Optimizer | Polypoid | Eclipse | Plasma | Eclipse,
2020-12-22,김명운,Z,이재호,T,3,6,이재호,9,Shakuras Temple | Polypoid | Ringing Bloom SE | Benzene | Plasma | Optimizer | Eclipse | Shakuras Temple | Polypoid,
2020-12-08,박상현,Z,이재호,T,4,5,이재호,9,Shakuras Temple | Polypoid | Plasma | Optimizer | Polypoid | Benzene | Eclipse | Ringing Bloom | Plasma,
2020-11-09,이재호,T,장윤철,P,6,3,이재호,9,Plasma | Eclipse | Polypoid | Shakuras Temple | Benzene | Ringing Bloom | Optimizer | Plasma | Polypoid,
2020-11-03,변현제,P,이재호,T,2,7,이재호,9,Plasma | Benzene | Ringing Bloom | Polypoid | Eclipse | Optimizer | Shakuras Temple | Plasma | Polypoid,
2020-10-19,김민철,Z,이재호,T,4,5,이재호,9,Benzene | Ringing Bloom | Plasma | Optimizer | Polypoid | Shakuras Temple | Eclipse | Plasma | Ringing Bloom,
2020-10-17,도재욱,P,이재호,T,4,5,이재호,9,Ringing Bloom | Benzene | Eclipse | Plasma | Optimizer | Polypoid | Shakuras Temple | Polypoid | Plasma,
2020-10-10,김명운,Z,이재호,T,2,7,이재호,9,Benzene | Polypoid | Eclipse | Shakuras Temple | Optimizer | Plasma | Ringing Bloom | Benzene | Polypoid,
2020-09-28,이재호,T,임홍규,Z,7,2,이재호,9,Polypoid | Plasma | Optimizer | Ringing Bloom | Eclipse | Shakuras Temple | Benzene | Polypoid | Shakuras Temple,
2020-09-21,김윤중,P,이재호,T,4,5,이재호,9,Polypoid | Ringing Bloom | Shakuras Temple | Optimizer | Plasma | Benzene | Eclipse | Plasma | Ringing Bloom,
2020-09-14,이재호,T,조일장,Z,7,2,이재호,9,Optimizer | Benzene | Ringing Bloom | Shakuras Temple | Plasma | Polypoid | Eclipse | Benzene | Optimizer,
2020-09-07,임진묵,T,조일장,Z,2,7,조일장,9,Polypoid | Ringing Bloom | Eclipse | Plasma | benzene | Shakuras Temple | Optimizer | Eclipse | Ringing Bloom,
2020-08-31,조일장,Z,최호선,T,7,2,조일장,9,Ringing Bloom | Plasma | Polypoid | Benzene | Optimizer | Eclipse | Shakuras Temple | Benzene | Ringing Bloom,
2020-06-23,변현제,P,조일장,Z,4,5,조일장,9,Match Point | Circuit Breakers | La Mancha | Fighting Spirit | Hitchhiker | New Bloody Ridge | Escalade | Neo Sylphid | Polypoid,
2020-06-20,유영진,T,조일장,Z,2,7,조일장,9,La Mancha | Escalade | Horizon Lunar Colony | Fighting Spirit | Polypoid | Neo Sylphid | Circuit Breakers | New Bloody Ridge | Match Point,
2020-06-13,박성균,T,조일장,Z,4,5,조일장,9,Circuit Breakers | Escalade | Polypoid | Hitchhiker | Neo Sylphid | Horizon Lunar Colony | la mancha | Match Point | New Bloody Ridge,
2020-06-12,김택용,P,이제동,Z,5,4,김택용,9,,
2020-06-07,박상현,Z,박성균,T,4,5,박성균,9,Fighting Spirit | Neo Sylphid | Polypoid | Hitchhiker | La Mancha | Circuit Breakers | Horizon Lunar Colony | Match Point | New Bloody Ridge,
2020-05-31,박상현,Z,장윤철,P,7,2,박상현,9,Hitchhiker | Fighting Spirit | Circuit Breakers | Neo Sylphid | Match Point | New Bloody Ridge | Polypoid | La Mancha | Escalade,
2020-05-23,박상현,Z,조기석,T,7,2,박상현,9,La Mancha | Fighting Spirit | New Bloody Ridge | Escalade | Circuit Breakers | Polypoid | Hitchhiker | Neo Sylphid | Horizon Lunar Colony,
2020-05-09,박상현,Z,최호선,T,5,4,박상현,9,Escalade | Neo Sylphid | La Mancha | Polypoid | Hitchhiker | Horizon Lunar Colony | Match Point | Fighting Spirit | Circuit Breakers,
2020-05-04,박상현,Z,송병구,P,7,2,박상현,9,Neo Sylphid | Circuit Breakers | Match Point | Hitchhiker | Fighting Spirit | Horizon Lunar Colony | La Mancha | Polypoid | Escalade,
2020-04-27,김지성,T,송병구,P,3,6,송병구,9,Circuit Breakers | Fighting Spirit | La Mancha | Hitchhiker | Match Point | New Bloody Ridge | Neo Sylphid | Horizon Lunar Colony | Polypoid,
2020-04-20,송병구,P,이재호,T,5,4,송병구,9,Escalade | New Bloody Ridge | Hitchhiker | Fighting Spirit | Circuit Breakers | Polypoid | Horizon Lunar Colony | Match Point | Neo Sylphid,
2020-03-30,김성대,Z,이재호,T,2,7,이재호,9,Fighting Spirit | Horizon Lunar Colony | Neo Sylphid | New Bloody Ridge | Match Point | Hitchhiker | La Mancha | Circuit Breakers | Polypoid,
2020-03-23,김성대,Z,장윤철,P,5,4,김성대,9,Fighting Spirit | Escalade | Hitchhiker | Match Point | La Mancha | Neo Sylphid | Circuit Breakers | Horizon Lunar Colony | Polypoid,
2020-03-02,김성대,Z,윤찬희,T,5,4,김성대,9,Fighting Spirit | Neo Sylphid | Match Point | Autobahn | Circuit Breakers | Polypoid | La Mancha | Escalade | New Bloody Ridge,
2020-02-24,김성대,Z,변현제,P,6,3,김성대,9,Match Point | Hitchhiker | Fighting Spirit | Horizon Lunar Colony | La Mancha | Neo Sylphid | Circuit Breakers | Escalade | New Bloody Ridge,
2020-02-20,김성대,Z,도재욱,P,5,4,김성대,9,Hitchhiker | Polypoid | Match Point | La Mancha | Escalade | Neo Sylphid | Fighting Spirit | Circuit Breakers | New Bloody Ridge,
2020-02-10,도재욱,P,조기석,T,5,4,도재욱,9,Circuit Breakers | Horizon Lunar Colony | Whiteout | Escalade | Polypoid | Match Point | Hitchhiker | Fighting Spirit | Gladiator,
2020-02-07,김민철,Z,도재욱,P,4,5,도재욱,9,Destination | Escalade | New Heartbreak Ridge | Match Point | Horizon Lunar Colony | Autobahn | Neo Sylphid | Polypoid | Whiteout,
2020-01-19,도재욱,P,유영진,T,6,3,도재욱,9,La Mancha | Destination | Overwatch | Whiteout | Circuit Breakers | Eye of the Storm | Neo Sylphid | Fighting Spirit | Gladiator,
2020-01-13,도재욱,P,박상현,Z,6,3,도재욱,9,Circuit Breakers | Destination | Fighting Spirit | Overwatch | Neo Sylphid | Eye of the Storm | La Mancha | New Heartbreak Ridge | Whiteout,
2020-01-06,도재욱,P,임홍규,Z,6,3,도재욱,9,Overwatch | Destination | New Heartbreak Ridge | Eye of the Storm | Whiteout | La Mancha | Fighting Spirit | Neo Sylphid | Circuit Breakers,
2020-01-02,이재호,T,임홍규,Z,4,5,임홍규,9,Overwatch | New Heartbreak Ridge | Destination | Whiteout | Eye of the Storm | La Mancha | Fighting Spirit | Neo Sylphid | Circuit Breakers,
2019-12-25,김택용,P,이재호,T,3,6,이재호,9,New Heartbreak Ridge | Fighting Spirit | Gladiator | Overwatch | La Mancha | Circuit Breakers | Neo Sylphid | Destination | Whiteout,
2019-12-20,김명운,Z,김택용,P,3,6,김택용,9,Fighting Spirit | Destination | Neo Sylphid | Circuit Breakers | Overwatch | Eye of the Storm | La Mancha | Whiteout | Gladiator,
2019-12-12,김명운,Z,조기석,T,6,3,김명운,9,New Heartbreak Ridge | Neo Sylphid | Circuit Breakers | Whiteout | La Mancha | Eye of the Storm | Fighting Spirit | Overwatch | Gladiator,
2019-10-16,김명운,Z,변현제,P,6,3,김명운,9,Block Chain SE | Circuit Breakers | Overwatch | Neo Sylphid | Gladiator | New Bloody Ridge | Fighting Spirit | Tres Pass | Power Bond,
2019-10-09,김명운,Z,장윤철,P,7,2,김명운,9,Circuit Breakers | Overwatch | Block Chain SE | Gladiator | Neo Sylphid | New Bloody Ridge | Tres Pass | Power Bond | Fighting Spirit,
2019-10-07,김윤환,Z,이경민,T,7,2,김윤환,9,,
2019-10-02,유영진,T,장윤철,P,3,6,장윤철,9,Circuit Breakers | Overwatch | Power Bond | Neo Sylphid | Fighting Spirit | Tres Pass | Gladiator | Block Chain SE | New Bloody Ridge,
2019-09-24,박상현,Z,장윤철,P,4,5,장윤철,9,Overwatch | Block Chain SE | Neo Sylphid | Fighting Spirit | Circuit Breakers | Gladiator | Tres Pass | New Bloody Ridge | Power Bond,
2019-09-22,박상현,Z,이재호,T,5,4,박상현,9,Neo Sylphid | Fighting Spirit | Circuit Breakers | Gladiator | Power Bond | Block Chain SE | Overwatch | Tres Pass | New Bloody Ridge,
2019-09-17,송병구,P,이재호,T,4,5,이재호,9,Neo Sylphid | Power Bond | Overwatch | Circuit Breakers | Fighting Spirit | Block Chain SE | New Bloody Ridge | Gladiator | Tres Pass,
2019-09-08,김성대,Z,이재호,T,3,6,이재호,9,Tres Pass | Overwatch | New Bloody Ridge | Fighting Spirit | Neo Sylphid | Gladiator | Block Chain SE | Circuit Breakers | Power Bond,
2019-08-05,도재욱,P,이재호,T,3,6,이재호,9,Power Bond | Fighting Spirit | Overwatch | Block Chain SE | New Bloody Ridge | Gladiator | Circuit Breakers | Neo Sylphid | Tres Pass,
2019-08-02,김승현,P,김윤환,Z,5,4,김승현,9,,
2019-07-29,이재호,T,임홍규,Z,6,3,이재호,9,New Bloody Ridge | Neo sylphid | Overwatch | Block Chain SE | Power Bond | Circuit Breakers | Gladiator | Tres Pass | Fighting Spirit,
2019-07-22,임홍규,Z,조기석,T,5,4,임홍규,9,Fighting Spirit | Block Chain SE | Power Bond | Overwatch | Gladiator | New Bloody Ridge | Tres Pass | Neo Sylphid | Circuit Breakers,
2019-06-25,송병구,P,임홍규,Z,4,5,임홍규,9,Circuit Breakers | Fighting Spirit | Overwatch | Neo Ground Zero | Colosseum 2 | Neo Medusa | Cross Game | Circuit Breakers | Cross Game,
2019-06-18,임홍규,Z,장윤철,P,5,4,임홍규,9,Cross Game | Fighting Spirit | Overwatch | Neo Ground Zero | Neo Medusa | Circuit Breakers | Colosseum 2 | Neo Ground Zero | Circuit Breakers,
2019-06-11,김성현,T,장윤철,P,3,6,장윤철,9,Overwatch | Circuit Breakers | Fighting Spirit | Colosseum 2 | Cross Game | Neo Medusa | Neo Ground Zero | Overwatch | Circuit Breakers,
2019-06-09,김명운,Z,이영호,T,4,5,이영호,9,Neo Ground Zero | Fighting Spirit | Circuit Breakers | Neo Medusa | Overwatch | Colosseum 2 | Cross Game | Fighting Spirit | Neo Medusa,
2019-05-28,변현제,P,이영호,T,3,6,이영호,9,Colosseum 2 | Cross Game | Circuit Breakers | Overwatch | Neo Ground Zero | Fighting Spirit | Neo Medusa | Circuit Breakers | Neo Medusa,
2019-05-21,김민철,Z,이영호,T,3,6,이영호,9,Neo Medusa | Fighting Spirit | Overwatch | Circuit Breakers | Colosseum 2 | Cross Game | Neo Ground Zero | Neo Medusa | Overwatch,
2019-05-14,도재욱,P,이영호,T,2,7,이영호,9,Fighting Spirit | Circuit Breakers | Neo Medusa | Colosseum 2 | Neo Ground Zero | Overwatch | Cross Game | Fighting Spirit | Circuit Breakers,
