날짜,선수A,선수B,세트번호,맵
2026-08-20,김명운,김지성,1,Octagon
2026-08-20,김명운,김지성,2,KnockOut
2026-08-20,김명운,김지성,3,Attitude
2026-08-20,김명운,김지성,4,Backrooms
2026-08-20,김명운,김지성,5,Aiolos
2026-08-20,김명운,김지성,6,Octagon
2026-08-20,김명운,김지성,7,Attitude
2026-08-20,김명운,김지성,8,KnockOut
2026-08-20,김명운,김지성,9,Backrooms
2026-08-12,김지성,김택용,1,Aiolos
2026-08-12,김지성,김택용,2,Attitude
2026-08-12,김지성,김택용,3,KnockOut
2026-08-12,김지성,김택용,4,Octagon
2026-08-12,김지성,김택용,5,Backrooms
2026-08-12,김지성,김택용,6,Attitude
2026-08-12,김지성,김택용,7,Aiolos
2026-08-12,김지성,김택용,8,KnockOut
2026-08-12,김지성,김택용,9,Octagon
2026-08-03,김지성,이제동,1,KnockOut
2026-08-03,김지성,이제동,2,Attitude
2026-08-03,김지성,이제동,3,Backrooms
2026-08-03,김지성,이제동,4,Aiolos
2026-08-03,김지성,이제동,5,Octagon
2026-08-03,김지성,이제동,6,Attitude
2026-08-03,김지성,이제동,7,Backrooms
2026-08-03,김지성,이제동,8,KnockOut
2026-08-03,김지성,이제동,9,Octagon
2026-07-29,김지성,조일장,1,Octagon
2026-07-29,김지성,조일장,2,Backrooms
2026-07-29,김지성,조일장,3,Attitude
2026-07-29,김지성,조일장,4,Aiolos
2026-07-29,김지성,조일장,5,KnockOut
2026-07-29,김지성,조일장,6,Octagon
2026-07-29,김지성,조일장,7,Attitude
2026-07-29,김지성,조일장,8,Backrooms
2026-07-29,김지성,조일장,9,KnockOut
2026-07-27,장윤철,조일장,1,Colorless Fate
2026-07-27,장윤철,조일장,2,Octagon
2026-07-27,장윤철,조일장,3,Aiolos
2026-07-27,장윤철,조일장,4,Backrooms
2026-07-27,장윤철,조일장,5,KnockOut
2026-07-27,장윤철,조일장,6,Backrooms
2026-07-27,장윤철,조일장,7,Octagon
2026-07-27,장윤철,조일장,8,Colorless Fate
2026-07-27,장윤철,조일장,9,Aiolos
2026-07-20,이영웅,장윤철,1,Colorless Fate
2026-07-20,이영웅,장윤철,2,Octagon
2026-07-20,이영웅,장윤철,3,Aiolos
2026-07-20,이영웅,장윤철,4,KnockOut
2026-07-20,이영웅,장윤철,5,Backrooms
2026-07-20,이영웅,장윤철,6,Aiolos
2026-07-20,이영웅,장윤철,7,Octagon
2026-07-20,이영웅,장윤철,8,KnockOut
2026-07-20,이영웅,장윤철,9,Backrooms
2026-07-16,유영진,조일장,1,Octagon
2026-07-16,유영진,조일장,2,Attitude
2026-07-16,유영진,조일장,3,KnockOut
2026-07-16,유영진,조일장,4,Aiolos
2026-07-16,유영진,조일장,5,Odyssey
2026-07-16,유영진,조일장,6,Attitude
2026-07-16,유영진,조일장,7,Odyssey
2026-07-16,유영진,조일장,8,Octagon
2026-07-16,유영진,조일장,9,KnockOut
2026-07-13,박상현,유영진,1,Neo Sylphid
2026-07-13,박상현,유영진,2,Pole Star
2026-07-13,박상현,유영진,3,Attitude
2026-07-13,박상현,유영진,4,Octagon
2026-07-13,박상현,유영진,5,KnockOut
2026-07-13,박상현,유영진,6,Pole Star
2026-07-13,박상현,유영진,7,Neo Sylphid
2026-07-13,박상현,유영진,8,Octagon
2026-07-13,박상현,유영진,9,Attitude
2026-07-06,변현제,유영진,1,Neo Sylphid
2026-07-06,변현제,유영진,2,Match Point
2026-07-06,변현제,유영진,3,Pole Star
2026-07-06,변현제,유영진,4,KnockOut
2026-07-06,변현제,유영진,5,Octagon
2026-07-06,변현제,유영진,6,Pole Star
2026-07-06,변현제,유영진,7,Match Point
2026-07-06,변현제,유영진,8,KnockOut
2026-07-06,변현제,유영진,9,Octagon
2026-06-30,김민철,유영진,1,Match Point
2026-06-30,김민철,유영진,2,Attitude
2026-06-30,김민철,유영진,3,Octagon
2026-06-30,김민철,유영진,4,Neo Sylphid
2026-06-30,김민철,유영진,5,KnockOut
2026-06-30,김민철,유영진,6,Attitude
2026-06-30,김민철,유영진,7,Match Point
2026-06-30,김민철,유영진,8,KnockOut
2026-06-30,김민철,유영진,9,Octagon
2026-06-25,도재욱,유영진,1,Jane doe
2026-06-25,도재욱,유영진,2,Pole Star
2026-06-25,도재욱,유영진,3,Octagon
2026-06-25,도재욱,유영진,4,KnockOut
2026-06-25,도재욱,유영진,5,Neo Sylphid
2026-06-25,도재욱,유영진,6,Jane doe
2026-06-25,도재욱,유영진,7,Pole Star
2026-06-25,도재욱,유영진,8,Neo Sylphid
2026-06-25,도재욱,유영진,9,KnockOut
2026-06-15,유영진,장윤철,1,Pole Star
2026-06-15,유영진,장윤철,2,Match Point
2026-06-15,유영진,장윤철,3,Octagon
2026-06-15,유영진,장윤철,4,KnockOut
2026-06-15,유영진,장윤철,5,Neo Sylphid
2026-06-15,유영진,장윤철,6,Pole Star
2026-06-15,유영진,장윤철,7,Match Point
2026-06-15,유영진,장윤철,8,Octagon
2026-06-15,유영진,장윤철,9,KnockOut
2026-06-12,이제동,장윤철,1,Attitude
2026-06-12,이제동,장윤철,2,Match Point
2026-06-12,이제동,장윤철,3,Octagon
2026-06-12,이제동,장윤철,4,Neo Sylphid
2026-06-12,이제동,장윤철,5,KnockOut
2026-06-12,이제동,장윤철,6,Match Point
2026-06-12,이제동,장윤철,7,Attitude
2026-06-12,이제동,장윤철,8,Octagon
2026-06-12,이제동,장윤철,9,Neo Sylphid
2026-06-09,이재호,장윤철,1,Pole Star
2026-06-09,이재호,장윤철,2,Neo Sylphid
2026-06-09,이재호,장윤철,3,Match Point
2026-06-09,이재호,장윤철,4,Octagon
2026-06-09,이재호,장윤철,5,KnockOut
2026-06-09,이재호,장윤철,6,Pole Star
2026-06-09,이재호,장윤철,7,Match Point
2026-06-09,이재호,장윤철,8,Neo Sylphid
2026-06-09,이재호,장윤철,9,KnockOut
2026-05-25,임홍규,장윤철,1,Attitude
2026-05-25,임홍규,장윤철,2,Jane doe
2026-05-25,임홍규,장윤철,3,Octagon
2026-05-25,임홍규,장윤철,4,KnockOut
2026-05-25,임홍규,장윤철,5,Neo Sylphid
2026-05-25,임홍규,장윤철,6,Jane doe
2026-05-25,임홍규,장윤철,7,Attitude
2026-05-25,임홍규,장윤철,8,Octagon
2026-05-25,임홍규,장윤철,9,KnockOut
2026-05-18,이영웅,장윤철,1,Octagon
2026-05-18,이영웅,장윤철,2,Neo Sylphid
2026-05-18,이영웅,장윤철,3,Jane doe
2026-05-18,이영웅,장윤철,4,KnockOut
2026-05-18,이영웅,장윤철,5,Pole Star
2026-05-18,이영웅,장윤철,6,Neo Sylphid
2026-05-18,이영웅,장윤철,7,Jane doe
2026-05-18,이영웅,장윤철,8,Octagon
2026-05-18,이영웅,장윤철,9,Pole Star
2026-05-13,김민철,장윤철,1,Jane doe
2026-05-13,김민철,장윤철,2,Neo Sylphid
2026-05-13,김민철,장윤철,3,Attitude
2026-05-13,김민철,장윤철,4,Octagon
2026-05-13,김민철,장윤철,5,KnockOut
2026-05-13,김민철,장윤철,6,Attitude
2026-05-13,김민철,장윤철,7,Jane doe
2026-05-13,김민철,장윤철,8,Octagon
2026-05-13,김민철,장윤철,9,Neo Sylphid
2026-05-06,김민철,김지성,1,Pole Star
2026-05-06,김민철,김지성,2,Neo Sylphid
2026-05-06,김민철,김지성,3,KnockOut
2026-05-06,김민철,김지성,4,Octagon
2026-05-06,김민철,김지성,5,Attitude
2026-05-06,김민철,김지성,6,Pole Star
2026-05-06,김민철,김지성,7,Neo Sylphid
2026-05-06,김민철,김지성,8,Octagon
2026-05-06,김민철,김지성,9,Attitude
2026-04-30,김민철,황병영,1,Match Point
2026-04-30,김민철,황병영,2,Pole Star
2026-04-30,김민철,황병영,3,KnockOut
2026-04-30,김민철,황병영,4,Jane doe
2026-04-30,김민철,황병영,5,Octagon
2026-04-30,김민철,황병영,6,Pole Star
2026-04-30,김민철,황병영,7,Match Point
2026-04-30,김민철,황병영,8,KnockOut
2026-04-30,김민철,황병영,9,Jane doe
2026-04-16,이영웅,조일장,1,KnockOut
2026-04-16,이영웅,조일장,2,Jane doe
2026-04-16,이영웅,조일장,3,Octagon
2026-04-16,이영웅,조일장,4,Neo Sylphid
2026-04-16,이영웅,조일장,5,Attitude
2026-04-16,이영웅,조일장,6,Jane doe
2026-04-16,이영웅,조일장,7,Octagon
2026-04-16,이영웅,조일장,8,Attitude
2026-04-16,이영웅,조일장,9,Neo Sylphid
2026-04-10,유영진,조일장,1,Octagon
2026-04-10,유영진,조일장,2,Match Point
2026-04-10,유영진,조일장,3,Jane doe
2026-04-10,유영진,조일장,4,Neo Sylphid
2026-04-10,유영진,조일장,5,Attitude
2026-04-10,유영진,조일장,6,Octagon
2026-04-10,유영진,조일장,7,Match Point
2026-04-10,유영진,조일장,8,Neo Sylphid
2026-04-10,유영진,조일장,9,Attitude
2026-04-07,변현제,조일장,1,Attitude
2026-04-07,변현제,조일장,2,Jane doe
2026-04-07,변현제,조일장,3,Neo Sylphid
2026-04-07,변현제,조일장,4,KnockOut
2026-04-07,변현제,조일장,5,Octagon
2026-04-07,변현제,조일장,6,Jane doe
2026-04-07,변현제,조일장,7,Attitude
2026-04-07,변현제,조일장,8,Octagon
2026-04-07,변현제,조일장,9,Neo Sylphid
2026-03-17,이재호,조일장,1,Octagon
2026-03-17,이재호,조일장,2,KnockOut
2026-03-17,이재호,조일장,3,Pole Star
2026-03-17,이재호,조일장,4,Match Point
2026-03-17,이재호,조일장,5,Attitude
2026-03-17,이재호,조일장,6,Pole Star
2026-03-17,이재호,조일장,7,Attitude
2026-03-17,이재호,조일장,8,Octagon
2026-03-17,이재호,조일장,9,Match Point
2026-03-14,도재욱,이재호,1,Octagon
2026-03-14,도재욱,이재호,2,Pole Star
2026-03-14,도재욱,이재호,3,Neo Sylphid
2026-03-14,도재욱,이재호,4,Jane doe
2026-03-14,도재욱,이재호,5,KnockOut
2026-03-14,도재욱,이재호,6,Jane doe
2026-03-14,도재욱,이재호,7,Octagon
2026-03-14,도재욱,이재호,8,Neo Sylphid
2026-03-14,도재욱,이재호,9,KnockOut
2026-03-06,김명운,이재호,1,KnockOut
2026-03-06,김명운,이재호,2,Octagon
2026-03-06,김명운,이재호,3,Pole Star
2026-03-06,김명운,이재호,4,Jane doe
2026-03-06,김명운,이재호,5,Attitude
2026-03-06,김명운,이재호,6,KnockOut
2026-03-06,김명운,이재호,7,Pole Star
2026-03-06,김명운,이재호,8,Octagon
2026-03-06,김명운,이재호,9,Jane doe
2026-02-23,변현제,이재호,1,Neo Sylphid
2026-02-23,변현제,이재호,2,Pole Star
2026-02-23,변현제,이재호,3,Jane doe
2026-02-23,변현제,이재호,4,Octagon
2026-02-23,변현제,이재호,5,KnockOut
2026-02-23,변현제,이재호,6,Pole Star
2026-02-23,변현제,이재호,7,Jane doe
2026-02-23,변현제,이재호,8,Neo Sylphid
2026-02-23,변현제,이재호,9,Octagon
2026-02-19,박상현,이재호,1,Attitude
2026-02-19,박상현,이재호,2,Pole Star
2026-02-19,박상현,이재호,3,Octagon
2026-02-19,박상현,이재호,4,Neo Sylphid
2026-02-19,박상현,이재호,5,Match Point
2026-02-19,박상현,이재호,6,Neo Sylphid
2026-02-19,박상현,이재호,7,Octagon
2026-02-19,박상현,이재호,8,Match Point
2026-02-19,박상현,이재호,9,Attitude
2026-02-09,박상현,장윤철,1,Match Point
2026-02-09,박상현,장윤철,2,Neo Sylphid
2026-02-09,박상현,장윤철,3,Pole Star
2026-02-09,박상현,장윤철,4,KnockOut
2026-02-09,박상현,장윤철,5,Octagon
2026-02-09,박상현,장윤철,6,Pole Star
2026-02-09,박상현,장윤철,7,Match Point
2026-02-09,박상현,장윤철,8,Neo Sylphid
2026-02-09,박상현,장윤철,9,Octagon
2026-02-02,박상현,조기석,1,Radeon
2026-02-02,박상현,조기석,2,KnockOut
2026-02-02,박상현,조기석,3,Metropolis
2026-02-02,박상현,조기석,4,Dominator
2026-02-02,박상현,조기석,5,Litmus
2026-02-02,박상현,조기석,6,Radeon
2026-02-02,박상현,조기석,7,KnockOut
2026-02-02,박상현,조기석,8,Metropolis
2026-02-02,박상현,조기석,9,Dominator
2026-01-26,송병구,조기석,1,Metropolis
2026-01-26,송병구,조기석,2,Radeon
2026-01-26,송병구,조기석,3,Dominator
2026-01-26,송병구,조기석,4,KnockOut
2026-01-26,송병구,조기석,5,Litmus
2026-01-26,송병구,조기석,6,Litmus
2026-01-26,송병구,조기석,7,Dominator
2026-01-26,송병구,조기석,8,Metropolis
2026-01-26,송병구,조기석,9,KnockOut
2026-01-19,박상현,이영웅,1,Pole Star
2026-01-19,박상현,이영웅,2,Metropolis
2026-01-19,박상현,이영웅,3,Litmus
2026-01-19,박상현,이영웅,4,Radeon
2026-01-19,박상현,이영웅,5,KnockOut
2026-01-19,박상현,이영웅,6,Pole Star
2026-01-19,박상현,이영웅,7,Metropolis
2026-01-19,박상현,이영웅,8,Radeon
2026-01-19,박상현,이영웅,9,Litmus
2026-01-12,박상현,유영진,1,Pole Star
2026-01-12,박상현,유영진,2,Metropolis
2026-01-12,박상현,유영진,3,Radeon
2026-01-12,박상현,유영진,4,Dominator
2026-01-12,박상현,유영진,5,Roaring Currents
2026-01-12,박상현,유영진,6,Pole Star
2026-01-12,박상현,유영진,7,Radeon
2026-01-12,박상현,유영진,8,Metropolis
2026-01-12,박상현,유영진,9,Dominator
2026-01-05,도재욱,박상현,1,Metropolis
2026-01-05,도재욱,박상현,2,Radeon
2026-01-05,도재욱,박상현,3,Litmus
2026-01-05,도재욱,박상현,4,Pole Star
2026-01-05,도재욱,박상현,5,KnockOut
2026-01-05,도재욱,박상현,6,Litmus
2026-01-05,도재욱,박상현,7,Metropolis
2026-01-05,도재욱,박상현,8,KnockOut
2026-01-05,도재욱,박상현,9,Pole Star
2025-12-30,김지성,박상현,1,Pole Star
2025-12-30,김지성,박상현,2,Radeon
2025-12-30,김지성,박상현,3,KnockOut
2025-12-30,김지성,박상현,4,Metropolis
2025-12-30,김지성,박상현,5,Dominator
2025-12-30,김지성,박상현,6,Pole Star
2025-12-30,김지성,박상현,7,Dominator
2025-12-30,김지성,박상현,8,KnockOut
2025-12-30,김지성,박상현,9,Metropolis
2025-12-23,박상현,변현제,1,Radeon
2025-12-23,박상현,변현제,2,Litmus
2025-12-23,박상현,변현제,3,Metropolis
2025-12-23,박상현,변현제,4,KnockOut
2025-12-23,박상현,변현제,5,Dominator
2025-12-23,박상현,변현제,6,Litmus
2025-12-23,박상현,변현제,7,Metropolis
2025-12-23,박상현,변현제,8,Dominator
2025-12-23,박상현,변현제,9,Radeon
2025-12-16,변현제,유영진,1,Pole Star
2025-12-16,변현제,유영진,2,KnockOut
2025-12-16,변현제,유영진,3,Radeon
2025-12-16,변현제,유영진,4,Dominator
2025-12-16,변현제,유영진,5,Litmus
2025-12-16,변현제,유영진,6,Dominator
2025-12-16,변현제,유영진,7,Litmus
2025-12-16,변현제,유영진,8,Pole Star
2025-12-16,변현제,유영진,9,Radeon
2025-12-09,김성대,유영진,1,Metropolis
2025-12-09,김성대,유영진,2,Dominator
2025-12-09,김성대,유영진,3,Radeon
2025-12-09,김성대,유영진,4,KnockOut
2025-12-09,김성대,유영진,5,Litmus
2025-12-09,김성대,유영진,6,Dominator
2025-12-09,김성대,유영진,7,Litmus
2025-12-09,김성대,유영진,8,Metropolis
2025-12-09,김성대,유영진,9,Radeon
2025-11-27,김성대,장윤철,1,Radeon
2025-11-27,김성대,장윤철,2,Metropolis
2025-11-27,김성대,장윤철,3,Dominator
2025-11-27,김성대,장윤철,4,KnockOut
2025-11-27,김성대,장윤철,5,Litmus
2025-11-27,김성대,장윤철,6,Radeon
2025-11-27,김성대,장윤철,7,Dominator
2025-11-27,김성대,장윤철,8,Metropolis
2025-11-27,김성대,장윤철,9,KnockOut
2025-11-25,이재호,장윤철,1,Pole Star
2025-11-25,이재호,장윤철,2,Dominator
2025-11-25,이재호,장윤철,3,Litmus
2025-11-25,이재호,장윤철,4,Radeon
2025-11-25,이재호,장윤철,5,KnockOut
2025-11-25,이재호,장윤철,6,Litmus
2025-11-25,이재호,장윤철,7,Pole Star
2025-11-25,이재호,장윤철,8,KnockOut
2025-11-25,이재호,장윤철,9,Radeon
2025-11-20,김명운,장윤철,1,Dominator
2025-11-20,김명운,장윤철,2,Metropolis
2025-11-20,김명운,장윤철,3,Roaring Currents
2025-11-20,김명운,장윤철,4,Pole Star
2025-11-20,김명운,장윤철,5,Radeon
2025-11-20,김명운,장윤철,6,Roaring Currents
2025-11-20,김명운,장윤철,7,Metropolis
2025-11-20,김명운,장윤철,8,Dominator
2025-11-20,김명운,장윤철,9,Pole Star
2025-10-28,김지성,장윤철,1,Dominator
2025-10-28,김지성,장윤철,2,Radeon
2025-10-28,김지성,장윤철,3,KnockOut
2025-10-28,김지성,장윤철,4,Litmus
2025-10-28,김지성,장윤철,5,Metropolis
2025-10-28,김지성,장윤철,6,Dominator
2025-10-28,김지성,장윤철,7,Metropolis
2025-10-28,김지성,장윤철,8,Radeon
2025-10-28,김지성,장윤철,9,Litmus
2025-10-23,김지성,조일장,1,Radeon
2025-10-23,김지성,조일장,2,Pole Star
2025-10-23,김지성,조일장,3,Dominator
2025-10-23,김지성,조일장,4,Metropolis
2025-10-23,김지성,조일장,5,KnockOut
2025-10-23,김지성,조일장,6,Pole Star
2025-10-23,김지성,조일장,7,Dominator
2025-10-23,김지성,조일장,8,Metropolis
2025-10-23,김지성,조일장,9,Radeon
2025-10-16,김지성,임홍규,1,Pole Star
2025-10-16,김지성,임홍규,2,Metropolis
2025-10-16,김지성,임홍규,3,Dominator
2025-10-16,김지성,임홍규,4,Radeon
2025-10-16,김지성,임홍규,5,KnockOut
2025-10-16,김지성,임홍규,6,Pole Star
2025-10-16,김지성,임홍규,7,Metropolis
2025-10-16,김지성,임홍규,8,Dominator
2025-10-16,김지성,임홍규,9,Radeon
2025-10-10,김지성,도재욱,1,Radeon
2025-10-10,김지성,도재욱,2,Dominator
2025-10-10,김지성,도재욱,3,Metropolis
2025-10-10,김지성,도재욱,4,Pole Star
2025-10-10,김지성,도재욱,5,Litmus
2025-10-10,김지성,도재욱,6,Radeon
2025-10-10,김지성,도재욱,7,Dominator
2025-10-10,김지성,도재욱,8,Litmus
2025-10-10,김지성,도재욱,9,Metropolis
2025-10-01,김정우,김지성,1,Radeon
2025-10-01,김정우,김지성,2,Metropolis
2025-10-01,김정우,김지성,3,Pole Star
2025-10-01,김정우,김지성,4,KnockOut
2025-10-01,김정우,김지성,5,Dominator
2025-10-01,김정우,김지성,6,Metropolis
2025-10-01,김정우,김지성,7,Pole Star
2025-10-01,김정우,김지성,8,KnockOut
2025-10-01,김정우,김지성,9,Dominator
2025-09-24,김명운,김지성,1,Radeon
2025-09-24,김명운,김지성,2,Roaring Currents
2025-09-24,김명운,김지성,3,KnockOut
2025-09-24,김명운,김지성,4,Metropolis
2025-09-24,김명운,김지성,5,Dominator
2025-09-24,김명운,김지성,6,Metropolis
2025-09-24,김명운,김지성,7,Radeon
2025-09-24,김명운,김지성,8,Dominator
2025-09-24,김명운,김지성,9,KnockOut
2025-09-17,김지성,박상현,1,Pole Star
2025-09-17,김지성,박상현,2,KnockOut
2025-09-17,김지성,박상현,3,Metropolis
2025-09-17,김지성,박상현,4,Dominator
2025-09-17,김지성,박상현,5,Litmus
2025-09-17,김지성,박상현,6,Pole Star
2025-09-17,김지성,박상현,7,Dominator
2025-09-17,김지성,박상현,8,Metropolis
2025-09-17,김지성,박상현,9,KnockOut
2025-09-05,변현제,임홍규,1,Litmus
2025-09-05,변현제,임홍규,2,Metropolis
2025-09-05,변현제,임홍규,3,Dominator
2025-09-05,변현제,임홍규,4,Radeon
2025-09-05,변현제,임홍규,5,KnockOut
2025-09-05,변현제,임홍규,6,Metropolis
2025-09-05,변현제,임홍규,7,Dominator
2025-09-05,변현제,임홍규,8,Radeon
2025-09-05,변현제,임홍규,9,Litmus
2025-09-03,박상현,정영재,1,Radeon
2025-09-03,박상현,정영재,2,Pole Star
2025-09-03,박상현,정영재,3,Dominator
2025-09-03,박상현,정영재,4,KnockOut
2025-09-03,박상현,정영재,5,Metropolis
2025-09-03,박상현,정영재,6,Pole Star
2025-09-03,박상현,정영재,7,Dominator
2025-09-03,박상현,정영재,8,KnockOut
2025-09-03,박상현,정영재,9,Radeon
2025-08-29,박상현,조기석,1,Pole Star
2025-08-29,박상현,조기석,2,Radeon
2025-08-29,박상현,조기석,3,KnockOut
2025-08-29,박상현,조기석,4,Dominator
2025-08-29,박상현,조기석,5,Litmus
2025-08-29,박상현,조기석,6,Dominator
2025-08-29,박상현,조기석,7,Pole Star
2025-08-29,박상현,조기석,8,Radeon
2025-08-29,박상현,조기석,9,KnockOut
2025-08-21,박상현,장윤철,1,Metropolis
2025-08-21,박상현,장윤철,2,Radeon
2025-08-21,박상현,장윤철,3,Litmus
2025-08-21,박상현,장윤철,4,Dominator
2025-08-21,박상현,장윤철,5,KnockOut
2025-08-21,박상현,장윤철,6,Dominator
2025-08-21,박상현,장윤철,7,Litmus
2025-08-21,박상현,장윤철,8,Radeon
2025-08-21,박상현,장윤철,9,Metropolis
2025-08-14,박상현,유영진,1,KnockOut
2025-08-14,박상현,유영진,2,Radeon
2025-08-14,박상현,유영진,3,Pole Star
2025-08-14,박상현,유영진,4,Dominator
2025-08-14,박상현,유영진,5,Metropolis
2025-08-14,박상현,유영진,6,KnockOut
2025-08-14,박상현,유영진,7,Pole Star
2025-08-14,박상현,유영진,8,Dominator
2025-08-14,박상현,유영진,9,Radeon
2025-08-04,도재욱,유영진,1,Pole Star
2025-08-04,도재욱,유영진,2,Metropolis
2025-08-04,도재욱,유영진,3,Litmus
2025-08-04,도재욱,유영진,4,Radeon
2025-08-04,도재욱,유영진,5,Dominator
2025-08-04,도재욱,유영진,6,Metropolis
2025-08-04,도재욱,유영진,7,Pole Star
2025-08-04,도재욱,유영진,8,Litmus
2025-08-04,도재욱,유영진,9,Radeon
2025-07-29,도재욱,이제동,1,Dominator
2025-07-29,도재욱,이제동,2,Radeon
2025-07-29,도재욱,이제동,3,déjà vu
2025-07-29,도재욱,이제동,4,Metropolis
2025-07-29,도재욱,이제동,5,Pole Star
2025-07-29,도재욱,이제동,6,déjà vu
2025-07-29,도재욱,이제동,7,Metropolis
2025-07-29,도재욱,이제동,8,Radeon
2025-07-29,도재욱,이제동,9,Pole Star
2025-07-12,도재욱,이재호,1,Metropolis
2025-07-12,도재욱,이재호,2,Pole Star
2025-07-12,도재욱,이재호,3,Radeon
2025-07-12,도재욱,이재호,4,DeathValley
2025-07-12,도재욱,이재호,5,Dominator
2025-07-12,도재욱,이재호,6,Pole Star
2025-07-12,도재욱,이재호,7,DeathValley
2025-07-12,도재욱,이재호,8,Metropolis
2025-07-12,도재욱,이재호,9,Dominator
2025-07-07,이재호,조일장,1,déjà vu
2025-07-07,이재호,조일장,2,Radeon
2025-07-07,이재호,조일장,3,Eclipse
2025-07-07,이재호,조일장,4,Dominator
2025-07-07,이재호,조일장,5,Metropolis
2025-07-07,이재호,조일장,6,Radeon
2025-07-07,이재호,조일장,7,déjà vu
2025-07-07,이재호,조일장,8,Metropolis
2025-07-07,이재호,조일장,9,Dominator
2025-06-27,변현제,조일장,1,Dominator
2025-06-27,변현제,조일장,2,Eclipse
2025-06-27,변현제,조일장,3,Radeon
2025-06-27,변현제,조일장,4,Pole Star
2025-06-27,변현제,조일장,5,Metropolis
2025-06-27,변현제,조일장,6,Eclipse
2025-06-27,변현제,조일장,7,Metropolis
2025-06-27,변현제,조일장,8,Dominator
2025-06-27,변현제,조일장,9,Pole Star
2025-06-19,김지성,변현제,1,déjà vu
2025-06-19,김지성,변현제,2,Radeon
2025-06-19,김지성,변현제,3,Eclipse
2025-06-19,김지성,변현제,4,Dominator
2025-06-19,김지성,변현제,5,Metropolis
2025-06-19,김지성,변현제,6,Eclipse
2025-06-19,김지성,변현제,7,déjà vu
2025-06-19,김지성,변현제,8,Radeon
2025-06-19,김지성,변현제,9,Metropolis
2025-06-10,김성대,변현제,1,Dominator
2025-06-10,김성대,변현제,2,Radeon
2025-06-10,김성대,변현제,3,Eclipse
2025-06-10,김성대,변현제,4,Metropolis
2025-06-10,김성대,변현제,5,Pole Star
2025-06-10,김성대,변현제,6,Eclipse
2025-06-10,김성대,변현제,7,Dominator
2025-06-10,김성대,변현제,8,Radeon
2025-06-10,김성대,변현제,9,Pole Star
2025-05-22,변현제,이영웅,1,Pole Star
2025-05-22,변현제,이영웅,2,Eclipse
2025-05-22,변현제,이영웅,3,déjà vu
2025-05-22,변현제,이영웅,4,Dominator
2025-05-22,변현제,이영웅,5,Radeon
2025-05-22,변현제,이영웅,6,Pole Star
2025-05-22,변현제,이영웅,7,Eclipse
2025-05-22,변현제,이영웅,8,déjà vu
2025-05-22,변현제,이영웅,9,Dominator
2025-05-11,김명운,변현제,1,Dominator
2025-05-11,김명운,변현제,2,Metropolis
2025-05-11,김명운,변현제,3,Eclipse
2025-05-11,김명운,변현제,4,déjà vu
2025-05-11,김명운,변현제,5,Pole Star
2025-05-11,김명운,변현제,6,Dominator
2025-05-11,김명운,변현제,7,Eclipse
2025-05-11,김명운,변현제,8,Metropolis
2025-05-11,김명운,변현제,9,déjà vu
2025-05-09,변현제,유영진,1,Eclipse
2025-05-09,변현제,유영진,2,déjà vu
2025-05-09,변현제,유영진,3,Pole Star
2025-05-09,변현제,유영진,4,Dominator
2025-05-09,변현제,유영진,5,Radeon
2025-05-09,변현제,유영진,6,Pole Star
2025-05-09,변현제,유영진,7,Eclipse
2025-05-09,변현제,유영진,8,déjà vu
2025-05-09,변현제,유영진,9,Dominator
2025-04-26,유영진,조일장,1,Radeon
2025-04-26,유영진,조일장,2,Metropolis
2025-04-26,유영진,조일장,3,déjà vu
2025-04-26,유영진,조일장,4,Eclipse
2025-04-26,유영진,조일장,5,Dominator
2025-04-26,유영진,조일장,6,Metropolis
2025-04-26,유영진,조일장,7,Eclipse
2025-04-26,유영진,조일장,8,Radeon
2025-04-26,유영진,조일장,9,Dominator
2025-04-17,송병구,유영진,1,Pole Star
2025-04-17,송병구,유영진,2,Dominator
2025-04-17,송병구,유영진,3,déjà vu
2025-04-17,송병구,유영진,4,Radeon
2025-04-17,송병구,유영진,5,Eclipse
2025-04-17,송병구,유영진,6,Eclipse
2025-04-17,송병구,유영진,7,Dominator
2025-04-17,송병구,유영진,8,Pole Star
2025-04-17,송병구,유영진,9,déjà vu
2025-04-08,유영진,이제동,1,Pole Star
2025-04-08,유영진,이제동,2,Radeon
2025-04-08,유영진,이제동,3,déjà vu
2025-04-08,유영진,이제동,4,Metropolis
2025-04-08,유영진,이제동,5,Eclipse
2025-04-08,유영진,이제동,6,Pole Star
2025-04-08,유영진,이제동,7,Radeon
2025-04-08,유영진,이제동,8,déjà vu
2025-04-08,유영진,이제동,9,Metropolis
2025-04-04,도재욱,이제동,1,Eclipse
2025-04-04,도재욱,이제동,2,déjà vu
2025-04-04,도재욱,이제동,3,Metropolis
2025-04-04,도재욱,이제동,4,Radeon
2025-04-04,도재욱,이제동,5,Pole Star
2025-04-04,도재욱,이제동,6,Eclipse
2025-04-04,도재욱,이제동,7,déjà vu
2025-04-04,도재욱,이제동,8,Metropolis
2025-04-04,도재욱,이제동,9,Radeon
2025-03-14,이제동,최호선,1,Pole Star
2025-03-14,이제동,최호선,2,Radeon
2025-03-14,이제동,최호선,3,déjà vu
2025-03-14,이제동,최호선,4,Eclipse
2025-03-14,이제동,최호선,5,Metropolis
2025-03-14,이제동,최호선,6,Pole Star
2025-03-14,이제동,최호선,7,déjà vu
2025-03-14,이제동,최호선,8,Radeon
2025-03-14,이제동,최호선,9,Metropolis
2025-03-12,변현제,이제동,1,Pole Star
2025-03-12,변현제,이제동,2,Radeon
2025-03-12,변현제,이제동,3,déjà vu
2025-03-12,변현제,이제동,4,Eclipse
2025-03-12,변현제,이제동,5,Dominator
2025-03-12,변현제,이제동,6,Radeon
2025-03-12,변현제,이제동,7,Eclipse
2025-03-12,변현제,이제동,8,déjà vu
2025-03-12,변현제,이제동,9,Pole Star
2025-03-07,이제동,정영재,1,déjà vu
2025-03-07,이제동,정영재,2,Radeon
2025-03-07,이제동,정영재,3,Dominator
2025-03-07,이제동,정영재,4,Pole Star
2025-03-07,이제동,정영재,5,Eclipse
2025-03-07,이제동,정영재,6,Radeon
2025-03-07,이제동,정영재,7,déjà vu
2025-03-07,이제동,정영재,8,Pole Star
2025-03-07,이제동,정영재,9,Eclipse
2025-03-05,이제동,황병영,1,Eclipse
2025-03-05,이제동,황병영,2,Radeon
2025-03-05,이제동,황병영,3,déjà vu
2025-03-05,이제동,황병영,4,Pole Star
2025-03-05,이제동,황병영,5,Dominator
2025-03-05,이제동,황병영,6,déjà vu
2025-03-05,이제동,황병영,7,Pole Star
2025-03-05,이제동,황병영,8,Eclipse
2025-03-05,이제동,황병영,9,Radeon
2025-02-21,이제동,장윤철,1,Metropolis
2025-02-21,이제동,장윤철,2,Radeon
2025-02-21,이제동,장윤철,3,Dominator
2025-02-21,이제동,장윤철,4,Pole Star
2025-02-21,이제동,장윤철,5,Eclipse
2025-02-21,이제동,장윤철,6,Eclipse
2025-02-21,이제동,장윤철,7,Dominator
2025-02-21,이제동,장윤철,8,Radeon
2025-02-21,이제동,장윤철,9,Metropolis
2025-02-11,김성대,장윤철,1,Radeon
2025-02-11,김성대,장윤철,2,Pole Star
2025-02-11,김성대,장윤철,3,Eclipse
2025-02-11,김성대,장윤철,4,Metropolis
2025-02-11,김성대,장윤철,5,Dominator
2025-02-11,김성대,장윤철,6,Radeon
2025-02-11,김성대,장윤철,7,Dominator
2025-02-11,김성대,장윤철,8,Eclipse
2025-02-11,김성대,장윤철,9,Pole Star
2025-02-06,김지성,장윤철,1,Eclipse
2025-02-06,김지성,장윤철,2,Radeon
2025-02-06,김지성,장윤철,3,Pole Star
2025-02-06,김지성,장윤철,4,Metropolis
2025-02-06,김지성,장윤철,5,Dominator
2025-02-06,김지성,장윤철,6,Radeon
2025-02-06,김지성,장윤철,7,Eclipse
2025-02-06,김지성,장윤철,8,Pole Star
2025-02-06,김지성,장윤철,9,Dominator
2025-02-04,김명운,김지성,1,déjà vu
2025-02-04,김명운,김지성,2,Metropolis
2025-02-04,김명운,김지성,3,Pole Star
2025-02-04,김명운,김지성,4,Radeon
2025-02-04,김명운,김지성,5,Dominator
2025-02-04,김명운,김지성,6,Radeon
2025-02-04,김명운,김지성,7,Metropolis
2025-02-04,김명운,김지성,8,Pole Star
2025-02-04,김명운,김지성,9,déjà vu
2025-01-31,김명운,도재욱,1,Eclipse
2025-01-31,김명운,도재욱,2,déjà vu
2025-01-31,김명운,도재욱,3,Dominator
2025-01-31,김명운,도재욱,4,Pole Star
2025-01-31,김명운,도재욱,5,Radeon
2025-01-31,김명운,도재욱,6,Eclipse
2025-01-31,김명운,도재욱,7,Dominator
2025-01-31,김명운,도재욱,8,déjà vu
2025-01-31,김명운,도재욱,9,Pole Star
2025-01-22,김명운,이재호,1,Pantheon
2025-01-22,김명운,이재호,2,Radeon
2025-01-22,김명운,이재호,3,déjà vu
2025-01-22,김명운,이재호,4,Dominator
2025-01-22,김명운,이재호,5,Kick Back
2025-01-22,김명운,이재호,6,Radeon
2025-01-22,김명운,이재호,7,Pantheon
2025-01-22,김명운,이재호,8,déjà vu
2025-01-22,김명운,이재호,9,Kick Back
2024-12-13,김명운,변현제,1,déjà vu
2024-12-13,김명운,변현제,2,Pantheon
2024-12-13,김명운,변현제,3,Dominator
2024-12-13,김명운,변현제,4,Radeon
2024-12-13,김명운,변현제,5,Kick Back
2024-12-13,김명운,변현제,6,Kick Back
2024-12-13,김명운,변현제,7,Pantheon
2024-12-13,김명운,변현제,8,Dominator
2024-12-13,김명운,변현제,9,déjà vu
2024-12-06,변현제,조기석,1,Kick Back
2024-12-06,변현제,조기석,2,déjà vu
2024-12-06,변현제,조기석,3,Dominator
2024-12-06,변현제,조기석,4,Radeon
2024-12-06,변현제,조기석,5,Montyhall SE
2024-12-06,변현제,조기석,6,Kick Back
2024-12-06,변현제,조기석,7,déjà vu
2024-12-06,변현제,조기석,8,Radeon
2024-12-06,변현제,조기석,9,Montyhall SE
2024-11-30,변현제,이제동,1,Kick Back
2024-11-30,변현제,이제동,2,Radeon
2024-11-30,변현제,이제동,3,Pantheon
2024-11-30,변현제,이제동,4,Dominator
2024-11-30,변현제,이제동,5,déjà vu
2024-11-30,변현제,이제동,6,Kick Back
2024-11-30,변현제,이제동,7,Pantheon
2024-11-30,변현제,이제동,8,Radeon
2024-11-30,변현제,이제동,9,déjà vu
2024-11-05,김성대,변현제,1,Kick Back
2024-11-05,김성대,변현제,2,Pantheon
2024-11-05,김성대,변현제,3,Dominator
2024-11-05,김성대,변현제,4,Radeon
2024-11-05,김성대,변현제,5,déjà vu
2024-11-05,김성대,변현제,6,Dominator
2024-11-05,김성대,변현제,7,déjà vu
2024-11-05,김성대,변현제,8,Kick Back
2024-11-05,김성대,변현제,9,Radeon
2024-10-06,김지성,송병구,1,Minstrel
2024-10-06,김지성,송병구,2,déjà vu
2024-10-06,김지성,송병구,3,Montyhall SE
2024-10-06,김지성,송병구,4,Dominator
2024-10-06,김지성,송병구,5,Pantheon
2024-10-06,김지성,송병구,6,Minstrel
2024-10-06,김지성,송병구,7,déjà vu
2024-10-06,김지성,송병구,8,Dominator
2024-10-06,김지성,송병구,9,Pantheon
2024-10-04,변현제,이재호,1,Kick Back
2024-10-04,변현제,이재호,2,Pantheon
2024-10-04,변현제,이재호,3,Montyhall SE
2024-10-04,변현제,이재호,4,déjà vu
2024-10-04,변현제,이재호,5,Dominator
2024-10-04,변현제,이재호,6,Pantheon
2024-10-04,변현제,이재호,7,Montyhall SE
2024-10-04,변현제,이재호,8,déjà vu
2024-10-04,변현제,이재호,9,Kick Back
2024-09-28,김민철,이재호,1,Radeon
2024-09-28,김민철,이재호,2,Kick Back
2024-09-28,김민철,이재호,3,Montyhall SE
2024-09-28,김민철,이재호,4,déjà vu
2024-09-28,김민철,이재호,5,Minstrel
2024-09-28,김민철,이재호,6,Radeon
2024-09-28,김민철,이재호,7,déjà vu
2024-09-28,김민철,이재호,8,Montyhall SE
2024-09-28,김민철,이재호,9,Kick Back
2024-09-20,도재욱,이재호,1,Pantheon
2024-09-20,도재욱,이재호,2,Montyhall SE
2024-09-20,도재욱,이재호,3,déjà vu
2024-09-20,도재욱,이재호,4,Dominator
2024-09-20,도재욱,이재호,5,Kick Back
2024-09-20,도재욱,이재호,6,Dominator
2024-09-20,도재욱,이재호,7,Pantheon
2024-09-20,도재욱,이재호,8,Kick Back
2024-09-20,도재욱,이재호,9,déjà vu
2024-09-13,김명운,도재욱,1,Radeon
2024-09-13,김명운,도재욱,2,Kick Back
2024-09-13,김명운,도재욱,3,déjà vu
2024-09-13,김명운,도재욱,4,Dominator
2024-09-13,김명운,도재욱,5,Pantheon
2024-09-13,김명운,도재욱,6,déjà vu
2024-09-13,김명운,도재욱,7,Dominator
2024-09-13,김명운,도재욱,8,Kick Back
2024-09-13,김명운,도재욱,9,Pantheon
2024-08-14,도재욱,유영진,1,Montyhall SE
2024-08-14,도재욱,유영진,2,Kick Back
2024-08-14,도재욱,유영진,3,Dominator
2024-08-14,도재욱,유영진,4,déjà vu
2024-08-14,도재욱,유영진,5,Radeon
2024-08-14,도재욱,유영진,6,Radeon
2024-08-14,도재욱,유영진,7,déjà vu
2024-08-14,도재욱,유영진,8,Kick Back
2024-08-14,도재욱,유영진,9,Montyhall SE
2024-08-02,도재욱,이제동,1,Radeon
2024-08-02,도재욱,이제동,2,Minstrel
2024-08-02,도재욱,이제동,3,Pantheon
2024-08-02,도재욱,이제동,4,Dominator
2024-08-02,도재욱,이제동,5,Kick Back
2024-08-02,도재욱,이제동,6,Minstrel
2024-08-02,도재욱,이제동,7,Pantheon
2024-08-02,도재욱,이제동,8,Dominator
2024-08-02,도재욱,이제동,9,Kick Back
2024-07-30,김지성,도재욱,1,Dominator
2024-07-30,김지성,도재욱,2,Radeon
2024-07-30,김지성,도재욱,3,Montyhall SE
2024-07-30,김지성,도재욱,4,déjà vu
2024-07-30,김지성,도재욱,5,Kick Back
2024-07-30,김지성,도재욱,6,Dominator
2024-07-30,김지성,도재욱,7,Montyhall SE
2024-07-30,김지성,도재욱,8,Radeon
2024-07-30,김지성,도재욱,9,déjà vu
2024-07-15,김지성,조일장,1,Radeon
2024-07-15,김지성,조일장,2,Citadel
2024-07-15,김지성,조일장,3,Neo Dark Origin
2024-07-15,김지성,조일장,4,Retro
2024-07-15,김지성,조일장,5,Apocalypse
2024-07-15,김지성,조일장,6,Citadel
2024-07-15,김지성,조일장,7,Neo Dark Origin
2024-07-15,김지성,조일장,8,Retro
2024-07-15,김지성,조일장,9,Radeon
2024-07-10,김지성,변현제,1,BlitzY
2024-07-10,김지성,변현제,2,Apocalypse
2024-07-10,김지성,변현제,3,Neo Dark Origin
2024-07-10,김지성,변현제,4,Retro
2024-07-10,김지성,변현제,5,Radeon
2024-07-10,김지성,변현제,6,Apocalypse
2024-07-10,김지성,변현제,7,BlitzY
2024-07-10,김지성,변현제,8,Radeon
2024-07-10,김지성,변현제,9,Retro
2024-05-21,김민철,김지성,1,Citadel
2024-05-21,김민철,김지성,2,Retro
2024-05-21,김민철,김지성,3,Apocalypse
2024-05-21,김민철,김지성,4,Radeon
2024-05-21,김민철,김지성,5,BlitzY
2024-05-21,김민철,김지성,6,Apocalypse
2024-05-21,김민철,김지성,7,Radeon
2024-05-21,김민철,김지성,8,Retro
2024-05-21,김민철,김지성,9,BlitzY
2024-05-14,김민철,도재욱,1,BlitzY
2024-05-14,김민철,도재욱,2,Neo Dark Origin
2024-05-14,김민철,도재욱,3,Apocalypse
2024-05-14,김민철,도재욱,4,Retro
2024-05-14,김민철,도재욱,5,Citadel
2024-05-14,김민철,도재욱,6,BlitzY
2024-05-14,김민철,도재욱,7,Apocalypse
2024-05-14,김민철,도재욱,8,Neo Dark Origin
2024-05-14,김민철,도재욱,9,Citadel
2024-05-10,김민철,이재호,1,Retro
2024-05-10,김민철,이재호,2,Apocalypse
2024-05-10,김민철,이재호,3,BlitzY
2024-05-10,김민철,이재호,4,Troy
2024-05-10,김민철,이재호,5,Radeon
2024-05-10,김민철,이재호,6,Troy
2024-05-10,김민철,이재호,7,Apocalypse
2024-05-10,김민철,이재호,8,BlitzY
2024-05-10,김민철,이재호,9,Retro
2024-05-03,김민철,장윤철,1,Citadel
2024-05-03,김민철,장윤철,2,BlitzY
2024-05-03,김민철,장윤철,3,Retro
2024-05-03,김민철,장윤철,4,Apocalypse
2024-05-03,김민철,장윤철,5,Neo Dark Origin
2024-05-03,김민철,장윤철,6,BlitzY
2024-05-03,김민철,장윤철,7,Apocalypse
2024-05-03,김민철,장윤철,8,Neo Dark Origin
2024-05-03,김민철,장윤철,9,Retro
2024-04-19,장윤철,조기석,1,Citadel
2024-04-19,장윤철,조기석,2,Neo Dark Origin
2024-04-19,장윤철,조기석,3,Retro
2024-04-19,장윤철,조기석,4,Apocalypse
2024-04-19,장윤철,조기석,5,BlitzY
2024-04-19,장윤철,조기석,6,Citadel
2024-04-19,장윤철,조기석,7,Retro
2024-04-19,장윤철,조기석,8,Neo Dark Origin
2024-04-19,장윤철,조기석,9,BlitzY
2024-04-17,유영진,장윤철,1,Citadel
2024-04-17,유영진,장윤철,2,Apocalypse
2024-04-17,유영진,장윤철,3,Retro
2024-04-17,유영진,장윤철,4,BlitzY
2024-04-17,유영진,장윤철,5,Troy
2024-04-17,유영진,장윤철,6,Citadel
2024-04-17,유영진,장윤철,7,Retro
2024-04-17,유영진,장윤철,8,Apocalypse
2024-04-17,유영진,장윤철,9,BlitzY
2024-03-30,김명운,장윤철,1,Neo Dark Origin
2024-03-30,김명운,장윤철,2,Radeon
2024-03-30,김명운,장윤철,3,Apocalypse
2024-03-30,김명운,장윤철,4,Citadel
2024-03-30,김명운,장윤철,5,Troy
2024-03-30,김명운,장윤철,6,Radeon
2024-03-30,김명운,장윤철,7,Citadel
2024-03-30,김명운,장윤철,8,Troy
2024-03-30,김명운,장윤철,9,Apocalypse
2024-03-17,김지성,장윤철,1,BlitzY
2024-03-17,김지성,장윤철,2,Citadel
2024-03-17,김지성,장윤철,3,Retro
2024-03-17,김지성,장윤철,4,Apocalypse
2024-03-17,김지성,장윤철,5,Neo Dark Origin
2024-03-17,김지성,장윤철,6,Citadel
2024-03-17,김지성,장윤철,7,BlitzY
2024-03-17,김지성,장윤철,8,Retro
2024-03-17,김지성,장윤철,9,Apocalypse
2024-03-12,김성대,김지성,1,Neo Dark Origin
2024-03-12,김성대,김지성,2,Retro
2024-03-12,김성대,김지성,3,Radeon
2024-03-12,김성대,김지성,4,Apocalypse
2024-03-12,김성대,김지성,5,Citadel
2024-03-12,김성대,김지성,6,Neo Dark Origin
2024-03-12,김성대,김지성,7,Retro
2024-03-12,김성대,김지성,8,Apocalypse
2024-03-12,김성대,김지성,9,Citadel
2024-03-08,김지성,변현제,1,Citadel
2024-03-08,김지성,변현제,2,BlitzY
2024-03-08,김지성,변현제,3,Apocalypse
2024-03-08,김지성,변현제,4,Retro
2024-03-08,김지성,변현제,5,Neo Dark Origin
2024-03-08,김지성,변현제,6,Citadel
2024-03-08,김지성,변현제,7,Apocalypse
2024-03-08,김지성,변현제,8,BlitzY
2024-03-08,김지성,변현제,9,Retro
2024-02-17,변현제,조일장,1,Radeon
2024-02-17,변현제,조일장,2,Retro
2024-02-17,변현제,조일장,3,BlitzY
2024-02-17,변현제,조일장,4,Apocalypse
2024-02-17,변현제,조일장,5,Neo Dark Origin
2024-02-17,변현제,조일장,6,BlitzY
2024-02-17,변현제,조일장,7,Retro
2024-02-17,변현제,조일장,8,Radeon
2024-02-17,변현제,조일장,9,Apocalypse
2024-02-16,송병구,전태양,1,Apocalypse
2024-02-16,송병구,전태양,2,Retro
2024-02-16,송병구,전태양,3,Radeon
2024-02-16,송병구,전태양,4,Neo Dark Origin
2024-02-16,송병구,전태양,5,BlitzY
2024-02-16,송병구,전태양,6,Retro
2024-02-16,송병구,전태양,7,Apocalypse
2024-02-16,송병구,전태양,8,Neo Dark Origin
2024-02-16,송병구,전태양,9,BlitzY
2024-02-15,김윤중,이제동,1,Radeon
2024-02-15,김윤중,이제동,2,Citadel
2024-02-15,김윤중,이제동,3,BlitzY
2024-02-15,김윤중,이제동,4,Apocalypse
2024-02-15,김윤중,이제동,5,Retro
2024-02-15,김윤중,이제동,6,Radeon
2024-02-15,김윤중,이제동,7,BlitzY
2024-02-15,김윤중,이제동,8,Retro
2024-02-15,김윤중,이제동,9,Apocalypse
2024-02-13,변현제,유영진,1,BlitzY
2024-02-13,변현제,유영진,2,Apocalypse
2024-02-13,변현제,유영진,3,Retro
2024-02-13,변현제,유영진,4,Citadel
2024-02-13,변현제,유영진,5,Neo Dark Origin
2024-02-13,변현제,유영진,6,BlitzY
2024-02-13,변현제,유영진,7,Citadel
2024-02-13,변현제,유영진,8,Neo Dark Origin
2024-02-13,변현제,유영진,9,Retro
2024-01-18,도재욱,유영진,1,La Campanella
2024-01-18,도재욱,유영진,2,Apocalypse
2024-01-18,도재욱,유영진,3,Neo Dark Origin
2024-01-18,도재욱,유영진,4,Retro
2024-01-18,도재욱,유영진,5,Tempest
2024-01-18,도재욱,유영진,6,La Campanella
2024-01-18,도재욱,유영진,7,Retro
2024-01-18,도재욱,유영진,8,Apocalypse
2024-01-18,도재욱,유영진,9,Neo Dark Origin
2024-01-16,김명운,도재욱,1,Retro
2024-01-16,김명운,도재욱,2,Neo Dark Origin
2024-01-16,김명운,도재욱,3,Polypoid
2024-01-16,김명운,도재욱,4,Apocalypse
2024-01-16,김명운,도재욱,5,Tempest
2024-01-16,김명운,도재욱,6,Apocalypse
2024-01-16,김명운,도재욱,7,Retro
2024-01-16,김명운,도재욱,8,Neo Dark Origin
2024-01-16,김명운,도재욱,9,Polypoid
2024-01-09,도재욱,이재호,1,Apocalypse
2024-01-09,도재욱,이재호,2,Retro
2024-01-09,도재욱,이재호,3,Neo Dark Origin
2024-01-09,도재욱,이재호,4,La Campanella
2024-01-09,도재욱,이재호,5,Tempest
2024-01-09,도재욱,이재호,6,Retro
2024-01-09,도재욱,이재호,7,Apocalypse
2024-01-09,도재욱,이재호,8,La Campanella
2024-01-09,도재욱,이재호,9,Tempest
2023-12-27,김민철,도재욱,1,Apocalypse
2023-12-27,김민철,도재욱,2,Neo Dark Origin
2023-12-27,김민철,도재욱,3,Polypoid
2023-12-27,김민철,도재욱,4,Tempest
2023-12-27,김민철,도재욱,5,Retro
2023-12-27,김민철,도재욱,6,Tempest
2023-12-27,김민철,도재욱,7,Polypoid
2023-12-27,김민철,도재욱,8,Neo Dark Origin
2023-12-27,김민철,도재욱,9,Retro
2023-12-26,김민철,김지성,1,Neo Dark Origin
2023-12-26,김민철,김지성,2,Retro
2023-12-26,김민철,김지성,3,Invader
2023-12-26,김민철,김지성,4,Apocalypse
2023-12-26,김민철,김지성,5,La Campanella
2023-12-26,김민철,김지성,6,Apocalypse
2023-12-26,김민철,김지성,7,Invader
2023-12-26,김민철,김지성,8,Retro
2023-12-26,김민철,김지성,9,Neo Dark Origin
2023-12-23,도재욱,박상현,1,Polypoid
2023-12-23,도재욱,박상현,2,Tempest
2023-12-23,도재욱,박상현,3,Retro
2023-12-23,도재욱,박상현,4,Neo Dark Origin
2023-12-23,도재욱,박상현,5,Invader
2023-12-23,도재욱,박상현,6,Invader
2023-12-23,도재욱,박상현,7,Neo Dark Origin
2023-12-23,도재욱,박상현,8,Retro
2023-12-23,도재욱,박상현,9,Polypoid
2023-12-22,김민철,이재호,1,Tempest
2023-12-22,김민철,이재호,2,Retro
2023-12-22,김민철,이재호,3,Apocalypse
2023-12-22,김민철,이재호,4,La Campanella
2023-12-22,김민철,이재호,5,Invader
2023-12-22,김민철,이재호,6,Retro
2023-12-22,김민철,이재호,7,Apocalypse
2023-12-22,김민철,이재호,8,Tempest
2023-12-22,김민철,이재호,9,Invader
2023-12-21,박상현,변현제,1,Retro
2023-12-21,박상현,변현제,2,Apocalypse
2023-12-21,박상현,변현제,3,Polypoid
2023-12-21,박상현,변현제,4,Neo Dark Origin
2023-12-21,박상현,변현제,5,Tempest
2023-12-21,박상현,변현제,6,Polypoid
2023-12-21,박상현,변현제,7,Apocalypse
2023-12-21,박상현,변현제,8,Tempest
2023-12-21,박상현,변현제,9,Neo Dark Origin
2023-12-19,도재욱,유영진,1,Polypoid
2023-12-19,도재욱,유영진,2,Apocalypse
2023-12-19,도재욱,유영진,3,La Campanella
2023-12-19,도재욱,유영진,4,Tempest
2023-12-19,도재욱,유영진,5,Neo Dark Origin
2023-12-19,도재욱,유영진,6,La Campanella
2023-12-19,도재욱,유영진,7,Polypoid
2023-12-19,도재욱,유영진,8,Apocalypse
2023-12-19,도재욱,유영진,9,Neo Dark Origin
2023-12-18,김지성,장윤철,1,Polypoid
2023-12-18,김지성,장윤철,2,Tempest
2023-12-18,김지성,장윤철,3,Apocalypse
2023-12-18,김지성,장윤철,4,Neo Dark Origin
2023-12-18,김지성,장윤철,5,Retro
2023-12-18,김지성,장윤철,6,Apocalypse
2023-12-18,김지성,장윤철,7,Neo Dark Origin
2023-12-18,김지성,장윤철,8,Polypoid
2023-12-18,김지성,장윤철,9,Tempest
2023-12-12,김민철,정영재,1,Tempest
2023-12-12,김민철,정영재,2,Retro
2023-12-12,김민철,정영재,3,Neo Dark Origin
2023-12-12,김민철,정영재,4,La Campanella
2023-12-12,김민철,정영재,5,Apocalypse
2023-12-12,김민철,정영재,6,La Campanella
2023-12-12,김민철,정영재,7,Retro
2023-12-12,김민철,정영재,8,Apocalypse
2023-12-12,김민철,정영재,9,Tempest
2023-12-11,김민철,이재호,1,Apocalypse
2023-12-11,김민철,이재호,2,Retro
2023-12-11,김민철,이재호,3,Tempest
2023-12-11,김민철,이재호,4,La Campanella
2023-12-11,김민철,이재호,5,Neo Dark Origin
2023-12-11,박상현,정영재,1,La Campanella
2023-12-11,박상현,정영재,2,Neo Dark Origin
2023-12-11,박상현,정영재,3,Polypoid
2023-12-11,박상현,정영재,4,Retro
2023-12-11,박상현,정영재,5,Tempest
2023-12-07,도재욱,이재호,1,Invader
2023-12-07,도재욱,이재호,2,Polypoid
2023-12-07,도재욱,이재호,3,Apocalypse
2023-12-07,도재욱,이재호,4,Retro
2023-12-07,도재욱,이재호,5,Tempest
2023-12-07,도재욱,이재호,6,Invader
2023-12-07,도재욱,이재호,7,Apocalypse
2023-12-07,도재욱,이재호,8,Polypoid
2023-12-07,도재욱,이재호,9,Retro
2023-10-31,박상현,이재호,1,Apocalypse
2023-10-31,박상현,이재호,2,Retro
2023-10-31,박상현,이재호,3,Tempest
2023-10-31,박상현,이재호,4,La Campanella
2023-10-31,박상현,이재호,5,Invader
2023-10-31,박상현,이재호,6,Tempest
2023-10-31,박상현,이재호,7,Retro
2023-10-31,박상현,이재호,8,La Campanella
2023-10-31,박상현,이재호,9,Apocalypse
2023-10-20,김지성,박상현,1,Tempest
2023-10-20,김지성,박상현,2,Polypoid
2023-10-20,김지성,박상현,3,Retro
2023-10-20,김지성,박상현,4,Apocalypse
2023-10-20,김지성,박상현,5,Invader
2023-10-20,김지성,박상현,6,Polypoid
2023-10-20,김지성,박상현,7,Invader
2023-10-20,김지성,박상현,8,Retro
2023-10-20,김지성,박상현,9,Tempest
2023-10-13,박상현,유영진,1,Polypoid
2023-10-13,박상현,유영진,2,Retro
2023-10-13,박상현,유영진,3,Apocalypse
2023-10-13,박상현,유영진,4,Invader
2023-10-13,박상현,유영진,5,Tempest
2023-10-13,박상현,유영진,6,Polypoid
2023-10-13,박상현,유영진,7,Retro
2023-10-13,박상현,유영진,8,Apocalypse
2023-10-13,박상현,유영진,9,Invader
2023-09-27,박상현,정영재,1,Polypoid
2023-09-27,박상현,정영재,2,Tempest
2023-09-27,박상현,정영재,3,Retro
2023-09-27,박상현,정영재,4,Neo Dark Origin
2023-09-27,박상현,정영재,5,Apocalypse
2023-09-27,박상현,정영재,6,Tempest
2023-09-27,박상현,정영재,7,Polypoid
2023-09-27,박상현,정영재,8,Neo Dark Origin
2023-09-27,박상현,정영재,9,Retro
2023-09-20,박상현,장윤철,1,Polypoid
2023-09-20,박상현,장윤철,2,Neo Dark Origin
2023-09-20,박상현,장윤철,3,Retro
2023-09-20,박상현,장윤철,4,Apocalypse
2023-09-20,박상현,장윤철,5,Tempest
2023-09-20,박상현,장윤철,6,Apocalypse
2023-09-20,박상현,장윤철,7,Tempest
2023-09-20,박상현,장윤철,8,Polypoid
2023-09-20,박상현,장윤철,9,Neo Dark Origin
2023-09-10,이재호,장윤철,1,Polypoid
2023-09-10,이재호,장윤철,2,Retro
2023-09-10,이재호,장윤철,3,Apocalypse
2023-09-10,이재호,장윤철,4,Invader
2023-09-10,이재호,장윤철,5,Tempest
2023-09-10,이재호,장윤철,6,Polypoid
2023-09-10,이재호,장윤철,7,Retro
2023-09-10,이재호,장윤철,8,Apocalypse
2023-09-10,이재호,장윤철,9,Invader
2023-09-07,박준오,장윤철,1,Tempest
2023-09-07,박준오,장윤철,2,Apocalypse
2023-09-07,박준오,장윤철,3,Polypoid
2023-09-07,박준오,장윤철,4,Retro
2023-09-07,박준오,장윤철,5,Neo Dark Origin
2023-09-07,박준오,장윤철,6,Tempest
2023-09-07,박준오,장윤철,7,Polypoid
2023-09-07,박준오,장윤철,8,Neo Dark Origin
2023-09-07,박준오,장윤철,9,Retro
2023-08-24,김명운,장윤철,1,Retro
2023-08-24,김명운,장윤철,2,Polypoid
2023-08-24,김명운,장윤철,3,Apocalypse
2023-08-24,김명운,장윤철,4,Tempest
2023-08-24,김명운,장윤철,5,Neo Dark Origin
2023-08-24,김명운,장윤철,6,Retro
2023-08-24,김명운,장윤철,7,Polypoid
2023-08-24,김명운,장윤철,8,Apocalypse
2023-08-24,김명운,장윤철,9,Tempest
2023-08-17,송병구,윤찬희,1,Polypoid
2023-08-17,송병구,윤찬희,2,Apocalypse
2023-08-17,송병구,윤찬희,3,Retro
2023-08-17,송병구,윤찬희,4,Neo Dark Origin
2023-08-17,송병구,윤찬희,5,Tempest
2023-08-17,송병구,윤찬희,6,Polypoid
2023-08-17,송병구,윤찬희,7,Apocalypse
2023-08-17,송병구,윤찬희,8,Neo Dark Origin
2023-08-17,송병구,윤찬희,9,Tempest
2023-08-07,김성대,장윤철,1,Retro
2023-08-07,김성대,장윤철,2,Polypoid
2023-08-07,김성대,장윤철,3,Neo Dark Origin
2023-08-07,김성대,장윤철,4,Tempest
2023-08-07,김성대,장윤철,5,Apocalypse
2023-08-07,김성대,장윤철,6,Retro
2023-08-07,김성대,장윤철,7,Neo Dark Origin
2023-08-07,김성대,장윤철,8,Polypoid
2023-08-07,김성대,장윤철,9,Tempest
2023-08-03,김지성,장윤철,1,Neo Dark Origin
2023-08-03,김지성,장윤철,2,Polypoid
2023-08-03,김지성,장윤철,3,Tempest
2023-08-03,김지성,장윤철,4,Apocalypse
2023-08-03,김지성,장윤철,5,Retro
2023-08-03,김지성,장윤철,6,Polypoid
2023-08-03,김지성,장윤철,7,Retro
2023-08-03,김지성,장윤철,8,Apocalypse
2023-08-03,김지성,장윤철,9,Tempest
2023-07-31,김지성,조일장,1,Apocalypse
2023-07-31,김지성,조일장,2,Polypoid
2023-07-31,김지성,조일장,3,La Campanella
2023-07-31,김지성,조일장,4,Invader
2023-07-31,김지성,조일장,5,Retro
2023-07-31,김지성,조일장,6,La Campanella
2023-07-31,김지성,조일장,7,Retro
2023-07-31,김지성,조일장,8,Polypoid
2023-07-31,김지성,조일장,9,Invader
2023-07-17,김지성,변현제,1,Neo Dark Origin
2023-07-17,김지성,변현제,2,La Campanella
2023-07-17,김지성,변현제,3,Apocalypse
2023-07-17,김지성,변현제,4,Tempest
2023-07-17,김지성,변현제,5,Retro
2023-07-17,김지성,변현제,6,La Campanella
2023-07-17,김지성,변현제,7,Neo Dark Origin
2023-07-17,김지성,변현제,8,Apocalypse
2023-07-17,김지성,변현제,9,Retro
2023-07-10,김지성,박상현,1,Vermeer
2023-07-10,김지성,박상현,2,Retro
2023-07-10,김지성,박상현,3,Neo Sylphid
2023-07-10,김지성,박상현,4,Neo Heartbreak Ridge Line
2023-07-10,김지성,박상현,5,Dark Origin
2023-07-10,김지성,박상현,6,Retro
2023-07-10,김지성,박상현,7,Neo Heartbreak Ridge Line
2023-07-10,김지성,박상현,8,Vermeer
2023-07-10,김지성,박상현,9,Dark Origin
2023-06-29,도재욱,박상현,1,76
2023-06-29,도재욱,박상현,2,Neo Sylphid
2023-06-29,도재욱,박상현,3,Retro
2023-06-29,도재욱,박상현,4,Neo Heartbreak Ridge Line
2023-06-29,도재욱,박상현,5,Nemesis
2023-06-29,도재욱,박상현,6,Vermeer
2023-06-29,도재욱,박상현,7,Dark Origin
2023-06-29,도재욱,박상현,8,76
2023-06-29,도재욱,박상현,9,Neo Sylphid
2023-06-22,도재욱,이재호,1,Neo Sylphid
2023-06-22,도재욱,이재호,2,Neo Heartbreak Ridge Line
2023-06-22,도재욱,이재호,3,76
2023-06-22,도재욱,이재호,4,Nemesis
2023-06-22,도재욱,이재호,5,Vermeer
2023-06-22,도재욱,이재호,6,Dark Origin
2023-06-22,도재욱,이재호,7,Retro
2023-06-22,도재욱,이재호,8,Neo Heartbreak Ridge Line
2023-06-22,도재욱,이재호,9,Vermeer
2023-06-16,김지성,도재욱,1,Vermeer
2023-06-16,김지성,도재욱,2,Dark Origin
2023-06-16,김지성,도재욱,3,Neo Sylphid
2023-06-16,김지성,도재욱,4,Nemesis
2023-06-16,김지성,도재욱,5,76
2023-06-16,김지성,도재욱,6,Neo Heartbreak Ridge Line
2023-06-16,김지성,도재욱,7,Retro
2023-06-16,김지성,도재욱,8,Neo Sylphid
2023-06-16,김지성,도재욱,9,Vermeer
2023-06-12,김민철,도재욱,1,Neo Heartbreak Ridge Line
2023-06-12,김민철,도재욱,2,Retro
2023-06-12,김민철,도재욱,3,Neo Sylphid
2023-06-12,김민철,도재욱,4,Nemesis
2023-06-12,김민철,도재욱,5,Vermeer
2023-06-12,김민철,도재욱,6,76
2023-06-12,김민철,도재욱,7,Dark Origin
2023-06-12,김민철,도재욱,8,Neo Sylphid
2023-06-12,김민철,도재욱,9,Retro
2023-06-02,도재욱,정영재,1,Retro
2023-06-02,도재욱,정영재,2,Vermeer
2023-06-02,도재욱,정영재,3,Dark Origin
2023-06-02,도재욱,정영재,4,Neo Sylphid
2023-06-02,도재욱,정영재,5,Nemesis
2023-06-02,도재욱,정영재,6,Neo Heartbreak Ridge Line
2023-06-02,도재욱,정영재,7,76
2023-06-02,도재욱,정영재,8,Dark Origin
2023-06-02,도재욱,정영재,9,Vermeer
2023-05-29,이영한,정영재,1,Vermeer
2023-05-29,이영한,정영재,2,Neo Sylphid
2023-05-29,이영한,정영재,3,Retro
2023-05-29,이영한,정영재,4,Neo Heartbreak Ridge Line
2023-05-29,이영한,정영재,5,Dark Origin
2023-05-29,이영한,정영재,6,Nemesis
2023-05-29,이영한,정영재,7,76
2023-05-29,이영한,정영재,8,Neo Heartbreak Ridge Line
2023-05-29,이영한,정영재,9,Dark Origin
2023-05-25,변현제,이영한,1,Retro
2023-05-25,변현제,이영한,2,Nemesis
2023-05-25,변현제,이영한,3,Vermeer
2023-05-25,변현제,이영한,4,Neo Heartbreak Ridge Line
2023-05-25,변현제,이영한,5,76
2023-05-25,변현제,이영한,6,Dark Origin
2023-05-25,변현제,이영한,7,Neo Sylphid
2023-05-25,변현제,이영한,8,Nemesis
2023-05-25,변현제,이영한,9,Vermeer
2023-05-23,변현제,유영진,1,Nemesis
2023-05-23,변현제,유영진,2,Vermeer
2023-05-23,변현제,유영진,3,Neo Heartbreak Ridge Line
2023-05-23,변현제,유영진,4,Neo Sylphid
2023-05-23,변현제,유영진,5,Dark Origin
2023-05-23,변현제,유영진,6,Retro
2023-05-23,변현제,유영진,7,76
2023-05-23,변현제,유영진,8,Vermeer
2023-05-23,변현제,유영진,9,Neo Sylphid
2023-05-19,김명운,유영진,1,Dark Origin
2023-05-19,김명운,유영진,2,Neo Heartbreak Ridge Line
2023-05-19,김명운,유영진,3,Vermeer
2023-05-19,김명운,유영진,4,76
2023-05-19,김명운,유영진,5,Nemesis
2023-05-19,김명운,유영진,6,Retro
2023-05-19,김명운,유영진,7,Neo Sylphid
2023-05-19,김명운,유영진,8,76
2023-05-19,김명운,유영진,9,Vermeer
2023-05-16,김명운,장윤철,1,Retro
2023-05-16,김명운,장윤철,2,76
2023-05-16,김명운,장윤철,3,Dark Origin
2023-05-16,김명운,장윤철,4,Neo Sylphid
2023-05-16,김명운,장윤철,5,Neo Heartbreak Ridge Line
2023-05-16,김명운,장윤철,6,Vermeer
2023-05-16,김명운,장윤철,7,Nemesis
2023-05-16,김명운,장윤철,8,Neo Heartbreak Ridge Line
2023-05-16,김명운,장윤철,9,76
2023-04-24,이재호,장윤철,1,Vermeer
2023-04-24,이재호,장윤철,2,Neo Sylphid
2023-04-24,이재호,장윤철,3,Retro
2023-04-24,이재호,장윤철,4,Neo Heartbreak Ridge Line
2023-04-24,이재호,장윤철,5,76
2023-04-24,이재호,장윤철,6,Nemesis
2023-04-24,이재호,장윤철,7,Dark Origin
2023-04-24,이재호,장윤철,8,Vermeer
2023-04-24,이재호,장윤철,9,Neo Heartbreak Ridge Line
2023-04-21,김성대,장윤철,1,Vermeer
2023-04-21,김성대,장윤철,2,Neo Heartbreak Ridge Line
2023-04-21,김성대,장윤철,3,Retro
2023-04-21,김성대,장윤철,4,Dark Origin
2023-04-21,김성대,장윤철,5,Neo Sylphid
2023-04-21,김성대,장윤철,6,Nemesis
2023-04-21,김성대,장윤철,7,76
2023-04-21,김성대,장윤철,8,Vermeer
2023-04-21,김성대,장윤철,9,Dark Origin
2023-04-05,김지성,장윤철,1,Vermeer
2023-04-05,김지성,장윤철,2,Dark Origin
2023-04-05,김지성,장윤철,3,Neo Sylphid
2023-04-05,김지성,장윤철,4,Nemesis
2023-04-05,김지성,장윤철,5,76
2023-04-05,김지성,장윤철,6,Neo Heartbreak Ridge Line
2023-04-05,김지성,장윤철,7,Retro
2023-04-05,김지성,장윤철,8,Vermeer
2023-04-05,김지성,장윤철,9,Neo Sylphid
2023-03-16,장윤철,황병영,1,Vermeer
2023-03-16,장윤철,황병영,2,Neo Sylphid
2023-03-16,장윤철,황병영,3,Nemesis
2023-03-16,장윤철,황병영,4,Dark Origin
2023-03-16,장윤철,황병영,5,Retro
2023-03-16,장윤철,황병영,6,76
2023-03-16,장윤철,황병영,7,Neo Heartbreak Ridge Line
2023-03-16,장윤철,황병영,8,Vermeer
2023-03-16,장윤철,황병영,9,Neo Sylphid
2023-03-12,이영한,장윤철,1,Vermeer
2023-03-12,이영한,장윤철,2,Neo Heartbreak Ridge Line
2023-03-12,이영한,장윤철,3,76
2023-03-12,이영한,장윤철,4,Neo Sylphid
2023-03-12,이영한,장윤철,5,Dark Origin
2023-03-12,이영한,장윤철,6,Nemesis
2023-03-12,이영한,장윤철,7,Retro
2023-03-12,이영한,장윤철,8,Nemesis
2023-03-12,이영한,장윤철,9,Neo Heartbreak Ridge Line
2023-03-09,유영진,장윤철,1,Neo Heartbreak Ridge Line
2023-03-09,유영진,장윤철,2,76
2023-03-09,유영진,장윤철,3,Vermeer
2023-03-09,유영진,장윤철,4,Nemesis
2023-03-09,유영진,장윤철,5,Retro
2023-03-09,유영진,장윤철,6,Neo Sylphid
2023-03-09,유영진,장윤철,7,Dark Origin
2023-03-09,유영진,장윤철,8,Vermeer
2023-03-09,유영진,장윤철,9,Nemesis
2023-02-23,김명운,유영진,1,Dark Origin
2023-02-23,김명운,유영진,2,Neo Heartbreak Ridge Line
2023-02-23,김명운,유영진,3,Vermeer
2023-02-23,김명운,유영진,4,76
2023-02-23,김명운,유영진,5,Nemesis
2023-02-23,김명운,유영진,6,Retro
2023-02-23,김명운,유영진,7,Neo Sylphid
2023-02-23,김명운,유영진,8,76
2023-02-23,김명운,유영진,9,Vermeer
2023-02-22,박상현,유영진,1,Retro
2023-02-22,박상현,유영진,2,Vermeer
2023-02-22,박상현,유영진,3,Neo Heartbreak Ridge Line
2023-02-22,박상현,유영진,4,76
2023-02-22,박상현,유영진,5,Dark Origin
2023-02-22,박상현,유영진,6,Nemesis
2023-02-22,박상현,유영진,7,Neo Sylphid
2023-02-22,박상현,유영진,8,Nemesis
2023-02-22,박상현,유영진,9,Vermeer
2023-02-21,박상현,변현제,1,Nemesis
2023-02-21,박상현,변현제,2,Dark Origin
2023-02-21,박상현,변현제,3,Vermeer
2023-02-21,박상현,변현제,4,76
2023-02-21,박상현,변현제,5,Neo Heartbreak Ridge Line
2023-02-21,박상현,변현제,6,Retro
2023-02-21,박상현,변현제,7,Neo Sylphid
2023-02-21,박상현,변현제,8,Vermeer
2023-02-21,박상현,변현제,9,Retro
2023-02-16,김지성,박상현,1,Vermeer
2023-02-16,김지성,박상현,2,Neo Heartbreak Ridge Line
2023-02-16,김지성,박상현,3,Nemesis
2023-02-16,김지성,박상현,4,Dark Origin
2023-02-16,김지성,박상현,5,Neo Sylphid
2023-02-16,김지성,박상현,6,Retro
2023-02-16,김지성,박상현,7,76
2023-02-16,김지성,박상현,8,Vermeer
2023-02-16,김지성,박상현,9,Nemesis
2023-02-15,도재욱,박상현,1,Retro
2023-02-15,도재욱,박상현,2,Vermeer
2023-02-15,도재욱,박상현,3,Neo Heartbreak Ridge Line
2023-02-15,도재욱,박상현,4,Neo Sylphid
2023-02-15,도재욱,박상현,5,76
2023-02-15,도재욱,박상현,6,Dark Origin
2023-02-15,도재욱,박상현,7,Nemesis
2023-02-15,도재욱,박상현,8,Vermeer
2023-02-15,도재욱,박상현,9,76
2023-02-13,박상현,이재호,1,Dark Origin
2023-02-13,박상현,이재호,2,76
2023-02-13,박상현,이재호,3,Neo Heartbreak Ridge Line
2023-02-13,박상현,이재호,4,Retro
2023-02-13,박상현,이재호,5,Vermeer
2023-02-13,박상현,이재호,6,Nemesis
2023-02-13,박상현,이재호,7,Neo Sylphid
2023-02-13,박상현,이재호,8,Nemesis
2023-02-13,박상현,이재호,9,Neo Heartbreak Ridge Line
2023-01-26,이재호,장윤철,1,Vermeer
2023-01-26,이재호,장윤철,2,Butter
2023-01-26,이재호,장윤철,3,Allegro
2023-01-26,이재호,장윤철,4,Neo Sylphid
2023-01-26,이재호,장윤철,5,Odyssey
2023-01-26,이재호,장윤철,6,Nemesis
2023-01-26,이재호,장윤철,7,Neo Arkanoid
2023-01-26,이재호,장윤철,8,Butter
2023-01-26,이재호,장윤철,9,Odyssey
2023-01-25,김성대,장윤철,1,Odyssey
2023-01-25,김성대,장윤철,2,Vermeer
2023-01-25,김성대,장윤철,3,Neo Sylphid
2023-01-25,김성대,장윤철,4,Butter
2023-01-25,김성대,장윤철,5,Nemesis
2023-01-25,김성대,장윤철,6,Allegro
2023-01-25,김성대,장윤철,7,Neo Arkanoid
2023-01-25,김성대,장윤철,8,Vermeer
2023-01-25,김성대,장윤철,9,Neo Sylphid
2022-12-28,김민철,유영진,1,Vermeer
2022-12-28,김민철,유영진,2,Odyssey
2022-12-28,김민철,유영진,3,Allegro
2022-12-28,김민철,유영진,4,Neo Sylphid
2022-12-28,김민철,유영진,5,Neo Arkanoid
2022-12-28,김민철,유영진,6,Nemesis
2022-12-28,김민철,유영진,7,Butter
2022-12-28,김민철,유영진,8,Odyssey
2022-12-28,김민철,유영진,9,Nemesis
2022-12-26,도재욱,유영진,1,Butter
2022-12-26,도재욱,유영진,2,Neo Arkanoid
2022-12-26,도재욱,유영진,3,Vermeer
2022-12-26,도재욱,유영진,4,Allegro
2022-12-26,도재욱,유영진,5,Odyssey
2022-12-26,도재욱,유영진,6,Nemesis
2022-12-26,도재욱,유영진,7,Neo Sylphid
2022-12-26,도재욱,유영진,8,Allegro
2022-12-26,도재욱,유영진,9,Vermeer
2022-12-21,유영진,조일장,1,Allegro
2022-12-21,유영진,조일장,2,Vermeer
2022-12-21,유영진,조일장,3,Neo Arkanoid
2022-12-21,유영진,조일장,4,Odyssey
2022-12-21,유영진,조일장,5,Butter
2022-12-21,유영진,조일장,6,Neo Sylphid
2022-12-21,유영진,조일장,7,Nemesis
2022-12-21,유영진,조일장,8,Odyssey
2022-12-21,유영진,조일장,9,Vermeer
2022-12-14,이재호,조일장,1,Vermeer
2022-12-14,이재호,조일장,2,Neo Arkanoid
2022-12-14,이재호,조일장,3,Allegro
2022-12-14,이재호,조일장,4,Butter
2022-12-14,이재호,조일장,5,Odyssey
2022-12-14,이재호,조일장,6,Nemesis
2022-12-14,이재호,조일장,7,Neo Sylphid
2022-12-14,이재호,조일장,8,Odyssey
2022-12-14,이재호,조일장,9,Vermeer
2022-12-13,변현제,이재호,1,Allegro
2022-12-13,변현제,이재호,2,Butter
2022-12-13,변현제,이재호,3,Vermeer
2022-12-13,변현제,이재호,4,Neo Sylphid
2022-12-13,변현제,이재호,5,Neo Arkanoid
2022-12-13,변현제,이재호,6,Nemesis
2022-12-13,변현제,이재호,7,Odyssey
2022-12-13,변현제,이재호,8,Butter
2022-12-13,변현제,이재호,9,Allegro
2022-12-06,김명운,변현제,1,Vermeer
2022-12-06,김명운,변현제,2,Butter
2022-12-06,김명운,변현제,3,Neo Sylphid
2022-12-06,김명운,변현제,4,Neo Arkanoid
2022-12-06,김명운,변현제,5,Nemesis
2022-12-06,김명운,변현제,6,Allegro
2022-12-06,김명운,변현제,7,Odyssey
2022-12-06,김명운,변현제,8,Neo Arkanoid
2022-12-06,김명운,변현제,9,Odyssey
2022-12-03,변현제,최호선,1,Vermeer
2022-12-03,변현제,최호선,2,Neo Arkanoid
2022-12-03,변현제,최호선,3,Butter
2022-12-03,변현제,최호선,4,Allegro
2022-12-03,변현제,최호선,5,Neo Sylphid
2022-12-03,변현제,최호선,6,Nemesis
2022-12-03,변현제,최호선,7,Odyssey
2022-12-03,변현제,최호선,8,Vermeer
2022-12-03,변현제,최호선,9,Odyssey
2022-11-30,김성대,도재욱,1,Vermeer
2022-11-30,김성대,도재욱,2,Odyssey
2022-11-30,김성대,도재욱,3,Allegro
2022-11-30,김성대,도재욱,4,Neo Arkanoid
2022-11-30,김성대,도재욱,5,Neo Sylphid
2022-11-30,김성대,도재욱,6,Butter
2022-11-30,김성대,도재욱,7,Nemesis
2022-11-30,김성대,도재욱,8,Vermeer
2022-11-30,김성대,도재욱,9,Allegro
2022-11-25,도재욱,윤찬희,1,Allegro
2022-11-25,도재욱,윤찬희,2,Vermeer
2022-11-25,도재욱,윤찬희,3,Neo Sylphid
2022-11-25,도재욱,윤찬희,4,Nemesis
2022-11-25,도재욱,윤찬희,5,Butter
2022-11-25,도재욱,윤찬희,6,Odyssey
2022-11-25,도재욱,윤찬희,7,Neo Arkanoid
2022-11-25,도재욱,윤찬희,8,Allegro
2022-11-25,도재욱,윤찬희,9,Vermeer
2022-11-23,도재욱,조기석,1,Vermeer
2022-11-23,도재욱,조기석,2,Allegro
2022-11-23,도재욱,조기석,3,Butter
2022-11-23,도재욱,조기석,4,Neo Sylphid
2022-11-23,도재욱,조기석,5,Nemesis
2022-11-23,도재욱,조기석,6,Odyssey
2022-11-23,도재욱,조기석,7,Neo Arkanoid
2022-11-23,도재욱,조기석,8,Odyssey
2022-11-23,도재욱,조기석,9,Butter
2022-11-21,도재욱,이영한,1,Butter
2022-11-21,도재욱,이영한,2,Neo Arkanoid
2022-11-21,도재욱,이영한,3,Vermeer
2022-11-21,도재욱,이영한,4,Odyssey
2022-11-21,도재욱,이영한,5,Nemesis
2022-11-21,도재욱,이영한,6,Allegro
2022-11-21,도재욱,이영한,7,Neo Sylphid
2022-11-21,도재욱,이영한,8,Neo Arkanoid
2022-11-21,도재욱,이영한,9,Vermeer
2022-10-26,송병구,이영한,1,Vermeer
2022-10-26,송병구,이영한,2,Neo Arkanoid
2022-10-26,송병구,이영한,3,Butter
2022-10-26,송병구,이영한,4,Neo Sylphid
2022-10-26,송병구,이영한,5,Allegro
2022-10-26,송병구,이영한,6,Nemesis
2022-10-26,송병구,이영한,7,Odyssey
2022-10-26,송병구,이영한,8,Neo Arkanoid
2022-10-26,송병구,이영한,9,Odyssey
2022-09-25,윤찬희,이영한,1,Neo Arkanoid
2022-09-25,윤찬희,이영한,2,Butter
2022-09-25,윤찬희,이영한,3,Allegro
2022-09-25,윤찬희,이영한,4,Vermeer
2022-09-25,윤찬희,이영한,5,Neo Sylphid
2022-09-25,윤찬희,이영한,6,Nemesis
2022-09-25,윤찬희,이영한,7,Odyssey
2022-09-25,윤찬희,이영한,8,Neo Arkanoid
2022-09-25,윤찬희,이영한,9,Allegro
2022-09-23,윤찬희,장윤철,1,Vermeer
2022-09-23,윤찬희,장윤철,2,Butter
2022-09-23,윤찬희,장윤철,3,Odyssey
2022-09-23,윤찬희,장윤철,4,Neo Sylphid
2022-09-23,윤찬희,장윤철,5,Allegro
2022-09-23,윤찬희,장윤철,6,Nemesis
2022-09-23,윤찬희,장윤철,7,Neo Arkanoid
2022-09-23,윤찬희,장윤철,8,Vermeer
2022-09-23,윤찬희,장윤철,9,Nemesis
2022-09-15,장윤철,최호선,1,Vermeer
2022-09-15,장윤철,최호선,2,Butter
2022-09-15,장윤철,최호선,3,Odyssey
2022-09-15,장윤철,최호선,4,Neo Arkanoid
2022-09-15,장윤철,최호선,5,Allegro
2022-09-15,장윤철,최호선,6,Neo Sylphid
2022-09-15,장윤철,최호선,7,Nemesis
2022-09-15,장윤철,최호선,8,Vermeer
2022-09-15,장윤철,최호선,9,Allegro
2022-09-02,김지성,장윤철,1,Butter
2022-09-02,김지성,장윤철,2,Neo Sylphid
2022-09-02,김지성,장윤철,3,Odyssey
2022-09-02,김지성,장윤철,4,Vermeer
2022-09-02,김지성,장윤철,5,Neo Arkanoid
2022-09-02,김지성,장윤철,6,Allegro
2022-09-02,김지성,장윤철,7,Nemesis
2022-09-02,김지성,장윤철,8,Allegro
2022-09-02,김지성,장윤철,9,Vermeer
2022-08-24,김지성,도재욱,1,Neo Arkanoid
2022-08-24,김지성,도재욱,2,Odyssey
2022-08-24,김지성,도재욱,3,Vermeer
2022-08-24,김지성,도재욱,4,Neo Sylphid
2022-08-24,김지성,도재욱,5,Allegro
2022-08-24,김지성,도재욱,6,Butter
2022-08-24,김지성,도재욱,7,Nemesis
2022-08-24,김지성,도재욱,8,Odyssey
2022-08-24,김지성,도재욱,9,Vermeer
2022-08-15,김명운,김지성,1,Neo Sylphid
2022-08-15,김명운,김지성,2,Neo Arkanoid
2022-08-15,김명운,김지성,3,Allegro
2022-08-15,김명운,김지성,4,Vermeer
2022-08-15,김명운,김지성,5,Odyssey
2022-08-15,김명운,김지성,6,Nemesis
2022-08-15,김명운,김지성,7,Butter
2022-08-15,김명운,김지성,8,Allegro
2022-08-15,김명운,김지성,9,Vermeer
2022-08-04,김지성,조일장,1,Vermeer
2022-08-04,김지성,조일장,2,Monopoly
2022-08-04,김지성,조일장,3,Eclipse
2022-08-04,김지성,조일장,4,Butter
2022-08-04,김지성,조일장,5,Allegro
2022-08-04,김지성,조일장,6,Revolver
2022-08-04,김지성,조일장,7,Metaverse
2022-08-04,김지성,조일장,8,Vermeer
2022-08-04,김지성,조일장,9,Allegro
2022-08-03,김지성,변현제,1,Eclipse
2022-08-03,김지성,변현제,2,Allegro
2022-08-03,김지성,변현제,3,Butter
2022-08-03,김지성,변현제,4,Vermeer
2022-08-03,김지성,변현제,5,Metaverse
2022-08-03,김지성,변현제,6,Revolver
2022-08-03,김지성,변현제,7,Monopoly
2022-08-03,김지성,변현제,8,Eclipse
2022-08-03,김지성,변현제,9,Butter
2022-07-13,김민철,김지성,1,Eclipse
2022-07-13,김민철,김지성,2,Vermeer
2022-07-13,김민철,김지성,3,Revolver
2022-07-13,김민철,김지성,4,Butter
2022-07-13,김민철,김지성,5,Monopoly
2022-07-13,김민철,김지성,6,Metaverse
2022-07-13,김민철,김지성,7,Allegro
2022-07-13,김민철,김지성,8,Vermeer
2022-07-13,김민철,김지성,9,Monopoly
2022-07-03,김민철,유영진,1,Allegro
2022-07-03,김민철,유영진,2,Vermeer
2022-07-03,김민철,유영진,3,Eclipse
2022-07-03,김민철,유영진,4,Metaverse
2022-07-03,김민철,유영진,5,Revolver
2022-07-03,김민철,유영진,6,Butter
2022-07-03,김민철,유영진,7,Monopoly
2022-07-03,김민철,유영진,8,Allegro
2022-07-03,김민철,유영진,9,Vermeer
2022-06-26,김민철,장윤철,1,Vermeer
2022-06-26,김민철,장윤철,2,Metaverse
2022-06-26,김민철,장윤철,3,Revolver
2022-06-26,김민철,장윤철,4,Eclipse
2022-06-26,김민철,장윤철,5,Butter
2022-06-26,김민철,장윤철,6,Monopoly
2022-06-26,김민철,장윤철,7,Allegro
2022-06-26,김민철,장윤철,8,Vermeer
2022-06-26,김민철,장윤철,9,Revolver
2022-06-24,이재호,장윤철,1,Eclipse
2022-06-24,이재호,장윤철,2,Metaverse
2022-06-24,이재호,장윤철,3,Monopoly
2022-06-24,이재호,장윤철,4,Allegro
2022-06-24,이재호,장윤철,5,Vermeer
2022-06-24,이재호,장윤철,6,Revolver
2022-06-24,이재호,장윤철,7,Butter
2022-06-24,이재호,장윤철,8,Eclipse
2022-06-24,이재호,장윤철,9,Revolver
2022-06-12,박상현,이재호,1,Allegro
2022-06-12,박상현,이재호,2,Vermeer
2022-06-12,박상현,이재호,3,Eclipse
2022-06-12,박상현,이재호,4,Monopoly
2022-06-12,박상현,이재호,5,Butter
2022-06-12,박상현,이재호,6,Revolver
2022-06-12,박상현,이재호,7,Metaverse
2022-06-12,박상현,이재호,8,Monopoly
2022-06-12,박상현,이재호,9,Vermeer
2022-05-13,김지성,박상현,1,Allegro
2022-05-13,김지성,박상현,2,Eclipse
2022-05-13,김지성,박상현,3,Revolver
2022-05-13,김지성,박상현,4,Metaverse
2022-05-13,김지성,박상현,5,Vermeer
2022-05-13,김지성,박상현,6,Monopoly
2022-05-13,김지성,박상현,7,Butter
2022-05-13,김지성,박상현,8,Eclipse
2022-05-13,김지성,박상현,9,Vermeer
2022-05-06,도재욱,박상현,1,Vermeer
2022-05-06,도재욱,박상현,2,Allegro
2022-05-06,도재욱,박상현,3,Revolver
2022-05-06,도재욱,박상현,4,Monopoly
2022-05-06,도재욱,박상현,5,Metaverse
2022-05-06,도재욱,박상현,6,Eclipse
2022-05-06,도재욱,박상현,7,Butter
2022-05-06,도재욱,박상현,8,Revolver
2022-05-06,도재욱,박상현,9,Monopoly
2022-05-04,도재욱,유영진,1,Eclipse
2022-05-04,도재욱,유영진,2,Vermeer
2022-05-04,도재욱,유영진,3,Butter
2022-05-04,도재욱,유영진,4,Allegro
2022-05-04,도재욱,유영진,5,Monopoly
2022-05-04,도재욱,유영진,6,Revolver
2022-05-04,도재욱,유영진,7,Metaverse
2022-05-04,도재욱,유영진,8,Allegro
2022-05-04,도재욱,유영진,9,Vermeer
2022-04-13,김명운,유영진,1,Allegro
2022-04-13,김명운,유영진,2,Butter
2022-04-13,김명운,유영진,3,Eclipse
2022-04-13,김명운,유영진,4,Vermeer
2022-04-13,김명운,유영진,5,Metaverse
2022-04-13,김명운,유영진,6,Revolver
2022-04-13,김명운,유영진,7,Monopoly
2022-04-13,김명운,유영진,8,Eclipse
2022-04-13,김명운,유영진,9,Revolver
2022-04-06,김명운,변현제,1,Allegro
2022-04-06,김명운,변현제,2,Revolver
2022-04-06,김명운,변현제,3,Metaverse
2022-04-06,김명운,변현제,4,Eclipse
2022-04-06,김명운,변현제,5,Vermeer
2022-04-06,김명운,변현제,6,Monopoly
2022-04-06,김명운,변현제,7,Butter
2022-04-06,김명운,변현제,8,Revolver
2022-04-06,김명운,변현제,9,Eclipse
2022-03-25,김민철,변현제,1,Eclipse
2022-03-25,김민철,변현제,2,Butter
2022-03-25,김민철,변현제,3,Monopoly
2022-03-25,김민철,변현제,4,Vermeer
2022-03-25,김민철,변현제,5,Revolver
2022-03-25,김민철,변현제,6,Allegro
2022-03-25,김민철,변현제,7,Metaverse
2022-03-25,김민철,변현제,8,Vermeer
2022-03-25,김민철,변현제,9,Allegro
2022-03-14,변현제,정영재,1,Eclipse
2022-03-14,변현제,정영재,2,Allegro
2022-03-14,변현제,정영재,3,Monopoly
2022-03-14,변현제,정영재,4,Vermeer
2022-03-14,변현제,정영재,5,Butter
2022-03-14,변현제,정영재,6,Revolver
2022-03-14,변현제,정영재,7,Metaverse
2022-03-14,변현제,정영재,8,Vermeer
2022-03-14,변현제,정영재,9,Metaverse
2022-03-04,김민철,김지성,1,Allegro
2022-03-04,김민철,김지성,2,Eclipse
2022-03-04,김민철,김지성,3,Vermeer
2022-03-04,김민철,김지성,4,Monopoly
2022-03-04,김민철,김지성,5,Revolver
2022-03-04,김민철,김지성,6,Butter
2022-03-04,김민철,김지성,7,Metaverse
2022-03-04,김민철,김지성,8,Eclipse
2022-03-04,김민철,김지성,9,Butter
2022-02-11,김민철,이재호,1,Allegro
2022-02-11,김민철,이재호,2,Metaverse
2022-02-11,김민철,이재호,3,Butter
2022-02-11,김민철,이재호,4,Monopoly
2022-02-11,김민철,이재호,5,Vermeer
2022-02-11,김민철,이재호,6,Revolver
2022-02-11,김민철,이재호,7,Eclipse
2022-02-11,김민철,이재호,8,Butter
2022-02-11,김민철,이재호,9,Allegro
2022-02-07,김성대,이재호,1,Eclipse
2022-02-07,김성대,이재호,2,Monopoly
2022-02-07,김성대,이재호,3,Metaverse
2022-02-07,김성대,이재호,4,Revolver
2022-02-07,김성대,이재호,5,Vermeer
2022-02-07,김성대,이재호,6,Butter
2022-02-07,김성대,이재호,7,Allegro
2022-02-07,김성대,이재호,8,Eclipse
2022-02-07,김성대,이재호,9,Monopoly
2022-02-06,이재호,장윤철,1,Revolver
2022-02-06,이재호,장윤철,2,Monopoly
2022-02-06,이재호,장윤철,3,Allegro
2022-02-06,이재호,장윤철,4,Vermeer
2022-02-06,이재호,장윤철,5,Butter
2022-02-06,이재호,장윤철,6,Eclipse
2022-02-06,이재호,장윤철,7,Metaverse
2022-02-06,이재호,장윤철,8,Eclipse
2022-02-06,이재호,장윤철,9,Butter
2022-02-03,이재호,조일장,1,Vermeer
2022-02-03,이재호,조일장,2,Eclipse
2022-02-03,이재호,조일장,3,Revolver
2022-02-03,이재호,조일장,4,Metaverse
2022-02-03,이재호,조일장,5,Butter
2022-02-03,이재호,조일장,6,Monopoly
2022-02-03,이재호,조일장,7,Allegro
2022-02-03,이재호,조일장,8,Metaverse
2022-02-03,이재호,조일장,9,Vermeer
2022-01-28,도재욱,조일장,1,Polypoid
2022-01-28,도재욱,조일장,2,Revolver
2022-01-28,도재욱,조일장,3,Neo Sylphid
2022-01-28,도재욱,조일장,4,Ascension
2022-01-28,도재욱,조일장,5,Allegro
2022-01-28,도재욱,조일장,6,Eclipse
2022-01-28,도재욱,조일장,7,Fighting Spirit
2022-01-28,도재욱,조일장,8,Revolver
2022-01-28,도재욱,조일장,9,Neo Sylphid
2022-01-25,도재욱,정영재,1,Fighting Spirit
2022-01-25,도재욱,정영재,2,Revolver
2022-01-25,도재욱,정영재,3,Polypoid
2022-01-25,도재욱,정영재,4,Allegro
2022-01-25,도재욱,정영재,5,Neo Sylphid
2022-01-25,도재욱,정영재,6,Eclipse
2022-01-25,도재욱,정영재,7,Ascension
2022-01-25,도재욱,정영재,8,Eclipse
2022-01-25,도재욱,정영재,9,Fighting Spirit
2022-01-21,김명운,도재욱,1,Neo Sylphid
2022-01-21,김명운,도재욱,2,Revolver
2022-01-21,김명운,도재욱,3,Ascension
2022-01-21,김명운,도재욱,4,Fighting Spirit
2022-01-21,김명운,도재욱,5,Allegro
2022-01-21,김명운,도재욱,6,Polypoid
2022-01-21,김명운,도재욱,7,Eclipse
2022-01-21,김명운,도재욱,8,Neo Sylphid
2022-01-21,김명운,도재욱,9,Polypoid
2022-01-17,김성대,김지성,1,Vermeer
2022-01-17,김성대,김지성,2,Neo Sylphid
2022-01-17,김성대,김지성,3,Allegro
2022-01-17,김성대,김지성,4,Neo Arkanoid
2022-01-17,김성대,김지성,5,Butter
2022-01-17,김성대,김지성,6,Nemesis
2022-01-17,김성대,김지성,7,Odyssey
2022-01-17,김성대,김지성,8,Butter
2022-01-17,김성대,김지성,9,Vermeer
2022-01-14,김지성,도재욱,1,Polypoid
2022-01-14,김지성,도재욱,2,Fighting Spirit
2022-01-14,김지성,도재욱,3,Neo Sylphid
2022-01-14,김지성,도재욱,4,Ascension
2022-01-14,김지성,도재욱,5,Eclipse
2022-01-14,김지성,도재욱,6,Revolver
2022-01-14,김지성,도재욱,7,Allegro
2022-01-14,김지성,도재욱,8,Polypoid
2022-01-14,김지성,도재욱,9,Allegro
2022-01-10,도재욱,박상현,1,Ascension
2022-01-10,도재욱,박상현,2,Neo Sylphid
2022-01-10,도재욱,박상현,3,Fighting Spirit
2022-01-10,도재욱,박상현,4,Revolver
2022-01-10,도재욱,박상현,5,Polypoid
2022-01-10,도재욱,박상현,6,Eclipse
2022-01-10,도재욱,박상현,7,Allegro
2022-01-10,도재욱,박상현,8,Polypoid
2022-01-10,도재욱,박상현,9,Neo Sylphid
2022-01-09,김지성,변현제,1,Odyssey
2022-01-09,김지성,변현제,2,Nemesis
2022-01-09,김지성,변현제,3,Allegro
2022-01-09,김지성,변현제,4,Butter
2022-01-09,김지성,변현제,5,Neo Sylphid
2022-01-09,김지성,변현제,6,Vermeer
2022-01-09,김지성,변현제,7,Neo Arkanoid
2022-01-09,김지성,변현제,8,Butter
2022-01-09,김지성,변현제,9,Neo Arkanoid
2022-01-07,박상현,유영진,1,Fighting Spirit
2022-01-07,박상현,유영진,2,Polypoid
2022-01-07,박상현,유영진,3,Neo Sylphid
2022-01-07,박상현,유영진,4,Allegro
2022-01-07,박상현,유영진,5,Revolver
2022-01-07,박상현,유영진,6,Ascension
2022-01-07,박상현,유영진,7,Eclipse
2022-01-07,박상현,유영진,8,Eclipse
2022-01-07,박상현,유영진,9,Polypoid
2022-01-06,김민철,김지성,1,Allegro
2022-01-06,김민철,김지성,2,Vermeer
2022-01-06,김민철,김지성,3,Neo Arkanoid
2022-01-06,김민철,김지성,4,Odyssey
2022-01-06,김민철,김지성,5,Butter
2022-01-06,김민철,김지성,6,Neo Sylphid
2022-01-06,김민철,김지성,7,Nemesis
2022-01-06,김민철,김지성,8,Odyssey
2022-01-06,김민철,김지성,9,Nemesis
2021-11-30,박상현,이재호,1,Ascension
2021-11-30,박상현,이재호,2,Polypoid
2021-11-30,박상현,이재호,3,Eclipse
2021-11-30,박상현,이재호,4,Allegro
2021-11-30,박상현,이재호,5,Lemon
2021-11-30,박상현,이재호,6,Good Night
2021-11-30,박상현,이재호,7,Revolver
2021-11-30,박상현,이재호,8,Revolver
2021-11-30,박상현,이재호,9,Good Night
2021-11-13,박상현,변현제,1,Eclipse
2021-11-13,박상현,변현제,2,Good Night
2021-11-13,박상현,변현제,3,Ascension
2021-11-13,박상현,변현제,4,Lemon
2021-11-13,박상현,변현제,5,Revolver
2021-11-13,박상현,변현제,6,Largo
2021-11-13,박상현,변현제,7,Polypoid
2021-11-13,박상현,변현제,8,Revolver
2021-11-13,박상현,변현제,9,Largo
2021-11-06,김지성,박상현,1,Good Night
2021-11-06,김지성,박상현,2,Polypoid
2021-11-06,김지성,박상현,3,Largo
2021-11-06,김지성,박상현,4,Ascension
2021-11-06,김지성,박상현,5,Eclipse
2021-11-06,김지성,박상현,6,Lemon
2021-11-06,김지성,박상현,7,Revolver
2021-11-06,김지성,박상현,8,Good Night
2021-11-06,김지성,박상현,9,Ascension
2021-10-30,도재욱,박상현,1,Ascension
2021-10-30,도재욱,박상현,2,Polypoid
2021-10-30,도재욱,박상현,3,Revolver
2021-10-30,도재욱,박상현,4,Lemon
2021-10-30,도재욱,박상현,5,Largo
2021-10-30,도재욱,박상현,6,Eclipse
2021-10-30,도재욱,박상현,7,Good Night
2021-10-30,도재욱,박상현,8,Revolver
2021-10-30,도재욱,박상현,9,Ascension
2021-10-28,박상현,유영진,1,Polypoid
2021-10-28,박상현,유영진,2,Eclipse
2021-10-28,박상현,유영진,3,Revolver
2021-10-28,박상현,유영진,4,Good Night
2021-10-28,박상현,유영진,5,Lemon
2021-10-28,박상현,유영진,6,Ascension
2021-10-28,박상현,유영진,7,Largo
2021-10-28,박상현,유영진,8,Revolver
2021-10-28,박상현,유영진,9,Polypoid
2021-10-25,박상현,장윤철,1,Polypoid
2021-10-25,박상현,장윤철,2,Ascension
2021-10-25,박상현,장윤철,3,Eclipse
2021-10-25,박상현,장윤철,4,Largo
2021-10-25,박상현,장윤철,5,Revolver
2021-10-25,박상현,장윤철,6,Lemon
2021-10-25,박상현,장윤철,7,Good Night
2021-10-25,박상현,장윤철,8,Revolver
2021-10-25,박상현,장윤철,9,Ascension
2021-10-22,이재호,장윤철,1,Ascension
2021-10-22,이재호,장윤철,2,Polypoid
2021-10-22,이재호,장윤철,3,Revolver
2021-10-22,이재호,장윤철,4,Eclipse
2021-10-22,이재호,장윤철,5,Largo
2021-10-22,이재호,장윤철,6,Good Night
2021-10-22,이재호,장윤철,7,Lemon
2021-10-22,이재호,장윤철,8,Polypoid
2021-10-22,이재호,장윤철,9,Ascension
2021-10-11,김민철,이재호,1,Revolver
2021-10-11,김민철,이재호,2,Ascension
2021-10-11,김민철,이재호,3,Largo
2021-10-11,김민철,이재호,4,Lemon
2021-10-11,김민철,이재호,5,Good Night
2021-10-11,김민철,이재호,6,Eclipse
2021-10-11,김민철,이재호,7,Polypoid
2021-10-11,김민철,이재호,8,Ascension
2021-10-11,김민철,이재호,9,Largo
2021-09-30,김민철,변현제,1,Largo
2021-09-30,김민철,변현제,2,Eclipse
2021-09-30,김민철,변현제,3,Good Night
2021-09-30,김민철,변현제,4,Ascension
2021-09-30,김민철,변현제,5,Polypoid
2021-09-30,김민철,변현제,6,Lemon
2021-09-30,김민철,변현제,7,Revolver
2021-09-30,김민철,변현제,8,Largo
2021-09-30,김민철,변현제,9,Good Night
2021-09-25,김민철,황병영,1,Largo
2021-09-25,김민철,황병영,2,Polypoid
2021-09-25,김민철,황병영,3,Ascension
2021-09-25,김민철,황병영,4,Eclipse
2021-09-25,김민철,황병영,5,Lemon
2021-09-25,김민철,황병영,6,Good Night
2021-09-25,김민철,황병영,7,Revolver
2021-09-25,김민철,황병영,8,Largo
2021-09-25,김민철,황병영,9,Good Night
2021-09-10,김명운,변현제,1,Eclipse
2021-09-10,김명운,변현제,2,Largo
2021-09-10,김명운,변현제,3,Ascension
2021-09-10,김명운,변현제,4,Good Night
2021-09-10,김명운,변현제,5,Polypoid
2021-09-10,김명운,변현제,6,Revolver
2021-09-10,김명운,변현제,7,Lemon
2021-09-10,김명운,변현제,8,Polypoid
2021-09-10,김명운,변현제,9,Ascension
2021-09-03,김명운,김지성,1,Good Night
2021-09-03,김명운,김지성,2,Largo
2021-09-03,김명운,김지성,3,Eclipse
2021-09-03,김명운,김지성,4,Revolver
2021-09-03,김명운,김지성,5,Polypoid
2021-09-03,김명운,김지성,6,Lemon
2021-09-03,김명운,김지성,7,Ascension
2021-09-03,김명운,김지성,8,Good Night
2021-09-03,김명운,김지성,9,Eclipse
2021-08-26,김지성,도재욱,1,Polypoid
2021-08-26,김지성,도재욱,2,Ascension
2021-08-26,김지성,도재욱,3,Eclipse
2021-08-26,김지성,도재욱,4,Ultimate Stream
2021-08-26,김지성,도재욱,5,Fighting Spirit
2021-08-26,김지성,도재욱,6,Hidden Track
2021-08-26,김지성,도재욱,7,Polaris Rhapsody
2021-08-26,김지성,도재욱,8,Ascension
2021-08-26,김지성,도재욱,9,Ultimate Stream
2021-08-21,도재욱,정영재,1,Polypoid
2021-08-21,도재욱,정영재,2,Ascension
2021-08-21,도재욱,정영재,3,Fighting Spirit
2021-08-21,도재욱,정영재,4,Hidden Track
2021-08-21,도재욱,정영재,5,Eclipse
2021-08-21,도재욱,정영재,6,Ultimate Stream
2021-08-21,도재욱,정영재,7,Polaris Rhapsody
2021-08-21,도재욱,정영재,8,Polypoid
2021-08-21,도재욱,정영재,9,Fighting Spirit
2021-08-02,도재욱,유영진,1,Ascension
2021-08-02,도재욱,유영진,2,Ultimate Stream
2021-08-02,도재욱,유영진,3,Fighting Spirit
2021-08-02,도재욱,유영진,4,Polypoid
2021-08-02,도재욱,유영진,5,Eclipse
2021-08-02,도재욱,유영진,6,Hidden Track
2021-08-02,도재욱,유영진,7,Polaris Rhapsody
2021-08-02,도재욱,유영진,8,Ascension
2021-08-02,도재욱,유영진,9,Polypoid
2021-07-18,김성대,유영진,1,Polaris Rhapsody
2021-07-18,김성대,유영진,2,Polypoid
2021-07-18,김성대,유영진,3,Ultimate Stream
2021-07-18,김성대,유영진,4,Ascension
2021-07-18,김성대,유영진,5,Eclipse
2021-07-18,김성대,유영진,6,Hidden Track
2021-07-18,김성대,유영진,7,Fighting Spirit
2021-07-18,김성대,유영진,8,Eclipse
2021-07-18,김성대,유영진,9,Polypoid
2021-07-13,이재호,임홍규,1,Ultimate Stream
2021-07-13,이재호,임홍규,2,Fighting Spirit
2021-07-13,이재호,임홍규,3,Eclipse
2021-07-13,이재호,임홍규,4,Polypoid
2021-07-13,이재호,임홍규,5,Ascension
2021-07-13,이재호,임홍규,6,Polaris Rhapsody
2021-07-13,이재호,임홍규,7,Hidden Track
2021-07-13,이재호,임홍규,8,Ultimate Stream
2021-07-13,이재호,임홍규,9,Fighting Spirit
2021-07-04,변현제,이재호,1,Ascension
2021-07-04,변현제,이재호,2,Polaris Rhapsody
2021-07-04,변현제,이재호,3,Eclipse
2021-07-04,변현제,이재호,4,Fighting Spirit
2021-07-04,변현제,이재호,5,Ultimate Stream
2021-07-04,변현제,이재호,6,Polypoid
2021-07-04,변현제,이재호,7,Hidden Track
2021-07-04,변현제,이재호,8,Polypoid
2021-07-04,변현제,이재호,9,Polaris Rhapsody
2021-07-02,김명운,이재호,1,Polypoid
2021-07-02,김명운,이재호,2,Polaris Rhapsody
2021-07-02,김명운,이재호,3,Ultimate Stream
2021-07-02,김명운,이재호,4,Fighting Spirit
2021-07-02,김명운,이재호,5,Hidden Track
2021-07-02,김명운,이재호,6,Eclipse
2021-07-02,김명운,이재호,7,Ascension
2021-07-02,김명운,이재호,8,Ultimate Stream
2021-07-02,김명운,이재호,9,Fighting Spirit
2021-06-29,이재호,조일장,1,Fighting Spirit
2021-06-29,이재호,조일장,2,Ultimate Stream
2021-06-29,이재호,조일장,3,Polypoid
2021-06-29,이재호,조일장,4,Ascension
2021-06-29,이재호,조일장,5,Hidden Track
2021-06-29,이재호,조일장,6,Polaris Rhapsody
2021-06-29,이재호,조일장,7,Eclipse
2021-06-29,이재호,조일장,8,Ultimate Stream
2021-06-29,이재호,조일장,9,Fighting Spirit
2021-06-18,장윤철,조일장,1,Hidden Track
2021-06-18,장윤철,조일장,2,Polypoid
2021-06-18,장윤철,조일장,3,Polaris Rhapsody
2021-06-18,장윤철,조일장,4,Ascension
2021-06-18,장윤철,조일장,5,Eclipse
2021-06-18,장윤철,조일장,6,Ultimate Stream
2021-06-18,장윤철,조일장,7,Fighting Spirit
2021-06-18,장윤철,조일장,8,Ascension
2021-06-18,장윤철,조일장,9,Fighting Spirit
2021-05-31,김민철,장윤철,1,Fighting Spirit
2021-05-31,김민철,장윤철,2,Ascension
2021-05-31,김민철,장윤철,3,Hidden Track
2021-05-31,김민철,장윤철,4,Ultimate Stream
2021-05-31,김민철,장윤철,5,Eclipse
2021-05-31,김민철,장윤철,6,Polypoid
2021-05-31,김민철,장윤철,7,Polaris Rhapsody
2021-05-31,김민철,장윤철,8,Ultimate Stream
2021-05-31,김민철,장윤철,9,Hidden Track
2021-05-28,김민철,조기석,1,Ultimate Stream
2021-05-28,김민철,조기석,2,Fighting Spirit
2021-05-28,김민철,조기석,3,Eclipse
2021-05-28,김민철,조기석,4,Hidden Track
2021-05-28,김민철,조기석,5,Ascension
2021-05-28,김민철,조기석,6,Polypoid
2021-05-28,김민철,조기석,7,Polaris Rhapsody
2021-05-28,김민철,조기석,8,Fighting Spirit
2021-05-28,김민철,조기석,9,Ultimate Stream
2021-05-14,송병구,조기석,1,Polypoid
2021-05-14,송병구,조기석,2,Hidden Track
2021-05-14,송병구,조기석,3,Eclipse
2021-05-14,송병구,조기석,4,Ultimate Stream
2021-05-14,송병구,조기석,5,Fighting Spirit
2021-05-14,송병구,조기석,6,Polaris Rhapsody
2021-05-14,송병구,조기석,7,Ascension
2021-05-14,송병구,조기석,8,Eclipse
2021-05-14,송병구,조기석,9,Ultimate Stream
2021-05-07,송병구,최호선,1,Hidden Track
2021-05-07,송병구,최호선,2,Polypoid
2021-05-07,송병구,최호선,3,Polaris Rhapsody
2021-05-07,송병구,최호선,4,Ultimate Stream
2021-05-07,송병구,최호선,5,Ascension
2021-05-07,송병구,최호선,6,Fighting Spirit
2021-05-07,송병구,최호선,7,Eclipse
2021-05-07,송병구,최호선,8,Fighting Spirit
2021-05-07,송병구,최호선,9,Polaris Rhapsody
2021-05-03,박상현,최호선,1,Hidden Track
2021-05-03,박상현,최호선,2,Polypoid
2021-05-03,박상현,최호선,3,Ultimate Stream
2021-05-03,박상현,최호선,4,Fighting Spirit
2021-05-03,박상현,최호선,5,Polaris Rhapsody
2021-05-03,박상현,최호선,6,Eclipse
2021-05-03,박상현,최호선,7,Ascension
2021-05-03,박상현,최호선,8,Ultimate Stream
2021-05-03,박상현,최호선,9,Polypoid
2021-04-30,박상현,유영진,1,Eclipse
2021-04-30,박상현,유영진,2,Polypoid
2021-04-30,박상현,유영진,3,Hidden Track
2021-04-30,박상현,유영진,4,Polaris Rhapsody
2021-04-30,박상현,유영진,5,Ultimate Stream
2021-04-30,박상현,유영진,6,Ascension
2021-04-30,박상현,유영진,7,Fighting Spirit
2021-04-30,박상현,유영진,8,Polypoid
2021-04-30,박상현,유영진,9,Eclipse
2021-04-20,김지성,박상현,1,Ascension
2021-04-20,김지성,박상현,2,Polypoid
2021-04-20,김지성,박상현,3,Eclipse
2021-04-20,김지성,박상현,4,Fighting Spirit
2021-04-20,김지성,박상현,5,Hidden Track
2021-04-20,김지성,박상현,6,Polaris Rhapsody
2021-04-20,김지성,박상현,7,Ultimate Stream
2021-04-20,김지성,박상현,8,Ultimate Stream
2021-04-20,김지성,박상현,9,Polaris Rhapsody
2021-04-16,박상현,정영재,1,Eclipse
2021-04-16,박상현,정영재,2,Polypoid
2021-04-16,박상현,정영재,3,Fighting Spirit
2021-04-16,박상현,정영재,4,Ascension
2021-04-16,박상현,정영재,5,Hidden Track
2021-04-16,박상현,정영재,6,Ultimate Stream
2021-04-16,박상현,정영재,7,Polaris Rhapsody
2021-04-16,박상현,정영재,8,Eclipse
2021-04-16,박상현,정영재,9,Fighting Spirit
2021-03-27,도재욱,박상현,1,Ultimate Stream
2021-03-27,도재욱,박상현,2,Ascension
2021-03-27,도재욱,박상현,3,Polypoid
2021-03-27,도재욱,박상현,4,Fighting Spirit
2021-03-27,도재욱,박상현,5,Polaris Rhapsody
2021-03-27,도재욱,박상현,6,Eclipse
2021-03-27,도재욱,박상현,7,Hidden Track
2021-03-27,도재욱,박상현,8,Polypoid
2021-03-27,도재욱,박상현,9,Hidden Track
2021-03-26,김택용,이영한,1,Fighting Spirit
2021-03-26,김택용,이영한,2,Polaris Rhapsody
2021-03-26,김택용,이영한,3,Polypoid
2021-03-26,김택용,이영한,4,Eclipse
2021-03-26,김택용,이영한,5,Ultimate Stream
2021-03-26,김택용,이영한,6,Ascension
2021-03-26,김택용,이영한,7,Hidden Track
2021-03-26,김택용,이영한,8,Polypoid
2021-03-26,김택용,이영한,9,Polaris Rhapsody
2021-03-23,김윤중,김정우,1,Fighting Spirit
2021-03-23,김윤중,김정우,2,Ultimate Stream
2021-03-23,김윤중,김정우,3,Polypoid
2021-03-23,김윤중,김정우,4,Eclipse
2021-03-23,김윤중,김정우,5,Hidden Track
2021-03-23,김윤중,김정우,6,Ascension
2021-03-23,김윤중,김정우,7,Polaris Rhapsody
2021-03-23,김윤중,김정우,8,Polypoid
2021-03-23,김윤중,김정우,9,Ascension
2021-02-26,김정우,송병구,1,Polypoid
2021-02-26,김정우,송병구,2,Ringing Bloom SE
2021-02-26,김정우,송병구,3,Shakuras Temple
2021-02-26,김정우,송병구,4,Eclipse
2021-02-26,김정우,송병구,5,Benzene
2021-02-26,김정우,송병구,6,Polypoid
2021-02-26,김정우,송병구,7,Benzene
2021-02-26,김정우,송병구,8,Eclipse
2021-02-26,김정우,송병구,9,Ringing Bloom SE
2021-02-22,송병구,유영진,1,Polypoid
2021-02-22,송병구,유영진,2,Shakuras Temple
2021-02-22,송병구,유영진,3,Ringing Bloom SE
2021-02-22,송병구,유영진,4,Eclipse
2021-02-22,송병구,유영진,5,Benzene
2021-02-22,송병구,유영진,6,Shakuras Temple
2021-02-22,송병구,유영진,7,Eclipse
2021-02-22,송병구,유영진,8,Polypoid
2021-02-22,송병구,유영진,9,Ringing Bloom SE
2021-02-19,유영진,임홍규,1,Eclipse
2021-02-19,유영진,임홍규,2,Polypoid
2021-02-19,유영진,임홍규,3,Shakuras Temple
2021-02-19,유영진,임홍규,4,Ringing Bloom SE
2021-02-19,유영진,임홍규,5,Benzene
2021-02-19,유영진,임홍규,6,Benzene
2021-02-19,유영진,임홍규,7,Ringing Bloom SE
2021-02-19,유영진,임홍규,8,Eclipse
2021-02-19,유영진,임홍규,9,Shakuras Temple
2021-01-10,윤용태,임홍규,1,Ringing Bloom SE
2021-01-10,윤용태,임홍규,2,Polypoid
2021-01-10,윤용태,임홍규,3,Shakuras Temple
2021-01-10,윤용태,임홍규,4,Optimizer
2021-01-10,윤용태,임홍규,5,Plasma
2021-01-10,윤용태,임홍규,6,Eclipse
2021-01-10,윤용태,임홍규,7,Benzene
2021-01-10,윤용태,임홍규,8,Polypoid
2021-01-10,윤용태,임홍규,9,Ringing Bloom SE
2021-01-05,도재욱,임홍규,1,Polypoid
2021-01-05,도재욱,임홍규,2,Ringing Bloom SE
2021-01-05,도재욱,임홍규,3,Benzene
2021-01-05,도재욱,임홍규,4,Plasma
2021-01-05,도재욱,임홍규,5,Optimizer
2021-01-05,도재욱,임홍규,6,Eclipse
2021-01-05,도재욱,임홍규,7,Shakuras Temple
2021-01-05,도재욱,임홍규,8,Plasma
2021-01-05,도재욱,임홍규,9,Ringing Bloom SE
2021-01-01,도재욱,이재호,1,Plasma
2021-01-01,도재욱,이재호,2,Ringing Bloom SE
2021-01-01,도재욱,이재호,3,Shakuras Temple
2021-01-01,도재욱,이재호,4,Benzene
2021-01-01,도재욱,이재호,5,Optimizer
2021-01-01,도재욱,이재호,6,Polypoid
2021-01-01,도재욱,이재호,7,Eclipse
2021-01-01,도재욱,이재호,8,Plasma
2021-01-01,도재욱,이재호,9,Eclipse
2020-12-22,김명운,이재호,1,Shakuras Temple
2020-12-22,김명운,이재호,2,Polypoid
2020-12-22,김명운,이재호,3,Ringing Bloom SE
2020-12-22,김명운,이재호,4,Benzene
2020-12-22,김명운,이재호,5,Plasma
2020-12-22,김명운,이재호,6,Optimizer
2020-12-22,김명운,이재호,7,Eclipse
2020-12-22,김명운,이재호,8,Shakuras Temple
2020-12-22,김명운,이재호,9,Polypoid
2020-12-08,박상현,이재호,1,Shakuras Temple
2020-12-08,박상현,이재호,2,Polypoid
2020-12-08,박상현,이재호,3,Plasma
2020-12-08,박상현,이재호,4,Optimizer
2020-12-08,박상현,이재호,5,Polypoid
2020-12-08,박상현,이재호,6,Benzene
2020-12-08,박상현,이재호,7,Eclipse
2020-12-08,박상현,이재호,8,Ringing Bloom
2020-12-08,박상현,이재호,9,Plasma
2020-11-09,이재호,장윤철,1,Plasma
2020-11-09,이재호,장윤철,2,Eclipse
2020-11-09,이재호,장윤철,3,Polypoid
2020-11-09,이재호,장윤철,4,Shakuras Temple
2020-11-09,이재호,장윤철,5,Benzene
2020-11-09,이재호,장윤철,6,Ringing Bloom
2020-11-09,이재호,장윤철,7,Optimizer
2020-11-09,이재호,장윤철,8,Plasma
2020-11-09,이재호,장윤철,9,Polypoid
2020-11-03,변현제,이재호,1,Plasma
2020-11-03,변현제,이재호,2,Benzene
2020-11-03,변현제,이재호,3,Ringing Bloom
2020-11-03,변현제,이재호,4,Polypoid
2020-11-03,변현제,이재호,5,Eclipse
2020-11-03,변현제,이재호,6,Optimizer
2020-11-03,변현제,이재호,7,Shakuras Temple
2020-11-03,변현제,이재호,8,Plasma
2020-11-03,변현제,이재호,9,Polypoid
2020-10-19,김민철,이재호,1,Benzene
2020-10-19,김민철,이재호,2,Ringing Bloom
2020-10-19,김민철,이재호,3,Plasma
2020-10-19,김민철,이재호,4,Optimizer
2020-10-19,김민철,이재호,5,Polypoid
2020-10-19,김민철,이재호,6,Shakuras Temple
2020-10-19,김민철,이재호,7,Eclipse
2020-10-19,김민철,이재호,8,Plasma
2020-10-19,김민철,이재호,9,Ringing Bloom
2020-10-17,도재욱,이재호,1,Ringing Bloom
2020-10-17,도재욱,이재호,2,Benzene
2020-10-17,도재욱,이재호,3,Eclipse
2020-10-17,도재욱,이재호,4,Plasma
2020-10-17,도재욱,이재호,5,Optimizer
2020-10-17,도재욱,이재호,6,Polypoid
2020-10-17,도재욱,이재호,7,Shakuras Temple
2020-10-17,도재욱,이재호,8,Polypoid
2020-10-17,도재욱,이재호,9,Plasma
2020-10-10,김명운,이재호,1,Benzene
2020-10-10,김명운,이재호,2,Polypoid
2020-10-10,김명운,이재호,3,Eclipse
2020-10-10,김명운,이재호,4,Shakuras Temple
2020-10-10,김명운,이재호,5,Optimizer
2020-10-10,김명운,이재호,6,Plasma
2020-10-10,김명운,이재호,7,Ringing Bloom
2020-10-10,김명운,이재호,8,Benzene
2020-10-10,김명운,이재호,9,Polypoid
2020-09-28,이재호,임홍규,1,Polypoid
2020-09-28,이재호,임홍규,2,Plasma
2020-09-28,이재호,임홍규,3,Optimizer
2020-09-28,이재호,임홍규,4,Ringing Bloom
2020-09-28,이재호,임홍규,5,Eclipse
2020-09-28,이재호,임홍규,6,Shakuras Temple
2020-09-28,이재호,임홍규,7,Benzene
2020-09-28,이재호,임홍규,8,Polypoid
2020-09-28,이재호,임홍규,9,Shakuras Temple
2020-09-21,김윤중,이재호,1,Polypoid
2020-09-21,김윤중,이재호,2,Ringing Bloom
2020-09-21,김윤중,이재호,3,Shakuras Temple
2020-09-21,김윤중,이재호,4,Optimizer
2020-09-21,김윤중,이재호,5,Plasma
2020-09-21,김윤중,이재호,6,Benzene
2020-09-21,김윤중,이재호,7,Eclipse
2020-09-21,김윤중,이재호,8,Plasma
2020-09-21,김윤중,이재호,9,Ringing Bloom
2020-09-14,이재호,조일장,1,Optimizer
2020-09-14,이재호,조일장,2,Benzene
2020-09-14,이재호,조일장,3,Ringing Bloom
2020-09-14,이재호,조일장,4,Shakuras Temple
2020-09-14,이재호,조일장,5,Plasma
2020-09-14,이재호,조일장,6,Polypoid
2020-09-14,이재호,조일장,7,Eclipse
2020-09-14,이재호,조일장,8,Benzene
2020-09-14,이재호,조일장,9,Optimizer
2020-09-07,임진묵,조일장,1,Polypoid
2020-09-07,임진묵,조일장,2,Ringing Bloom
2020-09-07,임진묵,조일장,3,Eclipse
2020-09-07,임진묵,조일장,4,Plasma
2020-09-07,임진묵,조일장,5,Benzene
2020-09-07,임진묵,조일장,6,Shakuras Temple
2020-09-07,임진묵,조일장,7,Optimizer
2020-09-07,임진묵,조일장,8,Eclipse
2020-09-07,임진묵,조일장,9,Ringing Bloom
2020-08-31,조일장,최호선,1,Ringing Bloom
2020-08-31,조일장,최호선,2,Plasma
2020-08-31,조일장,최호선,3,Polypoid
2020-08-31,조일장,최호선,4,Benzene
2020-08-31,조일장,최호선,5,Optimizer
2020-08-31,조일장,최호선,6,Eclipse
2020-08-31,조일장,최호선,7,Shakuras Temple
2020-08-31,조일장,최호선,8,Benzene
2020-08-31,조일장,최호선,9,Ringing Bloom
2020-06-23,변현제,조일장,1,Match Point
2020-06-23,변현제,조일장,2,Circuit Breakers
2020-06-23,변현제,조일장,3,La Mancha
2020-06-23,변현제,조일장,4,Fighting Spirit
2020-06-23,변현제,조일장,5,Hitchhiker
2020-06-23,변현제,조일장,6,New Bloody Ridge
2020-06-23,변현제,조일장,7,Escalade
2020-06-23,변현제,조일장,8,Neo Sylphid
2020-06-23,변현제,조일장,9,Polypoid
2020-06-20,유영진,조일장,1,La Mancha
2020-06-20,유영진,조일장,2,Escalade
2020-06-20,유영진,조일장,3,Horizon Lunar Colony
2020-06-20,유영진,조일장,4,Fighting Spirit
2020-06-20,유영진,조일장,5,Polypoid
2020-06-20,유영진,조일장,6,Neo Sylphid
2020-06-20,유영진,조일장,7,Circuit Breakers
2020-06-20,유영진,조일장,8,New Bloody Ridge
2020-06-20,유영진,조일장,9,Match Point
2020-06-13,박성균,조일장,1,Circuit Breakers
2020-06-13,박성균,조일장,2,Escalade
2020-06-13,박성균,조일장,3,Polypoid
2020-06-13,박성균,조일장,4,Hitchhiker
2020-06-13,박성균,조일장,5,Neo Sylphid
2020-06-13,박성균,조일장,6,Horizon Lunar Colony
2020-06-13,박성균,조일장,7,La Mancha
2020-06-13,박성균,조일장,8,Match Point
2020-06-13,박성균,조일장,9,New Bloody Ridge
2020-06-12,김택용,이제동,1,Blue Storm
2020-06-12,김택용,이제동,2,Polypoid
2020-06-12,김택용,이제동,3,Fighting Spirit
2020-06-12,김택용,이제동,4,Hitchhiker
2020-06-12,김택용,이제동,5,Neo Sylphid
2020-06-12,김택용,이제동,6,New Bloody Ridge
2020-06-12,김택용,이제동,7,Circuit Breakers
2020-06-12,김택용,이제동,8,La Mancha
2020-06-12,김택용,이제동,9,Escalade
2020-06-07,박상현,박성균,1,Fighting Spirit
2020-06-07,박상현,박성균,2,Neo Sylphid
2020-06-07,박상현,박성균,3,Polypoid
2020-06-07,박상현,박성균,4,Hitchhiker
2020-06-07,박상현,박성균,5,La Mancha
2020-06-07,박상현,박성균,6,Circuit Breakers
2020-06-07,박상현,박성균,7,Horizon Lunar Colony
2020-06-07,박상현,박성균,8,Match Point
2020-06-07,박상현,박성균,9,New Bloody Ridge
2020-05-31,박상현,장윤철,1,Hitchhiker
2020-05-31,박상현,장윤철,2,Fighting Spirit
2020-05-31,박상현,장윤철,3,Circuit Breakers
2020-05-31,박상현,장윤철,4,Neo Sylphid
2020-05-31,박상현,장윤철,5,Match Point
2020-05-31,박상현,장윤철,6,New Bloody Ridge
2020-05-31,박상현,장윤철,7,Polypoid
2020-05-31,박상현,장윤철,8,La Mancha
2020-05-31,박상현,장윤철,9,Escalade
2020-05-23,박상현,조기석,1,La Mancha
2020-05-23,박상현,조기석,2,Fighting Spirit
2020-05-23,박상현,조기석,3,New Bloody Ridge
2020-05-23,박상현,조기석,4,Escalade
2020-05-23,박상현,조기석,5,Circuit Breakers
2020-05-23,박상현,조기석,6,Polypoid
2020-05-23,박상현,조기석,7,Hitchhiker
2020-05-23,박상현,조기석,8,Neo Sylphid
2020-05-23,박상현,조기석,9,Horizon Lunar Colony
2020-05-09,박상현,최호선,1,Escalade
2020-05-09,박상현,최호선,2,Neo Sylphid
2020-05-09,박상현,최호선,3,La Mancha
2020-05-09,박상현,최호선,4,Polypoid
2020-05-09,박상현,최호선,5,Hitchhiker
2020-05-09,박상현,최호선,6,Horizon Lunar Colony
2020-05-09,박상현,최호선,7,Match Point
2020-05-09,박상현,최호선,8,Fighting Spirit
2020-05-09,박상현,최호선,9,Circuit Breakers
2020-05-04,박상현,송병구,1,Neo Sylphid
2020-05-04,박상현,송병구,2,Circuit Breakers
2020-05-04,박상현,송병구,3,Match Point
2020-05-04,박상현,송병구,4,Hitchhiker
2020-05-04,박상현,송병구,5,Fighting Spirit
2020-05-04,박상현,송병구,6,Horizon Lunar Colony
2020-05-04,박상현,송병구,7,La Mancha
2020-05-04,박상현,송병구,8,Polypoid
2020-05-04,박상현,송병구,9,Escalade
2020-04-27,김지성,송병구,1,Circuit Breakers
2020-04-27,김지성,송병구,2,Fighting Spirit
2020-04-27,김지성,송병구,3,La Mancha
2020-04-27,김지성,송병구,4,Hitchhiker
2020-04-27,김지성,송병구,5,Match Point
2020-04-27,김지성,송병구,6,New Bloody Ridge
2020-04-27,김지성,송병구,7,Neo Sylphid
2020-04-27,김지성,송병구,8,Horizon Lunar Colony
2020-04-27,김지성,송병구,9,Polypoid
2020-04-20,송병구,이재호,1,Escalade
2020-04-20,송병구,이재호,2,New Bloody Ridge
2020-04-20,송병구,이재호,3,Hitchhiker
2020-04-20,송병구,이재호,4,Fighting Spirit
2020-04-20,송병구,이재호,5,Circuit Breakers
2020-04-20,송병구,이재호,6,Polypoid
2020-04-20,송병구,이재호,7,Horizon Lunar Colony
2020-04-20,송병구,이재호,8,Match Point
2020-04-20,송병구,이재호,9,Neo Sylphid
2020-03-30,김성대,이재호,1,Fighting Spirit
2020-03-30,김성대,이재호,2,Horizon Lunar Colony
2020-03-30,김성대,이재호,3,Neo Sylphid
2020-03-30,김성대,이재호,4,New Bloody Ridge
2020-03-30,김성대,이재호,5,Match Point
2020-03-30,김성대,이재호,6,Hitchhiker
2020-03-30,김성대,이재호,7,La Mancha
2020-03-30,김성대,이재호,8,Circuit Breakers
2020-03-30,김성대,이재호,9,Polypoid
2020-03-23,김성대,장윤철,1,Fighting Spirit
2020-03-23,김성대,장윤철,2,Escalade
2020-03-23,김성대,장윤철,3,Hitchhiker
2020-03-23,김성대,장윤철,4,Match Point
2020-03-23,김성대,장윤철,5,La Mancha
2020-03-23,김성대,장윤철,6,Neo Sylphid
2020-03-23,김성대,장윤철,7,Circuit Breakers
2020-03-23,김성대,장윤철,8,Horizon Lunar Colony
2020-03-23,김성대,장윤철,9,Polypoid
2020-03-02,김성대,윤찬희,1,Fighting Spirit
2020-03-02,김성대,윤찬희,2,Neo Sylphid
2020-03-02,김성대,윤찬희,3,Match Point
2020-03-02,김성대,윤찬희,4,Autobahn
2020-03-02,김성대,윤찬희,5,Circuit Breakers
2020-03-02,김성대,윤찬희,6,Polypoid
2020-03-02,김성대,윤찬희,7,La Mancha
2020-03-02,김성대,윤찬희,8,Escalade
2020-03-02,김성대,윤찬희,9,New Bloody Ridge
2020-02-24,김성대,변현제,1,Match Point
2020-02-24,김성대,변현제,2,Hitchhiker
2020-02-24,김성대,변현제,3,Fighting Spirit
2020-02-24,김성대,변현제,4,Horizon Lunar Colony
2020-02-24,김성대,변현제,5,La Mancha
2020-02-24,김성대,변현제,6,Neo Sylphid
2020-02-24,김성대,변현제,7,Circuit Breakers
2020-02-24,김성대,변현제,8,Escalade
2020-02-24,김성대,변현제,9,New Bloody Ridge
2020-02-20,김성대,도재욱,1,Hitchhiker
2020-02-20,김성대,도재욱,2,Polypoid
2020-02-20,김성대,도재욱,3,Match Point
2020-02-20,김성대,도재욱,4,La Mancha
2020-02-20,김성대,도재욱,5,Escalade
2020-02-20,김성대,도재욱,6,Neo Sylphid
2020-02-20,김성대,도재욱,7,Fighting Spirit
2020-02-20,김성대,도재욱,8,Circuit Breakers
2020-02-20,김성대,도재욱,9,New Bloody Ridge
2020-02-10,도재욱,조기석,1,Circuit Breakers
2020-02-10,도재욱,조기석,2,Horizon Lunar Colony
2020-02-10,도재욱,조기석,3,Whiteout
2020-02-10,도재욱,조기석,4,Escalade
2020-02-10,도재욱,조기석,5,Polypoid
2020-02-10,도재욱,조기석,6,Match Point
2020-02-10,도재욱,조기석,7,Hitchhiker
2020-02-10,도재욱,조기석,8,Fighting Spirit
2020-02-10,도재욱,조기석,9,Gladiator
2020-02-07,김민철,도재욱,1,Destination
2020-02-07,김민철,도재욱,2,Escalade
2020-02-07,김민철,도재욱,3,Neo Heartbreak Ridge Line
2020-02-07,김민철,도재욱,4,Match Point
2020-02-07,김민철,도재욱,5,Horizon Lunar Colony
2020-02-07,김민철,도재욱,6,Autobahn
2020-02-07,김민철,도재욱,7,Neo Sylphid
2020-02-07,김민철,도재욱,8,Polypoid
2020-02-07,김민철,도재욱,9,Whiteout
2020-01-19,도재욱,유영진,1,La Mancha
2020-01-19,도재욱,유영진,2,Destination
2020-01-19,도재욱,유영진,3,Overwatch
2020-01-19,도재욱,유영진,4,Whiteout
2020-01-19,도재욱,유영진,5,Circuit Breakers
2020-01-19,도재욱,유영진,6,Eye of the Storm
2020-01-19,도재욱,유영진,7,Neo Sylphid
2020-01-19,도재욱,유영진,8,Fighting Spirit
2020-01-19,도재욱,유영진,9,Gladiator
2020-01-13,도재욱,박상현,1,Circuit Breakers
2020-01-13,도재욱,박상현,2,Destination
2020-01-13,도재욱,박상현,3,Fighting Spirit
2020-01-13,도재욱,박상현,4,Overwatch
2020-01-13,도재욱,박상현,5,Neo Sylphid
2020-01-13,도재욱,박상현,6,Eye of the Storm
2020-01-13,도재욱,박상현,7,La Mancha
2020-01-13,도재욱,박상현,8,Neo Heartbreak Ridge Line
2020-01-13,도재욱,박상현,9,Whiteout
2020-01-06,도재욱,임홍규,1,Overwatch
2020-01-06,도재욱,임홍규,2,Destination
2020-01-06,도재욱,임홍규,3,Neo Heartbreak Ridge Line
2020-01-06,도재욱,임홍규,4,Eye of the Storm
2020-01-06,도재욱,임홍규,5,Whiteout
2020-01-06,도재욱,임홍규,6,La Mancha
2020-01-06,도재욱,임홍규,7,Fighting Spirit
2020-01-06,도재욱,임홍규,8,Neo Sylphid
2020-01-06,도재욱,임홍규,9,Circuit Breakers
2020-01-02,이재호,임홍규,1,Overwatch
2020-01-02,이재호,임홍규,2,Neo Heartbreak Ridge Line
2020-01-02,이재호,임홍규,3,Destination
2020-01-02,이재호,임홍규,4,Whiteout
2020-01-02,이재호,임홍규,5,Eye of the Storm
2020-01-02,이재호,임홍규,6,La Mancha
2020-01-02,이재호,임홍규,7,Fighting Spirit
2020-01-02,이재호,임홍규,8,Neo Sylphid
2020-01-02,이재호,임홍규,9,Circuit Breakers
2019-12-25,김택용,이재호,1,Neo Heartbreak Ridge Line
2019-12-25,김택용,이재호,2,Fighting Spirit
2019-12-25,김택용,이재호,3,Gladiator
2019-12-25,김택용,이재호,4,Overwatch
2019-12-25,김택용,이재호,5,La Mancha
2019-12-25,김택용,이재호,6,Circuit Breakers
2019-12-25,김택용,이재호,7,Neo Sylphid
2019-12-25,김택용,이재호,8,Destination
2019-12-25,김택용,이재호,9,Whiteout
2019-12-20,김명운,김택용,1,Fighting Spirit
2019-12-20,김명운,김택용,2,Destination
2019-12-20,김명운,김택용,3,Neo Sylphid
2019-12-20,김명운,김택용,4,Circuit Breakers
2019-12-20,김명운,김택용,5,Overwatch
2019-12-20,김명운,김택용,6,Eye of the Storm
2019-12-20,김명운,김택용,7,La Mancha
2019-12-20,김명운,김택용,8,Whiteout
2019-12-20,김명운,김택용,9,Gladiator
2019-12-12,김명운,조기석,1,Neo Heartbreak Ridge Line
2019-12-12,김명운,조기석,2,Neo Sylphid
2019-12-12,김명운,조기석,3,Circuit Breakers
2019-12-12,김명운,조기석,4,Whiteout
2019-12-12,김명운,조기석,5,La Mancha
2019-12-12,김명운,조기석,6,Eye of the Storm
2019-12-12,김명운,조기석,7,Fighting Spirit
2019-12-12,김명운,조기석,8,Overwatch
2019-12-12,김명운,조기석,9,Gladiator
2019-10-16,김명운,변현제,1,Block Chain SE
2019-10-16,김명운,변현제,2,Circuit Breakers
2019-10-16,김명운,변현제,3,Overwatch
2019-10-16,김명운,변현제,4,Neo Sylphid
2019-10-16,김명운,변현제,5,Gladiator
2019-10-16,김명운,변현제,6,New Bloody Ridge
2019-10-16,김명운,변현제,7,Fighting Spirit
2019-10-16,김명운,변현제,8,Tres Pass
2019-10-16,김명운,변현제,9,Power Bond
2019-10-09,김명운,장윤철,1,Circuit Breakers
2019-10-09,김명운,장윤철,2,Overwatch
2019-10-09,김명운,장윤철,3,Block Chain SE
2019-10-09,김명운,장윤철,4,Gladiator
2019-10-09,김명운,장윤철,5,Neo Sylphid
2019-10-09,김명운,장윤철,6,New Bloody Ridge
2019-10-09,김명운,장윤철,7,Tres Pass
2019-10-09,김명운,장윤철,8,Power Bond
2019-10-09,김명운,장윤철,9,Fighting Spirit
2019-10-02,유영진,장윤철,1,Circuit Breakers
2019-10-02,유영진,장윤철,2,Overwatch
2019-10-02,유영진,장윤철,3,Power Bond
2019-10-02,유영진,장윤철,4,Neo Sylphid
2019-10-02,유영진,장윤철,5,Fighting Spirit
2019-10-02,유영진,장윤철,6,Tres Pass
2019-10-02,유영진,장윤철,7,Gladiator
2019-10-02,유영진,장윤철,8,Block Chain SE
2019-10-02,유영진,장윤철,9,New Bloody Ridge
2019-09-24,박상현,장윤철,1,Overwatch
2019-09-24,박상현,장윤철,2,Block Chain SE
2019-09-24,박상현,장윤철,3,Neo Sylphid
2019-09-24,박상현,장윤철,4,Fighting Spirit
2019-09-24,박상현,장윤철,5,Circuit Breakers
2019-09-24,박상현,장윤철,6,Gladiator
2019-09-24,박상현,장윤철,7,Tres Pass
2019-09-24,박상현,장윤철,8,New Bloody Ridge
2019-09-24,박상현,장윤철,9,Power Bond
2019-09-22,박상현,이재호,1,Neo Sylphid
2019-09-22,박상현,이재호,2,Fighting Spirit
2019-09-22,박상현,이재호,3,Circuit Breakers
2019-09-22,박상현,이재호,4,Gladiator
2019-09-22,박상현,이재호,5,Power Bond
2019-09-22,박상현,이재호,6,Block Chain SE
2019-09-22,박상현,이재호,7,Overwatch
2019-09-22,박상현,이재호,8,Tres Pass
2019-09-22,박상현,이재호,9,New Bloody Ridge
2019-09-17,송병구,이재호,1,Neo Sylphid
2019-09-17,송병구,이재호,2,Power Bond
2019-09-17,송병구,이재호,3,Overwatch
2019-09-17,송병구,이재호,4,Circuit Breakers
2019-09-17,송병구,이재호,5,Fighting Spirit
2019-09-17,송병구,이재호,6,Block Chain SE
2019-09-17,송병구,이재호,7,New Bloody Ridge
2019-09-17,송병구,이재호,8,Gladiator
2019-09-17,송병구,이재호,9,Tres Pass
2019-09-08,김성대,이재호,1,Tres Pass
2019-09-08,김성대,이재호,2,Overwatch
2019-09-08,김성대,이재호,3,New Bloody Ridge
2019-09-08,김성대,이재호,4,Fighting Spirit
2019-09-08,김성대,이재호,5,Neo Sylphid
2019-09-08,김성대,이재호,6,Gladiator
2019-09-08,김성대,이재호,7,Block Chain SE
2019-09-08,김성대,이재호,8,Circuit Breakers
2019-09-08,김성대,이재호,9,Power Bond
2019-08-05,도재욱,이재호,1,Power Bond
2019-08-05,도재욱,이재호,2,Fighting Spirit
2019-08-05,도재욱,이재호,3,Overwatch
2019-08-05,도재욱,이재호,4,Block Chain SE
2019-08-05,도재욱,이재호,5,New Bloody Ridge
2019-08-05,도재욱,이재호,6,Gladiator
2019-08-05,도재욱,이재호,7,Circuit Breakers
2019-08-05,도재욱,이재호,8,Neo Sylphid
2019-08-05,도재욱,이재호,9,Tres Pass
2019-07-29,이재호,임홍규,1,New Bloody Ridge
2019-07-29,이재호,임홍규,2,Neo Sylphid
2019-07-29,이재호,임홍규,3,Overwatch
2019-07-29,이재호,임홍규,4,Block Chain SE
2019-07-29,이재호,임홍규,5,Power Bond
2019-07-29,이재호,임홍규,6,Circuit Breakers
2019-07-29,이재호,임홍규,7,Gladiator
2019-07-29,이재호,임홍규,8,Tres Pass
2019-07-29,이재호,임홍규,9,Fighting Spirit
2019-07-22,임홍규,조기석,1,Fighting Spirit
2019-07-22,임홍규,조기석,2,Block Chain SE
2019-07-22,임홍규,조기석,3,Power Bond
2019-07-22,임홍규,조기석,4,Overwatch
2019-07-22,임홍규,조기석,5,Gladiator
2019-07-22,임홍규,조기석,6,New Bloody Ridge
2019-07-22,임홍규,조기석,7,Tres Pass
2019-07-22,임홍규,조기석,8,Neo Sylphid
2019-07-22,임홍규,조기석,9,Circuit Breakers
2019-06-25,송병구,임홍규,1,Circuit Breakers
2019-06-25,송병구,임홍규,2,Fighting Spirit
2019-06-25,송병구,임홍규,3,Overwatch
2019-06-25,송병구,임홍규,4,Neo Ground Zero
2019-06-25,송병구,임홍규,5,Colosseum 2
2019-06-25,송병구,임홍규,6,Neo Medusa
2019-06-25,송병구,임홍규,7,Cross Game
2019-06-25,송병구,임홍규,8,Circuit Breakers
2019-06-25,송병구,임홍규,9,Cross Game
2019-06-18,임홍규,장윤철,1,Cross Game
2019-06-18,임홍규,장윤철,2,Fighting Spirit
2019-06-18,임홍규,장윤철,3,Overwatch
2019-06-18,임홍규,장윤철,4,Neo Ground Zero
2019-06-18,임홍규,장윤철,5,Neo Medusa
2019-06-18,임홍규,장윤철,6,Circuit Breakers
2019-06-18,임홍규,장윤철,7,Colosseum 2
2019-06-18,임홍규,장윤철,8,Neo Ground Zero
2019-06-18,임홍규,장윤철,9,Circuit Breakers
2019-06-11,김성현,장윤철,1,Overwatch
2019-06-11,김성현,장윤철,2,Circuit Breakers
2019-06-11,김성현,장윤철,3,Fighting Spirit
2019-06-11,김성현,장윤철,4,Colosseum 2
2019-06-11,김성현,장윤철,5,Cross Game
2019-06-11,김성현,장윤철,6,Neo Medusa
2019-06-11,김성현,장윤철,7,Neo Ground Zero
2019-06-11,김성현,장윤철,8,Overwatch
2019-06-11,김성현,장윤철,9,Circuit Breakers
2019-06-09,김명운,이영호,1,Neo Ground Zero
2019-06-09,김명운,이영호,2,Fighting Spirit
2019-06-09,김명운,이영호,3,Circuit Breakers
2019-06-09,김명운,이영호,4,Neo Medusa
2019-06-09,김명운,이영호,5,Overwatch
2019-06-09,김명운,이영호,6,Colosseum 2
2019-06-09,김명운,이영호,7,Cross Game
2019-06-09,김명운,이영호,8,Fighting Spirit
2019-06-09,김명운,이영호,9,Neo Medusa
2019-05-28,변현제,이영호,1,Colosseum 2
2019-05-28,변현제,이영호,2,Cross Game
2019-05-28,변현제,이영호,3,Circuit Breakers
2019-05-28,변현제,이영호,4,Overwatch
2019-05-28,변현제,이영호,5,Neo Ground Zero
2019-05-28,변현제,이영호,6,Fighting Spirit
2019-05-28,변현제,이영호,7,Neo Medusa
2019-05-28,변현제,이영호,8,Circuit Breakers
2019-05-28,변현제,이영호,9,Neo Medusa
2019-05-21,김민철,이영호,1,Neo Medusa
2019-05-21,김민철,이영호,2,Fighting Spirit
2019-05-21,김민철,이영호,3,Overwatch
2019-05-21,김민철,이영호,4,Circuit Breakers
2019-05-21,김민철,이영호,5,Colosseum 2
2019-05-21,김민철,이영호,6,Cross Game
2019-05-21,김민철,이영호,7,Neo Ground Zero
2019-05-21,김민철,이영호,8,Neo Medusa
2019-05-21,김민철,이영호,9,Overwatch
2019-05-14,도재욱,이영호,1,Fighting Spirit
2019-05-14,도재욱,이영호,2,Circuit Breakers
2019-05-14,도재욱,이영호,3,Neo Medusa
2019-05-14,도재욱,이영호,4,Colosseum 2
2019-05-14,도재욱,이영호,5,Neo Ground Zero
2019-05-14,도재욱,이영호,6,Overwatch
2019-05-14,도재욱,이영호,7,Cross Game
2019-05-14,도재욱,이영호,8,Fighting Spirit
2019-05-14,도재욱,이영호,9,Circuit Breakers
