ASL,,,,,,,,,,,,,
경기번호,구분,선수명,종족,승/패,MAP,승/패,종족,선수명,,,,,
1,"대국민 
스타리그
32강",김택용,P,승,서킷브레이커,패,Z,김건욱,,선수 1,상대 전적,,선수 2
2,,한상봉,Z,승,서킷브레이커,패,T,신상문,,김성대,0,1,김재현
3,,한상봉,Z,패,투혼,승,P,김택용,,,,,
4,,김건욱,Z,승,투혼,패,T,신상문,,,,,
5,,김건욱,Z,승,매치포인트,패,Z,한상봉,,,,,
6,,김명운,Z,승,서킷브레이커,패,P,김봉준,,,,,
7,,임진묵,T,승,서킷브레이커,패,T,유영진,,,,,
8,,임진묵,T,패,투혼,승,Z,김명운,,,,,
9,,김봉준,P,패,투혼,승,T,유영진,,,,,
10,,임진묵,T,패,매치포인트,승,T,유영진,,,,,
11,,최호선,T,패,서킷브레이커,승,Z,임홍규,,,,,
12,,김윤중,P,패,서킷브레이커,승,P,진영화,,,,,
13,,임홍규,Z,승,투혼,패,P,진영화,,,,,
14,,김윤중,P,패,투혼,승,T,최호선,,,,,
15,,진영화,P,패,매치포인트,승,T,최호선,,,,,
16,,서문지훈,Z,패,서킷브레이커,승,T,구성훈,,,,,
17,,김정우,Z,승,서킷브레이커,패,P,박세정,,,,,
18,,김정우,Z,패,투혼,승,T,구성훈,,,,,
19,,서문지훈,Z,승,투혼,패,P,박세정,,,,,
20,,서문지훈,Z,패,매치포인트,승,Z,김정우,,,,,
21,,박재현,P,패,서킷브레이커,승,T,조기석,,,,,
22,,박성균,T,패,서킷브레이커,승,T,강정우,,,,,
23,,조기석,T,승,투혼,패,T,강정우,,,,,
24,,박성균,T,승,투혼,패,P,박재현,,,,,
25,,박성균,T,승,매치포인트,패,T,강정우,,,,,
26,,박성준,Z,승,서킷브레이커,패,Z,심대성,,,,,
27,,김재훈,P,승,서킷브레이커,패,T,김재현,,,,,
28,,김재훈,P,승,투혼,패,Z,박성준,,,,,
29,,심대성,Z,패,투혼,승,T,김재현,,,,,
30,,박성준,Z,승,매치포인트,패,T,김재현,,,,,
31,,조일장,Z,승,서킷브레이커,패,P,정윤성,,,,,
32,,염보성,T,패,서킷브레이커,승,P,김승현,,,,,
33,,조일장,Z,패,투혼,승,P,김승현,,,,,
34,,염보성,T,승,투혼,패,P,정윤성,,,,,
35,,염보성,T,승,매치포인트,패,Z,조일장,,,,,
36,,윤용태,P,패,서킷브레이커,승,T,김성현,,,,,
37,,윤찬희,T,승,서킷브레이커,패,Z,김상곤,,,,,
38,,윤찬희,T,패,투혼,승,T,김성현,,,,,
39,,윤용태,P,승,투혼,패,Z,김상곤,,,,,
40,,윤용태,P,승,매치포인트,패,T,윤찬희,,,,,
41,"대국민 
스타리그 
16강",김택용,P,승,서킷브레이커,패,P,김재훈,,,,,
42,,김건욱,Z,패,투혼,승,T,조기석,,,,,
43,,김정우,Z,승,매치포인트,패,Z,박성준,,,,,
44,,윤용태,P,패,아카디아 2,승,T,염보성,,,,,
45,,임홍규,Z,승,투혼,패,T,박성균,,,,,
46,,구성훈,T,패,매치포인트,승,T,김성현,,,,,
47,,유영진,T,패,아카디아 2,승,Z,김명운,,,,,
48,,김승현,P,승,서킷브레이커,패,T,최호선,,,,,
49,,김택용,P,승,매치포인트,패,Z,임홍규,,,,,
50,,김건욱,Z,승,아카디아 2,패,T,구성훈,,,,,
51,,김정우,Z,승,서킷브레이커,패,T,유영진,,,,,
52,,윤용태,P,패,투혼,승,P,김승현,,,,,
53,,김재훈,P,패,아카디아 2,승,T,박성균,,,,,
54,,조기석,T,승,서킷브레이커,패,T,김성현,,,,,
55,,박성준,Z,패,투혼,승,Z,김명운,,,,,
56,,염보성,T,패,매치포인트,승,T,최호선,,,,,
57,,김택용,P,패,서킷브레이커,승,T,박성균,,,,,
58,,김건욱,Z,패,투혼,승,T,김성현,,,,,
59,,김정우,Z,패,매치포인트,승,Z,김명운,,,,,
60,,윤용태,P,승,아카디아 2,패,T,최호선,,,,,
61,,김재훈,P,패,투혼,승,Z,임홍규,,,,,
62,,조기석,T,승,매치포인트,패,T,구성훈,,,,,
63,,박성준,Z,승,아카디아 2,패,T,유영진,,,,,
64,,염보성,T,패,서킷브레이커,승,P,김승현,,,,,
65,,김택용,P,승,서킷브레이커,패,Z,임홍규,,,,,
66,,김택용,P,승,투혼,패,T,박성균,,,,,
67,,임홍규,Z,패,매치포인트,승,T,박성균,,,,,
68,,최호선,T,패,서킷브레이커,승,P,윤용태,,,,,
69,,최호선,T,패,투혼,승,T,염보성,,,,,
70,,윤용태,P,승,매치포인트,패,T,염보성,,,,,
71,"대국민 
스타리그 
8강",김택용,P,승,서킷브레이커,패,T,김성현,,,,,
72,,김택용,P,승,글래디에이터,패,T,김성현,,,,,
73,,김택용,P,승,매치포인트,패,T,김성현,,,,,
74,,조기석,T,패,서킷브레이커,승,T,박성균,,,,,
75,,조기석,T,승,투혼,패,T,박성균,,,,,
76,,조기석,T,승,매치포인트,패,T,박성균,,,,,
77,,조기석,T,승,글래디에이터,패,T,박성균,,,,,
78,,김명운,Z,승,투혼,패,P,윤용태,,,,,
79,,김명운,Z,패,글래디에이터,승,P,윤용태,,,,,
80,,김명운,Z,승,서킷브레이커,패,P,윤용태,,,,,
81,,김명운,Z,승,매치포인트,패,P,윤용태,,,,,
82,,김승현,P,승,서킷브레이커,패,Z,김정우,,,,,
83,,김승현,P,패,매치포인트,승,Z,김정우,,,,,
84,,김승현,P,패,글래디에이터,승,Z,김정우,,,,,
85,,김승현,P,패,투혼,승,Z,김정우,,,,,
86,"대국민 
스타리그 
4강",김택용,P,승,글래디에이터,패,T,조기석,,,,,
87,,김택용,P,승,서킷브레이커,패,T,조기석,,,,,
88,,김택용,P,패,투혼,승,T,조기석,,,,,
89,,김택용,P,승,매치포인트,패,T,조기석,,,,,
90,,김명운,Z,승,서킷브레이커,패,Z,김정우,,,,,
91,,김명운,Z,패,글래디에이터,승,Z,김정우,,,,,
92,,김명운,Z,패,투혼,승,Z,김정우,,,,,
93,,김명운,Z,패,매치포인트,승,Z,김정우,,,,,
94,"대국민 
스타리그 
3-4위전",김명운,Z,패,서킷브레이커,승,T,조기석,,,,,
95,,김명운,Z,패,매치포인트,승,T,조기석,,,,,
96,,김명운,Z,패,투혼,승,T,조기석,,,,,
97,"대국민 
스타리그 
결승전",김택용,P,패,서킷브레이커,승,Z,김정우,,,,,
98,,김택용,P,패,글래디에이터,승,Z,김정우,,,,,
99,,김택용,P,승,투혼,패,Z,김정우,,,,,
100,,김택용,P,패,매치포인트,승,Z,김정우,,,,,
101,"ASL Season 1
16강",김정우,Z,패,투혼,승,P,김윤중,,,,,
102,,조기석,T,승,서킷브레이커,패,T,임진묵,,,,,
103,,김명운,Z,패,오버워치,승,T,이영호,,,,,
104,,김성현,T,승,태백산맥,패,T,윤찬희,,,,,
105,,윤용태,P,승,투혼,패,T,최호선,,,,,
106,,임홍규,Z,패,서킷브레이커,승,P,김재훈,,,,,
107,,박성균,T,승,오버워치,패,T,염보성,,,,,
108,,도재욱,P,패,태백산맥,승,Z,조일장,,,,,
109,,김정우,Z,승,서킷브레이커,패,P,윤용태,,,,,
110,,조기석,T,승,투혼,패,Z,임홍규,,,,,
111,,김명운,Z,승,태백산맥,패,T,박성균,,,,,
112,,김성현,T,승,오버워치,패,P,도재욱,,,,,
113,,김윤중,P,패,서킷브레이커,승,T,최호선,,,,,
114,,임진묵,T,승,투혼,패,P,김재훈,,,,,
115,,이영호,T,패,태백산맥,승,T,염보성,,,,,
116,,윤찬희,T,패,오버워치,승,Z,조일장,,,,,
117,,김정우,Z,패,오버워치,승,T,최호선,,,,,
118,,조기석,T,패,태백산맥,승,P,김재훈,,,,,
119,,김명운,Z,패,서킷브레이커,승,T,염보성,,,,,
120,,김성현,T,승,투혼,패,Z,조일장,,,,,
121,,김윤중,P,승,태백산맥,패,P,윤용태,,,,,
122,,임진묵,T,승,오버워치,패,Z,임홍규,,,,,
123,,이영호,T,승,투혼,패,T,박성균,,,,,
124,,윤찬희,T,패,서킷브레이커,승,P,도재욱,,,,,
125,,김재훈,P,패,서킷브레이커,승,T,조기석,,,,,
126,,김재훈,P,승,오버워치,패,T,임진묵,,,,,
127,,조기석,T,패,투혼,승,T,임진묵,,,,,
128,,김재훈,P,승,오버워치,패,T,조기석,,,,,
129,,김재훈,P,승,투혼,패,T,임진묵,,,,,
130,,조기석,T,승,서킷브레이커,패,T,임진묵,,,,,
131,"ASL Season 1
8강",최호선,T,패,서킷브레이커,승,T,조기석,,,,,
132,,최호선,T,승,신 태백산맥,패,T,조기석,,,,,
133,,최호선,T,패,투혼,승,T,조기석,,,,,
134,,최호선,T,패,오버워치,승,T,조기석,,,,,
135,,염보성,T,승,투혼,패,Z,조일장,,,,,
136,,염보성,T,패,신 태백산맥,승,Z,조일장,,,,,
137,,염보성,T,승,오버워치,패,Z,조일장,,,,,
138,,염보성,T,패,서킷브레이커,승,Z,조일장,,,,,
139,,염보성,T,승,투혼,패,Z,조일장,,,,,
140,,김재훈,P,패,서킷브레이커,승,P,김윤중,,,,,
141,,김재훈,P,승,신 태백산맥,패,P,김윤중,,,,,
142,,김재훈,P,패,투혼,승,P,김윤중,,,,,
143,,김재훈,P,패,오버워치,승,P,김윤중,,,,,
144,,김성현,T,승,투혼,패,T,이영호,,,,,
145,,김성현,T,승,서킷브레이커,패,T,이영호,,,,,
146,,김성현,T,승,오버워치,패,T,이영호,,,,,
147,"ASL Season 1
4강",조기석,T,승,투혼,패,T,염보성,,,,,
148,,조기석,T,승,신 태백산맥,패,T,염보성,,,,,
149,,조기석,T,패,오버워치,승,T,염보성,,,,,
150,,조기석,T,패,서킷브레이커,승,T,염보성,,,,,
151,,조기석,T,승,투혼,패,T,염보성,,,,,
152,,김윤중,P,패,오버워치,승,T,김성현,,,,,
153,,김윤중,P,승,신 태백산맥,패,T,김성현,,,,,
154,,김윤중,P,승,서킷브레이커,패,T,김성현,,,,,
155,,김윤중,P,승,투혼,패,T,김성현,,,,,
156,"ASL Season 1
결승",조기석,T,패,서킷브레이커,승,P,김윤중,,,,,
157,,조기석,T,패,오버워치,승,P,김윤중,,,,,
158,,조기석,T,패,투혼,승,P,김윤중,,,,,
159,"ASL Season 2
24강",김택용,P,승,벤젠,패,Z,임홍규,,,,,
160,,김태영,T,승,벤젠,패,P,김승현,,,,,
161,,김태영,T,패,서킷브레이커,승,P,김택용,,,,,
162,,임홍규,Z,패,서킷브레이커,승,P,김승현,,,,,
163,,김태영,T,패,태풍의눈,승,P,김승현,,,,,
164,,김정우,Z,승,벤젠,패,T,이재호,,,,,
165,,정윤종,P,승,벤젠,패,Z,김범성,,,,,
166,,정윤종,P,승,서킷브레이커,패,Z,김정우,,,,,
167,,이재호,T,승,서킷브레이커,패,Z,김범성,,,,,
168,,김정우,Z,패,태풍의눈,승,T,이재호,,,,,
169,,송병구,P,승,벤젠,패,T,유영진,,,,,
170,,윤용태,P,승,벤젠,패,Z,한두열,,,,,
171,,윤용태,P,패,서킷브레이커,승,P,송병구,,,,,
172,,유영진,T,승,서킷브레이커,패,Z,한두열,,,,,
173,,윤용태,P,패,태풍의눈,승,T,유영진,,,,,
174,,이영호,T,승,벤젠,패,Z,이예준,,,,,
175,,진영화,P,패,벤젠,승,Z,김민철,,,,,
176,,이영호,T,승,서킷브레이커,패,Z,김민철,,,,,
177,,이예준,Z,패,서킷브레이커,승,P,진영화,,,,,
178,,진영화,P,승,태풍의눈,패,Z,김민철,,,,,
179,,이제동,Z,승,벤젠,패,T,윤찬희,,,,,
180,,도재욱,P,승,벤젠,패,P,김규회,,,,,
181,,도재욱,P,승,서킷브레이커,패,Z,이제동,,,,,
182,,윤찬희,T,승,서킷브레이커,패,P,김규회,,,,,
183,,이제동,Z,승,태풍의눈,패,T,윤찬희,,,,,
184,,조일장,Z,승,벤젠,패,T,박성균,,,,,
185,,변형태,T,승,벤젠,패,P,최영현,,,,,
186,,변형태,T,패,서킷브레이커,승,Z,조일장,,,,,
187,,박성균,T,승,서킷브레이커,패,P,최영현,,,,,
188,,변형태,T,패,태풍의눈,승,T,박성균,,,,,
189,"ASL Season 2
16강",김윤중,P,패,데미안 2,승,P,김승현,,,,,
190,,이재호,T,패,데미안 2,승,P,송병구,,,,,
191,,김승현,P,패,벤젠,승,P,송병구,,,,,
192,,이재호,T,승,벤젠,패,P,김윤중,,,,,
193,,이재호,T,패,서킷브레이커,승,P,김승현,,,,,
194,,조기석,T,패,데미안 2,승,T,박성균,,,,,
195,,이제동,Z,패,데미안 2,승,P,도재욱,,,,,
196,,박성균,T,패,벤젠,승,P,도재욱,,,,,
197,,이제동,Z,승,벤젠,패,T,조기석,,,,,
198,,이제동,Z,승,서킷브레이커,패,T,박성균,,,,,
199,,김성현,T,승,데미안 2,패,T,유영진,,,,,
200,,김택용,P,승,데미안 2,패,Z,조일장,,,,,
201,,김택용,P,승,벤젠,패,T,김성현,,,,,
202,,유영진,T,패,벤젠,승,Z,조일장,,,,,
203,,김성현,T,패,서킷브레이커,승,Z,조일장,,,,,
204,,염보성,T,패,데미안 2,승,T,이영호,,,,,
205,,진영화,P,승,데미안 2,패,P,정윤종,,,,,
206,,진영화,P,패,벤젠,승,T,이영호,,,,,
207,,염보성,T,승,벤젠,패,P,정윤종,,,,,
208,,진영화,P,패,서킷브레이커,승,T,염보성,,,,,
209,"ASL Season 2
8강",김택용,P,패,태풍의눈,승,T,염보성,,,,,
210,,김택용,P,패,데미안 2,승,T,염보성,,,,,
211,,김택용,P,패,서킷브레이커,승,T,염보성,,,,,
212,,도재욱,P,승,서킷브레이커,패,Z,조일장,,,,,
213,,도재욱,P,승,태풍의눈,패,Z,조일장,,,,,
214,,도재욱,P,패,벤젠,승,Z,조일장,,,,,
215,,도재욱,P,승,데미안 2,패,Z,조일장,,,,,
216,,이영호,T,승,태풍의눈,패,P,김승현,,,,,
217,,이영호,T,승,서킷브레이커,패,P,김승현,,,,,
218,,이영호,T,패,데미안 2,승,P,김승현,,,,,
219,,이영호,T,승,벤젠,패,P,김승현,,,,,
220,,송병구,P,패,데미안 2,승,Z,이제동,,,,,
221,,송병구,P,패,서킷브레이커,승,Z,이제동,,,,,
222,,송병구,P,패,태풍의눈,승,Z,이제동,,,,,
223,"ASL Season 2
4강",염보성,T,승,태풍의눈,패,P,도재욱,,,,,
224,,염보성,T,패,벤젠,승,P,도재욱,,,,,
225,,염보성,T,패,서킷브레이커,승,P,도재욱,,,,,
226,,염보성,T,승,데미안 2,패,P,도재욱,,,,,
227,,염보성,T,승,태풍의눈,패,P,도재욱,,,,,
228,,이영호,T,패,태풍의눈,승,Z,이제동,,,,,
229,,이영호,T,승,서킷브레이커,패,Z,이제동,,,,,
230,,이영호,T,승,데미안 2,패,Z,이제동,,,,,
231,,이영호,T,패,벤젠,승,Z,이제동,,,,,
232,,이영호,T,승,태풍의눈,패,Z,이제동,,,,,
233,"ASL Season 2
결승",염보성,T,패,데미안 2,승,T,이영호,,,,,
234,,염보성,T,승,벤젠,패,T,이영호,,,,,
235,,염보성,T,패,서킷브레이커,승,T,이영호,,,,,
236,,염보성,T,패,태풍의눈,승,T,이영호,,,,,
237,"ASL Season 3
24강",김윤중,P,승,카멜롯,패,Z,문기호,,,,,
238,,김민철,Z,패,카멜롯,승,T,윤찬희,,,,,
239,,김윤중,P,패,서킷브레이커,승,T,윤찬희,,,,,
240,,김민철,Z,승,서킷브레이커,패,Z,문기호,,,,,
241,,김민철,Z,승,아웃사이더 SE,패,P,김윤중,,,,,
242,,김정우,Z,승,카멜롯,패,P,장윤철,,,,,
243,,이영한,Z,승,카멜롯,패,P,윤용태,,,,,
244,,이영한,Z,패,서킷브레이커,승,Z,김정우,,,,,
245,,장윤철,P,승,서킷브레이커,패,P,윤용태,,,,,
246,,이영한,Z,승,아웃사이더 SE,패,P,장윤철,,,,,
247,,김택용,P,승,카멜롯,패,P,변현제,,,,,
248,,이재호,T,패,카멜롯,승,P,김재훈,,,,,
249,,김택용,P,승,서킷브레이커,패,P,김재훈,,,,,
250,,이재호,T,승,서킷브레이커,패,P,변현제,,,,,
251,,이재호,T,패,아웃사이더 SE,승,P,김재훈,,,,,
252,,조일장,Z,승,카멜롯,패,P,김기훈,,,,,
253,,정윤종,P,패,카멜롯,승,T,최호선,,,,,
254,,조일장,Z,패,서킷브레이커,승,T,최호선,,,,,
255,,정윤종,P,승,서킷브레이커,패,P,김기훈,,,,,
256,,정윤종,P,패,아웃사이더 SE,승,Z,조일장,,,,,
257,,김승현,P,패,카멜롯,승,Z,김경모,,,,,
258,,박지호,P,승,카멜롯,패,P,송병구,,,,,
259,,박지호,P,패,서킷브레이커,승,Z,김경모,,,,,
260,,김승현,P,승,서킷브레이커,패,P,송병구,,,,,
261,,박지호,P,패,아웃사이더 SE,승,P,김승현,,,,,
262,,김성현,T,승,카멜롯,패,Z,고석현,,,,,
263,,진영화,P,패,카멜롯,승,Z,임홍규,,,,,
264,,김성현,T,승,서킷브레이커,패,Z,임홍규,,,,,
265,,진영화,P,패,서킷브레이커,승,Z,고석현,,,,,
266,,고석현,Z,승,아웃사이더 SE,패,Z,임홍규,,,,,
267,"ASL Season 3
16강",이영호,T,승,안드로메다,패,Z,고석현,,,,,
268,,이영한,Z,승,안드로메다,패,Z,김경모,,,,,
269,,이영한,Z,패,카멜롯,승,T,이영호,,,,,
270,,고석현,Z,승,카멜롯,패,Z,김경모,,,,,
271,,이영한,Z,승,서킷브레이커,패,Z,고석현,,,,,
272,,염보성,T,패,안드로메다,승,Z,김정우,,,,,
273,,김택용,P,패,안드로메다,승,Z,김민철,,,,,
274,,김정우,Z,패,카멜롯,승,Z,김민철,,,,,
275,,김택용,P,승,카멜롯,패,T,염보성,,,,,
276,,김택용,P,승,서킷브레이커,패,Z,김정우,,,,,
277,,도재욱,P,패,안드로메다,승,T,윤찬희,,,,,
278,,김승현,P,승,안드로메다,패,P,김재훈,,,,,
279,,김승현,P,패,카멜롯,승,T,윤찬희,,,,,
280,,도재욱,P,승,카멜롯,패,P,김재훈,,,,,
281,,김승현,P,패,서킷브레이커,승,P,도재욱,,,,,
282,,이제동,Z,패,안드로메다,승,T,최호선,,,,,
283,,김성현,T,승,안드로메다,패,Z,조일장,,,,,
284,,김성현,T,패,카멜롯,승,T,최호선,,,,,
285,,이제동,Z,승,카멜롯,패,Z,조일장,,,,,
286,,김성현,T,승,서킷브레이커,패,Z,이제동,,,,,
287,"ASL Season 3
8강",최호선,T,승,아웃사이더 SE,패,P,김택용,,,,,
288,,최호선,T,패,안드로메다,승,P,김택용,,,,,
289,,최호선,T,패,카멜롯,승,P,김택용,,,,,
290,,최호선,T,승,서킷브레이커,패,P,김택용,,,,,
291,,최호선,T,패,아웃사이더 SE,승,P,김택용,,,,,
292,,윤찬희,T,패,서킷브레이커,승,Z,이영한,,,,,
293,,윤찬희,T,패,카멜롯,승,Z,이영한,,,,,
294,,윤찬희,T,승,아웃사이더 SE,패,Z,이영한,,,,,
295,,윤찬희,T,패,안드로메다,승,Z,이영한,,,,,
296,,김민철,Z,승,서킷브레이커,패,P,도재욱,,,,,
297,,김민철,Z,패,아웃사이더 SE,승,P,도재욱,,,,,
298,,김민철,Z,패,카멜롯,승,P,도재욱,,,,,
299,,김민철,Z,승,안드로메다,패,P,도재욱,,,,,
300,,김민철,Z,승,서킷브레이커,패,P,도재욱,,,,,
301,,이영호,T,승,카멜롯,패,T,김성현,,,,,
302,,이영호,T,승,아웃사이더 SE,패,T,김성현,,,,,
303,,이영호,T,승,안드로메다,패,T,김성현,,,,,
304,"ASL Season 3
4강",김택용,P,승,서킷브레이커,패,Z,이영한,,,,,
305,,김택용,P,패,안드로메다,승,Z,이영한,,,,,
306,,김택용,P,패,카멜롯,승,Z,이영한,,,,,
307,,김택용,P,패,아웃사이더 SE,승,Z,이영한,,,,,
308,,김민철,Z,패,서킷브레이커,승,T,이영호,,,,,
309,,김민철,Z,승,카멜롯,패,T,이영호,,,,,
310,,김민철,Z,패,아웃사이더 SE,승,T,이영호,,,,,
311,,김민철,Z,승,안드로메다,패,T,이영호,,,,,
312,,김민철,Z,패,서킷브레이커,승,T,이영호,,,,,
313,"ASL Season 3
3-4위전",김택용,P,승,서킷브레이커,패,Z,김민철,,,,,
314,,김택용,P,패,아웃사이더 SE,승,Z,김민철,,,,,
315,,김택용,P,승,안드로메다,패,Z,김민철,,,,,
316,,김택용,P,승,카멜롯,패,Z,김민철,,,,,
317,"ASL Season 3
FINALS",이영한,Z,패,서킷브레이커,승,T,이영호,,,,,
318,,이영한,Z,패,카멜롯,승,T,이영호,,,,,
319,,이영한,Z,패,안드로메다,승,T,이영호,,,,,
320,"ASL Season 4
24강",박준오,Z,승,골드러시,패,P,하늘,,,,,
321,,임홍규,Z,승,골드러시,패,T,이재호,,,,,
322,,임홍규,Z,패,크로싱필드,승,Z,박준오,,,,,
323,,하늘,P,패,크로싱필드,승,T,이재호,,,,,
324,,임홍규,Z,승,투혼,패,T,이재호,,,,,
325,,김성현,T,승,골드러시,패,Z,한두열,,,,,
326,,최호선,T,승,골드러시,패,P,송병구,,,,,
327,,최호선,T,승,크로싱필드,패,T,김성현,,,,,
328,,한두열,Z,패,크로싱필드,승,P,송병구,,,,,
329,,김성현,T,패,투혼,승,P,송병구,,,,,
330,,김정우,Z,승,골드러시,패,P,김기훈,,,,,
331,,박성균,T,패,골드러시,승,T,유영진,,,,,
332,,김정우,Z,승,크로싱필드,패,T,유영진,,,,,
333,,박성균,T,승,크로싱필드,패,P,김기훈,,,,,
334,,박성균,T,승,투혼,패,T,유영진,,,,,
335,,도재욱,P,승,골드러시,패,T,김태영,,,,,
336,,윤찬희,T,승,골드러시,패,P,정윤종,,,,,
337,,윤찬희,T,승,크로싱필드,패,P,도재욱,,,,,
338,,김태영,T,패,크로싱필드,승,P,정윤종,,,,,
339,,도재욱,P,패,투혼,승,P,정윤종,,,,,
340,,김윤중,P,승,골드러시,패,T,이성은,,,,,
341,,조일장,Z,승,골드러시,패,P,장윤철,,,,,
342,,조일장,Z,패,크로싱필드,승,P,김윤중,,,,,
343,,이성은,T,패,크로싱필드,승,P,장윤철,,,,,
344,,조일장,Z,승,투혼,패,P,장윤철,,,,,
345,,조기석,T,승,골드러시,패,P,변현제,,,,,
346,,이제동,Z,승,골드러시,패,T,구성훈,,,,,
347,,이제동,Z,패,크로싱필드,승,T,조기석,,,,,
348,,변현제,P,승,크로싱필드,패,T,구성훈,,,,,
349,,이제동,Z,승,투혼,패,P,변현제,,,,,
350,"ASL Season 4
16강",이영호,T,승,크로싱필드,패,Z,박준오,,,,,
351,,윤찬희,T,패,크로싱필드,승,T,조기석,,,,,
352,,이영호,T,승,골드러시,패,T,조기석,,,,,
353,,윤찬희,T,패,골드러시,승,Z,박준오,,,,,
354,,박준오,Z,승,투혼,패,T,조기석,,,,,
355,,이영한,Z,패,크로싱필드,승,Z,임홍규,,,,,
356,,김정우,Z,승,크로싱필드,패,Z,조일장,,,,,
357,,김정우,Z,패,골드러시,승,Z,임홍규,,,,,
358,,이영한,Z,패,골드러시,승,Z,조일장,,,,,
359,,김정우,Z,패,투혼,승,Z,조일장,,,,,
360,,김택용,P,승,크로싱필드,패,T,박성균,,,,,
361,,김윤중,P,승,크로싱필드,패,T,최호선,,,,,
362,,김윤중,P,패,골드러시,승,P,김택용,,,,,
363,,박성균,T,승,골드러시,패,T,최호선,,,,,
364,,김윤중,P,패,투혼,승,T,박성균,,,,,
365,,김민철,Z,승,크로싱필드,패,P,정윤종,,,,,
366,,송병구,P,패,크로싱필드,승,Z,이제동,,,,,
367,,김민철,Z,승,골드러시,패,Z,이제동,,,,,
368,,송병구,P,패,골드러시,승,P,정윤종,,,,,
369,,정윤종,P,승,투혼,패,Z,이제동,,,,,
370,"ASL Season 4
8강",임홍규,Z,승,크로싱필드,패,P,정윤종,,,,,
371,,임홍규,Z,패,글래디에이터,승,P,정윤종,,,,,
372,,임홍규,Z,승,골드러시,패,P,정윤종,,,,,
373,,임홍규,Z,승,투혼,패,P,정윤종,,,,,
374,,김민철,Z,패,글래디에이터,승,Z,조일장,,,,,
375,,김민철,Z,승,투혼,패,Z,조일장,,,,,
376,,김민철,Z,패,크로싱필드,승,Z,조일장,,,,,
377,,김민철,Z,승,골드러시,패,Z,조일장,,,,,
378,,김민철,Z,패,글래디에이터,승,Z,조일장,,,,,
379,,김택용,P,승,골드러시,패,Z,박준오,,,,,
380,,김택용,P,승,크로싱필드,패,Z,박준오,,,,,
381,,김택용,P,승,글래디에이터,패,Z,박준오,,,,,
382,,이영호,T,승,골드러시,패,T,박성균,,,,,
383,,이영호,T,승,크로싱필드,패,T,박성균,,,,,
384,,이영호,T,승,글래디에이터,패,T,박성균,,,,,
385,"ASL Season 4
4강",임홍규,Z,패,골드러시,승,Z,조일장,,,,,
386,,임홍규,Z,승,글래디에이터,패,Z,조일장,,,,,
387,,임홍규,Z,승,투혼,패,Z,조일장,,,,,
388,,임홍규,Z,패,크로싱필드,승,Z,조일장,,,,,
389,,임홍규,Z,패,골드러시,승,Z,조일장,,,,,
390,,김택용,P,패,글래디에이터,승,T,이영호,,,,,
391,,김택용,P,패,투혼,승,T,이영호,,,,,
392,,김택용,P,승,크로싱필드,패,T,이영호,,,,,
393,,김택용,P,패,골드러시,승,T,이영호,,,,,
394,"ASL Season 4
3-4위전",임홍규,Z,패,투혼,승,P,김택용,,,,,
395,,임홍규,Z,승,크로싱필드,패,P,김택용,,,,,
396,,임홍규,Z,패,골드러시,승,P,김택용,,,,,
397,,임홍규,Z,패,글래디에이터,승,P,김택용,,,,,
398,"ASL Season 4
결승전",조일장,Z,패,크로싱필드,승,T,이영호,,,,,
399,,조일장,Z,패,골드러시,승,T,이영호,,,,,
400,,조일장,Z,승,글래디에이터,패,T,이영호,,,,,
401,,조일장,Z,패,투혼,승,T,이영호,,,,,
402,"ASL Season 5
와일드카드",정윤종,P,승,글래디에이터,패,Z,박준오,,,,,
403,,정윤종,P,승,투혼,패,Z,박준오,,,,,
404,,박성균,T,패,매치포인트,승,Z,김민철,,,,,
405,,박성균,T,패,서킷브레이커,승,Z,김민철,,,,,
406,,정윤종,P,패,서킷브레이커,승,Z,김민철,,,,,
407,,정윤종,P,승,투혼,패,Z,김민철,,,,,
408,,정윤종,P,승,매치포인트,패,Z,김민철,,,,,
409,,정윤종,P,승,글래디에이터,패,Z,김민철,,,,,
410,"ASL Season 5
24강",김윤중,P,패,스파클,승,P,하늘,,,,,
411,,이영한,Z,승,스파클,패,T,이재호,,,,,
412,,이영한,Z,승,트랜지스터,패,P,하늘,,,,,
413,,김윤중,P,승,트랜지스터,패,T,이재호,,,,,
414,,김윤중,P,승,글래디에이터,패,P,하늘,,,,,
415,,김정우,Z,패,스파클,승,P,이경민,,,,,
416,,김승현,P,패,스파클,승,P,송병구,,,,,
417,,이경민,P,패,트랜지스터,승,P,송병구,,,,,
418,,김승현,P,패,트랜지스터,승,Z,김정우,,,,,
419,,김정우,Z,승,글래디에이터,패,P,이경민,,,,,
420,,도재욱,P,패,스파클,승,Z,김윤환,,,,,
421,,박성균,T,승,스파클,패,T,유영진,,,,,
422,,박성균,T,승,트랜지스터,패,Z,김윤환,,,,,
423,,도재욱,P,승,트랜지스터,패,T,유영진,,,,,
424,,도재욱,P,승,글래디에이터,패,Z,김윤환,,,,,
425,,김성현,T,패,스파클,승,Z,한두열,,,,,
426,,윤찬희,T,패,스파클,승,P,장윤철,,,,,
427,,한두열,Z,승,트랜지스터,패,P,장윤철,,,,,
428,,윤찬희,T,패,트랜지스터,승,T,김성현,,,,,
429,,김성현,T,패,글래디에이터,승,P,장윤철,,,,,
430,,조기석,T,패,스파클,승,Z,김성대,,,,,
431,,김민철,Z,패,스파클,승,P,변현제,,,,,
432,,김성대,Z,패,트랜지스터,승,P,변현제,,,,,
433,,김민철,Z,승,트랜지스터,패,T,조기석,,,,,
434,,김민철,Z,패,글래디에이터,승,Z,김성대,,,,,
435,,염보성,T,승,스파클,패,P,박지호,,,,,
436,,이제동,Z,승,스파클,패,P,진영화,,,,,
437,,염보성,T,패,트랜지스터,승,Z,이제동,,,,,
438,,박지호,P,패,트랜지스터,승,P,진영화,,,,,
439,,염보성,T,패,글래디에이터,승,P,진영화,,,,,
440,"ASL Season 5
16강",이영호,T,승,트랜지스터,패,T,박성균,,,,,
441,,한두열,Z,패,트랜지스터,승,Z,이영한,,,,,
442,,이영호,T,승,제3세계,패,Z,이영한,,,,,
443,,한두열,Z,패,제3세계,승,T,박성균,,,,,
444,,박성균,T,승,글래디에이터,패,Z,이영한,,,,,
445,,조일장,Z,승,트랜지스터,패,P,도재욱,,,,,
446,,송병구,P,패,트랜지스터,승,P,장윤철,,,,,
447,,조일장,Z,승,제3세계,패,P,장윤철,,,,,
448,,송병구,P,패,제3세계,승,P,도재욱,,,,,
449,,도재욱,P,패,글래디에이터,승,P,장윤철,,,,,
450,,임홍규,Z,승,트랜지스터,패,Z,이제동,,,,,
451,,김윤중,P,승,트랜지스터,패,Z,김정우,,,,,
452,,김윤중,P,승,제3세계,패,Z,임홍규,,,,,
453,,이제동,Z,패,제3세계,승,Z,김정우,,,,,
454,,임홍규,Z,승,글래디에이터,패,Z,김정우,,,,,
455,,정윤종,P,패,트랜지스터,승,Z,김성대,,,,,
456,,진영화,P,패,트랜지스터,승,P,변현제,,,,,
457,,김성대,Z,패,제3세계,승,P,변현제,,,,,
458,,진영화,P,패,제3세계,승,P,정윤종,,,,,
459,,정윤종,P,승,글래디에이터,패,Z,김성대,,,,,
460,"ASL Season 5 
8강",김윤중,P,패,트랜지스터,승,P,정윤종,,,,,
461,,김윤중,P,승,제3세계,패,P,정윤종,,,,,
462,,김윤중,P,패,글래디에이터,승,P,정윤종,,,,,
463,,김윤중,P,패,스파클,승,P,정윤종,,,,,
464,,조일장,Z,승,제3세계,패,T,박성균,,,,,
465,,조일장,Z,패,트랜지스터,승,T,박성균,,,,,
466,,조일장,Z,승,스파클,패,T,박성균,,,,,
467,,조일장,Z,패,글래디에이터,승,T,박성균,,,,,
468,,조일장,Z,승,제3세계,패,T,박성균,,,,,
469,,변현제,P,승,제3세계,패,Z,임홍규,,,,,
470,,변현제,P,승,글래디에이터,패,Z,임홍규,,,,,
471,,변현제,P,승,스파클,패,Z,임홍규,,,,,
472,,이영호,T,패,제3세계,승,P,장윤철,,,,,
473,,이영호,T,승,스파클,패,P,장윤철,,,,,
474,,이영호,T,패,글래디에이터,승,P,장윤철,,,,,
475,,이영호,T,승,트랜지스터,패,P,장윤철,,,,,
476,,이영호,T,패,제3세계,승,P,장윤철,,,,,
477,"ASL Season 5
4강",정윤종,P,승,트랜지스터,패,Z,조일장,,,,,
478,,정윤종,P,승,제3세계,패,Z,조일장,,,,,
479,,정윤종,P,패,글래디에이터,승,Z,조일장,,,,,
480,,정윤종,P,승,스파클,패,Z,조일장,,,,,
481,,변현제,P,패,트랜지스터,승,P,장윤철,,,,,
482,,변현제,P,승,글래디에이터,패,P,장윤철,,,,,
483,,변현제,P,패,스파클,승,P,장윤철,,,,,
484,,변현제,P,패,제3세계,승,P,장윤철,,,,,
485,"ASL Season 5
3-4위전",조일장,Z,패,제3세계,승,P,변현제,,,,,
486,,조일장,Z,패,스파클,승,P,변현제,,,,,
487,,조일장,Z,승,트랜지스터,패,P,변현제,,,,,
488,,조일장,Z,승,글래디에이터,패,P,변현제,,,,,
489,,조일장,Z,승,제3세계,패,P,변현제,,,,,
490,"ASL Season 5
결승전",정윤종,P,승,제3세계,패,P,장윤철,,,,,
491,,정윤종,P,승,트랜지스터,패,P,장윤철,,,,,
492,,정윤종,P,패,글래디에이터,승,P,장윤철,,,,,
493,,정윤종,P,승,스파클,패,P,장윤철,,,,,
494,"ASL Season 6
와일드카드",박성균,T,패,투혼,승,P,김윤중,,,,,
495,,박성균,T,승,매치포인트,패,P,김윤중,,,,,
496,,박성균,T,패,글래디에이터,승,P,김윤중,,,,,
497,,박성균,T,승,매치포인트,패,T,이영호,,,,,
498,,박성균,T,패,글래디에이터,승,T,이영호,,,,,
499,,박성균,T,패,서킷브레이커,승,T,이영호,,,,,
500,,이영호,T,승,서킷브레이커,패,P,김윤중,,,,,
501,,이영호,T,승,매치포인트,패,P,김윤중,,,,,
502,"ASL Season 6
24강",염보성,T,승,실피드,패,P,이경민,,,,,
503,,이제동,Z,승,실피드,패,Z,박준오,,,,,
504,,이제동,Z,승,아우토반,패,T,염보성,,,,,
505,,이경민,P,패,아우토반,승,Z,박준오,,,,,
506,,염보성,T,승,서킷브레이커,패,Z,박준오,,,,,
507,,김윤중,P,승,실피드,패,T,강태완,,,,,
508,,이영한,Z,승,실피드,패,Z,한두열,,,,,
509,,이영한,Z,승,아우토반,패,P,김윤중,,,,,
510,,강태완,T,패,아우토반,승,Z,한두열,,,,,
511,,김윤중,P,승,서킷브레이커,패,Z,한두열,,,,,
512,,박성균,T,승,실피드,패,Z,이예훈,,,,,
513,,도재욱,P,승,실피드,패,P,진영화,,,,,
514,,도재욱,P,승,아우토반,패,T,박성균,,,,,
515,,이예훈,Z,패,아우토반,승,P,진영화,,,,,
516,,박성균,T,승,서킷브레이커,패,P,진영화,,,,,
517,,김정우,Z,패,실피드,승,Z,김성대,,,,,
518,,윤찬희,T,승,실피드,패,P,송병구,,,,,
519,,윤찬희,T,패,아우토반,승,Z,김성대,,,,,
520,,김정우,Z,승,아우토반,패,P,송병구,,,,,
521,,윤찬희,T,패,서킷브레이커,승,Z,김정우,,,,,
522,,김성현,T,승,실피드,패,Z,김윤환,,,,,
523,,김민철,Z,승,실피드,패,T,유영진,,,,,
524,,김민철,Z,패,아우토반,승,T,김성현,,,,,
525,,김윤환,Z,패,아우토반,승,T,유영진,,,,,
526,,김민철,Z,승,서킷브레이커,패,T,유영진,,,,,
527,,김승현,P,승,실피드,패,T,이재호,,,,,
528,,김승현,P,패,아우토반,승,T,조기석,,,,,
529,,김승현,P,패,서킷브레이커,승,T,이재호,,,,,
530,"ASL Season 6
16강",정윤종,P,패,네오 트랜지스터,승,T,조기석,,,,,
531,,박성균,T,패,네오 트랜지스터,승,T,염보성,,,,,
532,,조기석,T,승,실피드,패,T,염보성,,,,,
533,,박성균,T,패,실피드,승,P,정윤종,,,,,
534,,정윤종,P,승,서킷브레이커,패,T,염보성,,,,,
535,,장윤철,P,승,네오 트랜지스터,패,P,김윤중,,,,,
536,,김민철,Z,패,네오 트랜지스터,승,Z,김정우,,,,,
537,,장윤철,P,패,실피드,승,Z,김정우,,,,,
538,,김민철,Z,패,실피드,승,P,김윤중,,,,,
539,,장윤철,P,패,서킷브레이커,승,P,김윤중,,,,,
540,,변현제,P,승,네오 트랜지스터,패,Z,이영한,,,,,
541,,도재욱,P,패,네오 트랜지스터,승,T,김성현,,,,,
542,,변현제,P,승,실피드,패,T,김성현,,,,,
543,,도재욱,P,승,실피드,패,Z,이영한,,,,,
544,,도재욱,P,패,서킷브레이커,승,T,김성현,,,,,
545,,이영호,T,패,네오 트랜지스터,승,Z,이제동,,,,,
546,,김성대,Z,승,네오 트랜지스터,패,T,이재호,,,,,
547,,김성대,Z,승,실피드,패,Z,이제동,,,,,
548,,이영호,T,승,실피드,패,T,이재호,,,,,
549,,이영호,T,승,서킷브레이커,패,Z,이제동,,,,,
550,"ASL Season 6
8강",조기석,T,패,아우토반,승,T,김성현,,,,,
551,,조기석,T,패,네오 트랜지스터,승,T,김성현,,,,,
552,,조기석,T,패,서킷브레이커,승,T,김성현,,,,,
553,,김정우,Z,승,서킷브레이커,패,P,정윤종,,,,,
554,,김정우,Z,패,실피드,승,P,정윤종,,,,,
555,,김정우,Z,승,아우토반,패,P,정윤종,,,,,
556,,김정우,Z,승,네오 트랜지스터,패,P,정윤종,,,,,
557,,김성대,Z,패,실피드,승,P,김윤중,,,,,
558,,김성대,Z,승,네오 트랜지스터,패,P,김윤중,,,,,
559,,김성대,Z,승,아우토반,패,P,김윤중,,,,,
560,,김성대,Z,패,서킷브레이커,승,P,김윤중,,,,,
561,,김성대,Z,패,실피드,승,P,김윤중,,,,,
562,,변현제,P,패,실피드,승,T,이영호,,,,,
563,,변현제,P,패,서킷브레이커,승,T,이영호,,,,,
564,,변현제,P,패,네오 트랜지스터,승,T,이영호,,,,,
565,"ASL Season 6
4강",김성현,T,승,실피드,패,Z,김정우,,,,,
566,,김성현,T,패,서킷브레이커,승,Z,김정우,,,,,
567,,김성현,T,패,네오 트랜지스터,승,Z,김정우,,,,,
568,,김성현,T,승,아우토반,패,Z,김정우,,,,,
569,,김성현,T,패,실피드,승,Z,김정우,,,,,
570,,김윤중,P,패,서킷브레이커,승,T,이영호,,,,,
571,,김윤중,P,패,아우토반,승,T,이영호,,,,,
572,,김윤중,P,패,실피드,승,T,이영호,,,,,
573,"ASL Season 6
3-4위전",김성현,T,승,아우토반,패,P,김윤중,,,,,
574,,김성현,T,승,실피드,패,P,김윤중,,,,,
575,,김성현,T,승,서킷브레이커,패,P,김윤중,,,,,
576,"ASL Season 6
결승전",김정우,Z,승,아우토반,패,T,이영호,,,,,
577,,김정우,Z,패,네오 트랜지스터,승,T,이영호,,,,,
578,,김정우,Z,패,서킷브레이커,승,T,이영호,,,,,
579,,김정우,Z,승,실피드,패,T,이영호,,,,,
580,,김정우,Z,승,아우토반,패,T,이영호,,,,,
581,"ASL Season 7
WILD CARD",정윤종,P,승,글래디에이터,패,T,조기석,,,,,
582,,정윤종,P,승,폴라리스 랩소디,패,T,조기석,,,,,
583,,정윤종,P,패,투혼,승,T,조기석,,,,,
584,,정윤종,P,패,네오 트랜지스터,승,T,조기석,,,,,
585,,정윤종,P,패,글래디에이터,승,T,조기석,,,,,
586,,김성대,Z,승,폴라리스 랩소디,패,P,변현제,,,,,
587,,김성대,Z,패,투혼,승,P,변현제,,,,,
588,,김성대,Z,승,네오 트랜지스터,패,P,변현제,,,,,
589,,김성대,Z,패,글래디에이터,승,P,변현제,,,,,
590,,김성대,Z,패,폴라리스 랩소디,승,P,변현제,,,,,
591,"ASL Season 7
24강",임홍규,Z,승,블록체인,패,T,이윤열,,,,,
592,,유영진,T,패,블록체인,승,P,이경민,,,,,
593,,임홍규,Z,승,화이트아웃,패,P,이경민,,,,,
594,,유영진,T,패,화이트아웃,승,T,이윤열,,,,,
595,,이윤열,T,패,매치포인트,승,P,이경민,,,,,
596,,장윤철,P,승,블록체인,패,T,현지섭,,,,,
597,,김성대,Z,승,블록체인,패,T,임진묵,,,,,
598,,김성대,Z,패,화이트아웃,승,P,장윤철,,,,,
599,,현지섭,T,패,화이트아웃,승,T,임진묵,,,,,
600,,김성대,Z,패,매치포인트,승,T,임진묵,,,,,
601,,도재욱,P,승,블록체인,패,Z,서문지훈,,,,,
602,,윤찬희,T,패,블록체인,승,Z,이예훈,,,,,
603,,도재욱,P,승,화이트아웃,패,Z,이예훈,,,,,
604,,윤찬희,T,승,화이트아웃,패,Z,서문지훈,,,,,
605,,윤찬희,T,패,매치포인트,승,Z,이예훈,,,,,
606,,박성균,T,승,블록체인,패,Z,김현우,,,,,
607,,이재호,T,패,블록체인,승,Z,김경모,,,,,
608,,박성균,T,승,화이트아웃,패,Z,김경모,,,,,
609,,이재호,T,패,화이트아웃,승,Z,김현우,,,,,
610,,김경모,Z,패,매치포인트,승,Z,김현우,,,,,
611,,정윤종,P,승,블록체인,패,T,정영재,,,,,
612,,한두열,Z,패,블록체인,승,Z,김윤환,,,,,
613,,정윤종,P,승,화이트아웃,패,Z,김윤환,,,,,
614,,한두열,Z,승,화이트아웃,패,T,정영재,,,,,
615,,한두열,Z,패,매치포인트,승,Z,김윤환,,,,,
616,,김민철,Z,승,블록체인,패,P,박지훈,,,,,
617,,김승현,P,승,블록체인,패,T,강태완,,,,,
618,,김승현,P,패,화이트아웃,승,Z,김민철,,,,,
619,,박지훈,P,승,화이트아웃,패,T,강태완,,,,,
620,,김승현,P,승,매치포인트,패,P,박지훈,,,,,
621,"ASL Season 7
16강",김정우,Z,승,화이트아웃,패,P,김승현,,,,,
622,,이경민,P,승,화이트아웃,패,T,임진묵,,,,,
623,,김정우,Z,승,네오 실피드,패,P,이경민,,,,,
624,,김승현,P,승,네오 실피드,패,T,임진묵,,,,,
625,,이경민,P,승,블록체인,패,P,김승현,,,,,
626,,김성현,T,패,화이트아웃,승,Z,김윤환,,,,,
627,,김민철,Z,패,화이트아웃,승,P,장윤철,,,,,
628,,김윤환,Z,승,네오 실피드,패,P,장윤철,,,,,
629,,김성현,T,승,네오 실피드,패,Z,김민철,,,,,
630,,김성현,T,승,블록체인,패,P,장윤철,,,,,
631,,조기석,T,승,화이트아웃,패,T,박성균,,,,,
632,,김현우,Z,패,화이트아웃,승,P,도재욱,,,,,
633,,조기석,T,승,네오 실피드,패,P,도재욱,,,,,
634,,김현우,Z,패,네오 실피드,승,T,박성균,,,,,
635,,박성균,T,승,블록체인,패,P,도재욱,,,,,
636,,변현제,P,패,화이트아웃,승,Z,임홍규,,,,,
637,,이예훈,Z,패,화이트아웃,승,P,정윤종,,,,,
638,,임홍규,Z,패,네오 실피드,승,P,정윤종,,,,,
639,,이예훈,Z,패,네오 실피드,승,P,변현제,,,,,
640,,변현제,P,승,블록체인,패,Z,임홍규,,,,,
641,"ASL Season 7
8강",김윤환,Z,승,네오 실피드,패,P,변현제,,,,,
642,,김윤환,Z,패,화이트아웃,승,P,변현제,,,,,
643,,김윤환,Z,패,매치포인트,승,P,변현제,,,,,
644,,김윤환,Z,패,블록체인,승,P,변현제,,,,,
645,,김정우,Z,승,매치포인트,패,T,박성균,,,,,
646,,김정우,Z,패,화이트아웃,승,T,박성균,,,,,
647,,김정우,Z,승,블록체인,패,T,박성균,,,,,
648,,김정우,Z,승,네오 실피드,패,T,박성균,,,,,
649,,조기석,T,승,화이트아웃,패,T,김성현,,,,,
650,,조기석,T,패,블록체인,승,T,김성현,,,,,
651,,조기석,T,패,네오 실피드,승,T,김성현,,,,,
652,,조기석,T,승,매치포인트,패,T,김성현,,,,,
653,,조기석,T,패,화이트아웃,승,T,김성현,,,,,
654,,정윤종,P,승,화이트아웃,패,P,이경민,,,,,
655,,정윤종,P,승,매치포인트,패,P,이경민,,,,,
656,,정윤종,P,승,블록체인,패,P,이경민,,,,,
657,"ASL Season 7 
4강",변현제,P,승,네오 실피드,패,Z,김정우,,,,,
658,,변현제,P,승,매치포인트,패,Z,김정우,,,,,
659,,변현제,P,패,화이트아웃,승,Z,김정우,,,,,
660,,변현제,P,패,블록체인,승,Z,김정우,,,,,
661,,변현제,P,승,네오 실피드,패,Z,김정우,,,,,
662,,김성현,T,승,블록체인,패,P,정윤종,,,,,
663,,김성현,T,패,화이트아웃,승,P,정윤종,,,,,
664,,김성현,T,패,네오 실피드,승,P,정윤종,,,,,
665,,김성현,T,승,매치포인트,패,P,정윤종,,,,,
666,,김성현,T,승,블록체인,패,P,정윤종,,,,,
667,"ASL Season 7 
3-4위전",김정우,Z,승,매치포인트,패,P,정윤종,,,,,
668,,김정우,Z,승,네오 실피드,패,P,정윤종,,,,,
669,,김정우,Z,승,화이트아웃,패,P,정윤종,,,,,
670,"ASL Season 7
결승전",변현제,P,패,네오 실피드,승,T,김성현,,,,,
671,,변현제,P,승,매치포인트,패,T,김성현,,,,,
672,,변현제,P,패,화이트아웃,승,T,김성현,,,,,
673,,변현제,P,패,블록체인,승,T,김성현,,,,,
674,"ASL Season 8
WILD CARD",조기석,T,패,네오 그라운드제로,승,Z,김윤환,,,,,
675,,조기석,T,승,블록체인 SE,패,Z,김윤환,,,,,
676,,조기석,T,패,네오 실피드,승,Z,김윤환,,,,,
677,,조기석,T,패,네오 실피드,승,P,이경민,,,,,
678,,조기석,T,패,오버워치(2),승,P,이경민,,,,,
679,,김윤환,Z,패,오버워치(2),승,P,이경민,,,,,
680,,김윤환,Z,패,네오 그라운드제로,승,P,이경민,,,,,
681,"ASL Season 8
24강",이영호,T,승,멀티버스,패,Z,박상현,,,,,
682,,김승현,P,패,멀티버스,승,Z,이예훈,,,,,
683,,이영호,T,패,네오 실피드,승,Z,이예훈,,,,,
684,,김승현,P,패,네오 실피드,승,Z,박상현,,,,,
685,,이영호,T,승,네오 그라운드제로,패,Z,박상현,,,,,
686,,임홍규,Z,승,멀티버스,패,P,김범수,,,,,
687,,윤찬희,T,패,멀티버스,승,T,유영진,,,,,
688,,임홍규,Z,패,네오 실피드,승,T,유영진,,,,,
689,,윤찬희,T,패,네오 실피드,승,P,김범수,,,,,
690,,임홍규,Z,승,네오 그라운드제로,패,P,김범수,,,,,
691,,장윤철,P,패,멀티버스,승,Z,서문지훈,,,,,
692,,이제동,Z,승,멀티버스,패,P,김재훈,,,,,
693,,이제동,Z,패,네오 실피드,승,Z,서문지훈,,,,,
694,,장윤철,P,승,네오 실피드,패,P,김재훈,,,,,
695,,이제동,Z,패,네오 그라운드제로,승,P,장윤철,,,,,
696,,김민철,Z,승,멀티버스,패,T,김태영,,,,,
697,,김성대,Z,승,멀티버스,패,T,임진묵,,,,,
698,,김성대,Z,승,네오 실피드,패,Z,김민철,,,,,
699,,김태영,T,승,네오 실피드,패,T,임진묵,,,,,
700,,김민철,Z,승,네오 그라운드제로,패,T,김태영,,,,,
701,,조기석,T,승,멀티버스,패,Z,박재혁,,,,,
702,,송병구,P,승,멀티버스,패,Z,김윤환,,,,,
703,,송병구,P,승,네오 실피드,패,T,조기석,,,,,
704,,박재혁,Z,승,네오 실피드,패,Z,김윤환,,,,,
705,,조기석,T,승,네오 그라운드제로,패,Z,박재혁,,,,,
706,,도재욱,P,승,멀티버스,패,T,정영재,,,,,
707,,이재호,T,승,멀티버스,패,Z,한두열,,,,,
708,,이재호,T,패,네오 실피드,승,P,도재욱,,,,,
709,,정영재,T,승,네오 실피드,패,Z,한두열,,,,,
710,,이재호,T,승,네오 그라운드제로,패,T,정영재,,,,,
711,"ASL Season 8
16강",김성현,T,승,트라이포드,패,T,유영진,,,,,
712,,조기석,T,승,트라이포드,패,Z,서문지훈,,,,,
713,,조기석,T,패,네오 실피드,승,T,김성현,,,,,
714,,조기석,T,패,오버워치(2),승,T,김성현,,,,,
715,,유영진,T,승,블록체인 SE,패,Z,서문지훈,,,,,
716,,유영진,T,승,멀티버스,패,Z,서문지훈,,,,,
717,,조기석,T,패,네오 실피드,승,T,유영진,,,,,
718,,조기석,T,승,오버워치(2),패,T,유영진,,,,,
719,,조기석,T,승,멀티버스,패,T,유영진,,,,,
720,,변현제,P,패,트라이포드,승,Z,임홍규,,,,,
721,,김성대,Z,승,트라이포드,패,T,이재호,,,,,
722,,김성대,Z,패,블록체인 SE,승,Z,임홍규,,,,,
723,,김성대,Z,승,네오 실피드,패,Z,임홍규,,,,,
724,,김성대,Z,승,멀티버스,패,Z,임홍규,,,,,
725,,변현제,P,패,오버워치(2),승,T,이재호,,,,,
726,,변현제,P,패,네오 그라운드제로,승,T,이재호,,,,,
727,,임홍규,Z,패,신 피의능선,승,T,이재호,,,,,
728,,임홍규,Z,패,오버워치(2),승,T,이재호,,,,,
729,,정윤종,P,승,트라이포드,패,P,장윤철,,,,,
730,,송병구,P,패,트라이포드,승,P,도재욱,,,,,
731,,정윤종,P,승,블록체인 SE,패,P,도재욱,,,,,
732,,정윤종,P,승,네오 실피드,패,P,도재욱,,,,,
733,,송병구,P,승,네오 실피드,패,P,장윤철,,,,,
734,,송병구,P,패,오버워치(2),승,P,장윤철,,,,,
735,,송병구,P,패,멀티버스,승,P,장윤철,,,,,
736,,장윤철,P,승,오버워치(2),패,P,도재욱,,,,,
737,,장윤철,P,승,블록체인 SE,패,P,도재욱,,,,,
738,,이경민,P,패,트라이포드,승,Z,이예훈,,,,,
739,,이영호,T,승,트라이포드,패,Z,김민철,,,,,
740,,이영호,T,승,네오 실피드,패,Z,이예훈,,,,,
741,,이영호,T,승,신 피의능선,패,Z,이예훈,,,,,
742,,이경민,P,패,오버워치(2),승,Z,김민철,,,,,
743,,이경민,P,패,네오 그라운드제로,승,Z,김민철,,,,,
744,,이예훈,Z,승,네오 실피드,패,Z,김민철,,,,,
745,,이예훈,Z,승,네오 그라운드제로,패,Z,김민철,,,,,
746,"ASL Season 8
8강",김성현,T,패,네오 실피드,승,P,장윤철,,,,,
747,,김성현,T,패,신 피의능선,승,P,장윤철,,,,,
748,,김성현,T,패,블록체인 SE,승,P,장윤철,,,,,
749,,김성대,Z,패,트라이포드,승,T,조기석,,,,,
750,,김성대,Z,승,네오 그라운드제로,패,T,조기석,,,,,
751,,김성대,Z,패,네오 실피드,승,T,조기석,,,,,
752,,김성대,Z,승,신 피의능선,패,T,조기석,,,,,
753,,김성대,Z,승,블록체인 SE,패,T,조기석,,,,,
754,,이영호,T,승,오버워치(2),패,T,이재호,,,,,
755,,이영호,T,패,트라이포드,승,T,이재호,,,,,
756,,이영호,T,승,블록체인 SE,패,T,이재호,,,,,
757,,이영호,T,승,네오 그라운드제로,패,T,이재호,,,,,
758,,정윤종,P,승,오버워치(2),패,Z,이예훈,,,,,
759,,정윤종,P,승,네오 그라운드제로,패,Z,이예훈,,,,,
760,,정윤종,P,승,네오 실피드,패,Z,이예훈,,,,,
761,"ASL Season 8
4강",장윤철,P,패,신 피의능선,승,Z,김성대,,,,,
762,,장윤철,P,승,네오 실피드,패,Z,김성대,,,,,
763,,장윤철,P,승,오버워치(2),패,Z,김성대,,,,,
764,,장윤철,P,승,트라이포드,패,Z,김성대,,,,,
765,,이영호,T,승,네오 실피드,패,P,정윤종,,,,,
766,,이영호,T,승,블록체인 SE,패,P,정윤종,,,,,
767,,이영호,T,승,오버워치(2),패,P,정윤종,,,,,
768,"ASL Season 8
3-4위전",김성대,Z,승,네오 실피드,패,P,정윤종,,,,,
769,,김성대,Z,패,오버워치(2),승,P,정윤종,,,,,
770,,김성대,Z,패,네오 그라운드제로,승,P,정윤종,,,,,
771,,김성대,Z,패,트라이포드,승,P,정윤종,,,,,
772,"ASL Season 8
결승전",장윤철,P,패,멀티버스,승,T,이영호,,,,,
773,,장윤철,P,패,네오 실피드,승,T,이영호,,,,,
774,,장윤철,P,패,트라이포드,승,T,이영호,,,,,
775,,장윤철,P,패,신 피의능선,승,T,이영호,,,,,
776,"ASL Season 9
WILD CARD",이재호,T,승,화이트아웃,패,Z,이예훈,,,,,
777,,이재호,T,승,투혼,패,Z,이예훈,,,,,
778,,이재호,T,패,매치포인트,승,T,조기석,,,,,
779,,이재호,T,패,네오 실피드,승,T,조기석,,,,,
780,,이예훈,Z,승,네오 실피드,패,T,조기석,,,,,
781,,이예훈,Z,패,투혼,승,T,조기석,,,,,
782,,이예훈,Z,패,매치포인트,승,T,조기석,,,,,
783,"ASL Season 9
24강",김택용,P,승,이너코븐,패,Z,유진우,,,,,
784,,이경민,P,승,이너코븐,패,T,김태영,,,,,
785,,이경민,P,승,에스컬레이드,패,P,김택용,,,,,
786,,유진우,Z,패,에스컬레이드,승,T,김태영,,,,,
787,,김택용,P,승,네오 실피드,패,T,김태영,,,,,
788,,임홍규,Z,승,이너코븐,패,P,윤수철,,,,,
789,,송병구,P,승,이너코븐,패,T,정영재,,,,,
790,,송병구,P,승,에스컬레이드,패,Z,임홍규,,,,,
791,,윤수철,P,승,에스컬레이드,패,T,정영재,,,,,
792,,임홍규,Z,승,네오 실피드,패,P,윤수철,,,,,
793,,김민철,Z,승,이너코븐,패,P,원지훈,,,,,
794,,윤찬희,T,승,이너코븐,패,T,이성은,,,,,
795,,윤찬희,T,패,에스컬레이드,승,Z,김민철,,,,,
796,,원지훈,P,승,에스컬레이드,패,T,이성은,,,,,
797,,윤찬희,T,승,네오 실피드,패,P,원지훈,,,,,
798,,박성균,T,패,이너코븐,승,P,손경훈,,,,,
799,,이재호,T,승,이너코븐,패,T,박지수,,,,,
800,,이재호,T,패,에스컬레이드,승,P,손경훈,,,,,
801,,박성균,T,패,에스컬레이드,승,T,박지수,,,,,
802,,이재호,T,승,네오 실피드,패,T,박지수,,,,,
803,,도재욱,P,승,이너코븐,패,T,김지성,,,,,
804,,박준오,Z,패,이너코븐,승,Z,박상현,,,,,
805,,도재욱,P,패,에스컬레이드,승,Z,박상현,,,,,
806,,박준오,Z,패,에스컬레이드,승,T,김지성,,,,,
807,,도재욱,P,승,네오 실피드,패,T,김지성,,,,,
808,,변현제,P,패,이너코븐,승,T,황병영,,,,,
809,,유영진,T,승,이너코븐,패,Z,김명운,,,,,
810,,유영진,T,패,에스컬레이드,승,T,황병영,,,,,
811,,변현제,P,패,에스컬레이드,승,Z,김명운,,,,,
812,,유영진,T,패,네오 실피드,승,Z,김명운,,,,,
813,"ASL Season 9
16강",이영호,T,승,호라이즌 달 기지,패,T,윤찬희,,,,,
814,,이재호,T,승,호라이즌 달 기지,패,T,황병영,,,,,
815,,이재호,T,패,에스컬레이드,승,T,이영호,,,,,
816,,이재호,T,패,매치포인트,승,T,이영호,,,,,
817,,윤찬희,T,승,에스컬레이드,패,T,황병영,,,,,
818,,윤찬희,T,승,매치포인트,패,T,황병영,,,,,
819,,이재호,T,승,폴리포이드,패,T,윤찬희,,,,,
820,,이재호,T,승,이너코븐,패,T,윤찬희,,,,,
821,,장윤철,P,패,호라이즌 달 기지,승,P,송병구,,,,,
822,,이경민,P,패,호라이즌 달 기지,승,Z,임홍규,,,,,
823,,송병구,P,패,에스컬레이드,승,Z,임홍규,,,,,
824,,송병구,P,승,이너코븐,패,Z,임홍규,,,,,
825,,송병구,P,승,매치포인트,패,Z,임홍규,,,,,
826,,장윤철,P,승,히치하이커,패,P,이경민,,,,,
827,,장윤철,P,승,에스컬레이드,패,P,이경민,,,,,
828,,장윤철,P,승,폴리포이드,패,Z,임홍규,,,,,
829,,장윤철,P,패,매치포인트,승,Z,임홍규,,,,,
830,,장윤철,P,패,에스컬레이드,승,Z,임홍규,,,,,
831,,김성대,Z,승,호라이즌 달 기지,패,P,손경훈,,,,,
832,,박상현,Z,승,호라이즌 달 기지,패,Z,김민철,,,,,
833,,박상현,Z,패,매치포인트,승,Z,김성대,,,,,
834,,박상현,Z,승,네오 실피드,패,Z,김성대,,,,,
835,,박상현,Z,승,폴리포이드,패,Z,김성대,,,,,
836,,손경훈,P,패,히치하이커,승,Z,김민철,,,,,
837,,손경훈,P,승,네오 실피드,패,Z,김민철,,,,,
838,,손경훈,P,승,폴리포이드,패,Z,김민철,,,,,
839,,김성대,Z,승,네오 실피드,패,P,손경훈,,,,,
840,,김성대,Z,승,매치포인트,패,P,손경훈,,,,,
841,,조기석,T,패,호라이즌 달 기지,승,P,도재욱,,,,,
842,,김명운,Z,승,호라이즌 달 기지,패,P,김택용,,,,,
843,,김명운,Z,승,폴리포이드,패,P,도재욱,,,,,
844,,김명운,Z,승,네오 실피드,패,P,도재욱,,,,,
845,,조기석,T,승,네오 실피드,패,P,김택용,,,,,
846,,조기석,T,패,매치포인트,승,P,김택용,,,,,
847,,조기석,T,패,폴리포이드,승,P,김택용,,,,,
848,,도재욱,P,패,폴리포이드,승,P,김택용,,,,,
849,,도재욱,P,승,히치하이커,패,P,김택용,,,,,
850,,도재욱,P,패,네오 실피드,승,P,김택용,,,,,
851,"ASL Season 9
8강",이영호,T,패,호라이즌 달 기지,승,Z,김성대,,,,,
852,,이영호,T,승,에스컬레이드,패,Z,김성대,,,,,
853,,이영호,T,패,네오 실피드,승,Z,김성대,,,,,
854,,이영호,T,승,매치포인트,패,Z,김성대,,,,,
855,,이영호,T,승,히치하이커,패,Z,김성대,,,,,
856,,김명운,Z,패,에스컬레이드,승,Z,임홍규,,,,,
857,,김명운,Z,승,호라이즌 달 기지,패,Z,임홍규,,,,,
858,,김명운,Z,승,네오 실피드,패,Z,임홍규,,,,,
859,,김명운,Z,패,폴리포이드,승,Z,임홍규,,,,,
860,,김명운,Z,승,이너코븐,패,Z,임홍규,,,,,
861,,송병구,P,패,호라이즌 달 기지,승,T,이재호,,,,,
862,,송병구,P,승,매치포인트,패,T,이재호,,,,,
863,,송병구,P,승,네오 실피드,패,T,이재호,,,,,
864,,송병구,P,패,이너코븐,승,T,이재호,,,,,
865,,송병구,P,패,폴리포이드,승,T,이재호,,,,,
866,,박상현,Z,승,폴리포이드,패,P,김택용,,,,,
867,,박상현,Z,승,매치포인트,패,P,김택용,,,,,
868,,박상현,Z,패,에스컬레이드,승,P,김택용,,,,,
869,,박상현,Z,패,히치하이커,승,P,김택용,,,,,
870,,박상현,Z,승,네오 실피드,패,P,김택용,,,,,
871,"ASL Season 9
4강",이영호,T,승,매치포인트,패,Z,김명운,,,,,
872,,이영호,T,패,호라이즌 달 기지,승,Z,김명운,,,,,
873,,이영호,T,승,폴리포이드,패,Z,김명운,,,,,
874,,이영호,T,패,네오 실피드,승,Z,김명운,,,,,
875,,이영호,T,패,히치하이커,승,Z,김명운,,,,,
876,,이재호,T,승,매치포인트,패,Z,박상현,,,,,
877,,이재호,T,패,네오 실피드,승,Z,박상현,,,,,
878,,이재호,T,승,에스컬레이드,패,Z,박상현,,,,,
879,,이재호,T,승,폴리포이드,패,Z,박상현,,,,,
880,"ASL Season 9
3-4위전",이영호,T,승,네오 실피드,패,Z,박상현,,,,,
881,,이영호,T,승,히치하이커,패,Z,박상현,,,,,
882,,이영호,T,승,호라이즌 달 기지,패,Z,박상현,,,,,
883,"ASL Season 9
결승전",김명운,Z,승,호라이즌 달 기지,패,T,이재호,,,,,
884,,김명운,Z,승,네오 실피드,패,T,이재호,,,,,
885,,김명운,Z,패,히치하이커,승,T,이재호,,,,,
886,,김명운,Z,승,매치포인트,패,T,이재호,,,,,
887,,김명운,Z,승,이너코븐,패,T,이재호,,,,,
888,"ASL Season 10
24강",김택용,P,패,링잉 블룸,승,T,신상문,,,,,
889,,이영한,Z,패,링잉 블룸,승,T,정영재,,,,,
890,,신상문,T,승,이클립스,패,T,정영재,,,,,
891,,이영한,Z,패,이클립스,승,P,김택용,,,,,
892,,김택용,P,패,폴리포이드,승,T,정영재,,,,,
893,,장윤철,P,승,링잉 블룸,패,Z,윤진규,,,,,
894,,김민철,Z,승,링잉 블룸,패,T,최호선,,,,,
895,,김민철,Z,승,이클립스,패,P,장윤철,,,,,
896,,윤진규,Z,승,이클립스,패,T,최호선,,,,,
897,,장윤철,P,승,폴리포이드,패,Z,윤진규,,,,,
898,,김윤중,P,승,링잉 블룸,패,T,황병영,,,,,
899,,도재욱,P,승,링잉 블룸,패,Z,이예훈,,,,,
900,,도재욱,P,패,이클립스,승,P,김윤중,,,,,
901,,황병영,T,패,이클립스,승,Z,이예훈,,,,,
902,,도재욱,P,승,폴리포이드,패,Z,이예훈,,,,,
903,,변현제,P,승,링잉 블룸,패,T,김지성,,,,,
904,,조일장,Z,승,링잉 블룸,패,Z,박준오,,,,,
905,,조일장,Z,승,이클립스,패,P,변현제,,,,,
906,,김지성,T,승,이클립스,패,Z,박준오,,,,,
907,,변현제,P,승,폴리포이드,패,T,김지성,,,,,
908,,임홍규,Z,승,링잉 블룸,패,P,김범수,,,,,
909,,송병구,P,패,링잉 블룸,승,T,유영진,,,,,
910,,임홍규,Z,패,이클립스,승,T,유영진,,,,,
911,,송병구,P,승,이클립스,패,P,김범수,,,,,
912,,송병구,P,패,폴리포이드,승,Z,임홍규,,,,,
913,,조기석,T,패,링잉 블룸,승,Z,유진우,,,,,
914,,김성대,Z,승,링잉 블룸,패,P,윤용태,,,,,
915,,김성대,Z,승,이클립스,패,Z,유진우,,,,,
916,,조기석,T,패,이클립스,승,P,윤용태,,,,,
917,,유진우,Z,패,폴리포이드,승,P,윤용태,,,,,
918,"ASL Season 10
16강",김명운,Z,승,샤쿠러스 템플,패,T,신상문,,,,,
919,,정영재,T,승,샤쿠러스 템플,패,T,유영진,,,,,
920,,정영재,T,승,옵티마이저,패,Z,김명운,,,,,
921,,정영재,T,패,이클립스,승,Z,김명운,,,,,
922,,정영재,T,패,벤젠,승,Z,김명운,,,,,
923,,신상문,T,패,이클립스,승,T,유영진,,,,,
924,,신상문,T,패,폴리포이드,승,T,유영진,,,,,
925,,정영재,T,승,폴리포이드,패,T,유영진,,,,,
926,,정영재,T,패,링잉 블룸,승,T,유영진,,,,,
927,,정영재,T,패,옵티마이저,승,T,유영진,,,,,
928,,이재호,T,승,샤쿠러스 템플,패,P,도재욱,,,,,
929,,임홍규,Z,승,샤쿠러스 템플,패,Z,김성대,,,,,
930,,임홍규,Z,승,링잉 블룸,패,T,이재호,,,,,
931,,임홍규,Z,승,옵티마이저,패,T,이재호,,,,,
932,,도재욱,P,승,플라즈마,패,Z,김성대,,,,,
933,,도재욱,P,승,벤젠,패,Z,김성대,,,,,
934,,이재호,T,패,벤젠,승,P,도재욱,,,,,
935,,이재호,T,승,이클립스,패,P,도재욱,,,,,
936,,이재호,T,패,링잉 블룸,승,P,도재욱,,,,,
937,,이영호,T,승,샤쿠러스 템플,패,P,윤용태,,,,,
938,,장윤철,P,승,샤쿠러스 템플,패,Z,조일장,,,,,
939,,장윤철,P,패,이클립스,승,P,이영호,,,,,
940,,장윤철,P,패,옵티마이저,승,P,이영호,,,,,
941,,윤용태,P,패,옵티마이저,승,Z,조일장,,,,,
942,,윤용태,P,승,폴리포이드,패,Z,조일장,,,,,
943,,윤용태,P,승,링잉 블룸,패,Z,조일장,,,,,
944,,장윤철,P,승,링잉 블룸,패,P,윤용태,,,,,
945,,장윤철,P,패,이클립스,승,P,윤용태,,,,,
946,,장윤철,P,승,옵티마이저,패,P,윤용태,,,,,
947,,박상현,Z,승,샤쿠러스 템플,패,P,변현제,,,,,
948,,김윤중,P,승,샤쿠러스 템플,패,Z,김민철,,,,,
949,,김윤중,P,패,링잉 블룸,승,Z,박상현,,,,,
950,,김윤중,P,패,이클립스,승,Z,박상현,,,,,
951,,변현제,P,패,옵티마이저,승,Z,김민철,,,,,
952,,변현제,P,승,링잉 블룸,패,Z,김민철,,,,,
953,,변현제,P,패,벤젠,승,Z,김민철,,,,,
954,,김윤중,P,패,이클립스,승,Z,김민철,,,,,
955,,김윤중,P,패,링잉 블룸,승,Z,김민철,,,,,
956,"ASL Season 10
8강",이영호,T,승,플라즈마,패,T,유영진,,,,,
957,,이영호,P,승,이클립스,패,T,유영진,,,,,
958,,이영호,Z,승,링잉 블룸,패,T,유영진,,,,,
959,,박상현,Z,승,벤젠,패,P,장윤철,,,,,
960,,박상현,Z,승,플라즈마,패,P,장윤철,,,,,
961,,박상현,Z,승,샤쿠러스 템플,패,P,장윤철,,,,,
962,,임홍규,Z,승,폴리포이드,패,Z,김민철,,,,,
963,,임홍규,Z,패,이클립스,승,Z,김민철,,,,,
964,,임홍규,Z,승,샤쿠러스 템플,패,Z,김민철,,,,,
965,,임홍규,Z,승,벤젠,패,Z,김민철,,,,,
966,,김명운,Z,승,폴리포이드,패,P,도재욱,,,,,
967,,김명운,Z,승,플라즈마,패,P,도재욱,,,,,
968,,김명운,Z,승,벤젠,패,P,도재욱,,,,,
969,"ASL Season 10
4강",이영호,Z,승,플라즈마,패,Z,박상현,,,,,
970,,이영호,Z,패,벤젠,승,Z,박상현,,,,,
971,,이영호,T,승,옵티마이저,패,Z,박상현,,,,,
972,,이영호,T,패,이클립스,승,Z,박상현,,,,,
973,,이영호,P,패,링잉 블룸,승,Z,박상현,,,,,
974,,이영호,Z,패,폴리포이드,승,Z,박상현,,,,,
975,,임홍규,Z,승,벤젠,패,Z,김명운,,,,,
976,,임홍규,Z,패,폴리포이드,승,Z,김명운,,,,,
977,,임홍규,Z,패,옵티마이저,승,Z,김명운,,,,,
978,,임홍규,Z,패,샤쿠러스 템플,승,Z,김명운,,,,,
979,,임홍규,Z,패,이클립스,승,Z,김명운,,,,,
980,"ASL Season 10
3-4위전",이영호,T,승,이클립스,패,Z,임홍규,,,,,
981,,이영호,Z,승,플라즈마,패,Z,임홍규,,,,,
982,,이영호,T,승,폴리포이드,패,Z,임홍규,,,,,
983,"ASL Season 10
FINALS",박상현,Z,패,플라즈마,승,Z,김명운,,,,,
984,,박상현,Z,패,벤젠,승,Z,김명운,,,,,
985,,박상현,Z,승,폴리포이드,패,Z,김명운,,,,,
986,,박상현,Z,패,샤쿠러스 템플,승,Z,김명운,,,,,
987,,박상현,Z,승,이클립스,패,Z,김명운,,,,,
988,,박상현,Z,승,링잉 블룸,패,Z,김명운,,,,,
989,,박상현,Z,패,옵티마이저,승,Z,김명운,,,,,
990,"ASL Season 11
와일드카드",장윤철,P,패,폴리포이드,승,Z,김민철,,,,,
991,,장윤철,P,패,이클립스,승,Z,김민철,,,,,
992,,유영진,T,승,폴리포이드,패,P,도재욱,,,,,
993,,유영진,T,패,벤젠,승,P,도재욱,,,,,
994,,유영진,T,승,이클립스,패,P,도재욱,,,,,
995,,유영진,T,패,폴리포이드,승,Z,김민철,,,,,
996,,유영진,T,승,이클립스,패,Z,김민철,,,,,
997,,유영진,T,승,샤쿠러스 템플,패,Z,김민철,,,,,
998,"ASL Season 11
24강",김정우,Z,승,이클립스,패,P,원지훈,,,,,
999,,조일장,Z,승,이클립스,패,T,황병영,,,,,
1000,,조일장,Z,승,어센션,패,Z,김정우,,,,,
1001,,원지훈,P,승,얼티메이트 스트림,패,T,황병영,,,,,
1002,,김정우,Z,승,폴리포이드,패,P,원지훈,,,,,
1003,,이재호,T,승,이클립스,패,P,윤수철,,,,,
1004,,이영한,Z,패,이클립스,승,T,김지성,,,,,
1005,,이재호,T,패,히든트랙,승,T,김지성,,,,,
1006,,이영한,Z,승,어센션,패,P,윤수철,,,,,
1007,,이영한,Z,패,폴리포이드,승,T,이재호,,,,,
1008,,도재욱,P,승,이클립스,패,T,이영웅,,,,,
1009,,김성대,Z,패,이클립스,승,T,정영재,,,,,
1010,,도재욱,P,패,얼티메이트 스트림,승,T,정영재,,,,,
1011,,김성대,Z,승,어센션,패,T,이영웅,,,,,
1012,,김성대,Z,패,폴리포이드,승,P,도재욱,,,,,
1013,,장윤철,P,승,이클립스,패,T,유승곤,,,,,
1014,,김윤중,P,승,이클립스,패,T,최호선,,,,,
1015,,김윤중,P,패,히든트랙,승,P,장윤철,,,,,
1016,,유승곤,T,패,어센션,승,T,최호선,,,,,
1017,,김윤중,P,승,폴리포이드,패,T,최호선,,,,,
1018,,조기석,T,승,이클립스,패,Z,김경모,,,,,
1019,,김택용,P,승,이클립스,패,T,임진묵,,,,,
1020,,조기석,T,승,히든트랙,패,P,김택용,,,,,
1021,,김경모,Z,패,히든트랙,승,T,임진묵,,,,,
1022,,김택용,P,승,폴리포이드,패,T,임진묵,,,,,
1023,,변현제,P,승,이클립스,패,T,배호연,,,,,
1024,,윤찬희,T,승,이클립스,패,Z,한두열,,,,,
1025,,윤찬희,T,승,얼티메이트 스트림,패,P,변현제,,,,,
1026,,배호연,T,패,어센션,승,Z,한두열,,,,,
1027,,변현제,P,승,투혼,패,Z,한두열,,,,,
1028,"ASL Season 11
16강",김명운,Z,승,폴리포이드,패,T,윤찬희,,,,,
1029,,김윤중,P,패,폴리포이드,승,P,변현제,,,,,
1030,,김명운,Z,패,폴라리스 랩소디,승,P,변현제,,,,,
1031,,김명운,Z,승,어센션,패,P,변현제,,,,,
1032,,김명운,Z,패,얼티메이트 스트림,승,P,변현제,,,,,
1033,,김윤중,P,패,어센션,승,T,윤찬희,,,,,
1034,,김윤중,P,승,투혼,패,T,윤찬희,,,,,
1035,,김윤중,P,승,얼티메이트 스트림,패,T,윤찬희,,,,,
1036,,김윤중,P,승,얼티메이트 스트림,패,Z,김명운,,,,,
1037,,김윤중,P,패,이클립스,승,Z,김명운,,,,,
1038,,김윤중,P,패,투혼,승,Z,김명운,,,,,
1039,,박상현,Z,패,폴리포이드,승,T,정영재,,,,,
1040,,조기석,T,승,폴리포이드,패,P,도재욱,,,,,
1041,,조기석,T,패,이클립스,승,T,정영재,,,,,
1042,,조기석,T,승,투혼,패,T,정영재,,,,,
1043,,조기석,T,패,폴라리스 랩소디,승,T,정영재,,,,,
1044,,박상현,Z,패,어센션,승,P,도재욱,,,,,
1045,,박상현,Z,패,폴라리스 랩소디,승,P,도재욱,,,,,
1046,,조기석,T,승,어센션,패,P,도재욱,,,,,
1047,,조기석,T,패,히든트랙,승,P,도재욱,,,,,
1048,,조기석,T,패,이클립스,승,P,도재욱,,,,,
1049,,임홍규,Z,승,폴리포이드,패,P,김택용,,,,,
1050,,김정우,Z,패,폴리포이드,승,P,장윤철,,,,,
1051,,임홍규,Z,패,어센션,승,P,장윤철,,,,,
1052,,임홍규,Z,승,얼티메이트 스트림,패,P,장윤철,,,,,
1053,,임홍규,Z,승,폴라리스 랩소디,패,P,장윤철,,,,,
1054,,김정우,Z,패,이클립스,승,P,김택용,,,,,
1055,,김정우,Z,패,폴라리스 랩소디,승,P,김택용,,,,,
1056,,김택용,P,패,히든트랙,승,P,장윤철,,,,,
1057,,김택용,P,패,폴라리스 랩소디,승,P,장윤철,,,,,
1058,,유영진,T,승,폴리포이드,패,T,김지성,,,,,
1059,,조일장,Z,승,폴리포이드,패,T,이재호,,,,,
1060,,조일장,Z,승,히든트랙,패,T,유영진,,,,,
1061,,조일장,Z,승,투혼,패,T,유영진,,,,,
1062,,김지성,T,패,히든트랙,승,T,이재호,,,,,
1063,,김지성,T,패,폴라리스 랩소디,승,T,이재호,,,,,
1064,,유영진,T,패,이클립스,승,T,이재호,,,,,
1065,,유영진,T,승,투혼,패,T,이재호,,,,,
1066,,유영진,T,승,히든트랙,패,T,이재호,,,,,
1067,"ASL Season 11
8강",변현제,P,승,어센션,패,P,도재욱,,,,,
1068,,변현제,P,승,얼티메이트 스트림,패,P,도재욱,,,,,
1069,,변현제,P,승,폴리포이드,패,P,도재욱,,,,,
1070,,정영재,T,패,이클립스,승,Z,김명운,,,,,
1071,,정영재,T,패,폴리포이드,승,Z,김명운,,,,,
1072,,정영재,T,패,투혼,승,Z,김명운,,,,,
1073,,조일장,Z,승,히든트랙,패,P,장윤철,,,,,
1074,,조일장,Z,패,어센션,승,P,장윤철,,,,,
1075,,조일장,Z,승,얼티메이트 스트림,패,P,장윤철,,,,,
1076,,조일장,Z,승,이클립스,패,P,장윤철,,,,,
1077,,임홍규,Z,승,얼티메이트 스트림,패,T,유영진,,,,,
1078,,임홍규,Z,패,이클립스,승,T,유영진,,,,,
1079,,임홍규,Z,승,어센션,패,T,유영진,,,,,
1080,,임홍규,Z,패,투혼,승,T,유영진,,,,,
1081,,임홍규,Z,승,폴라리스 랩소디,패,T,유영진,,,,,
1082,"ASL Season 11
4강",변현제,P,패,히든트랙,승,Z,김명운,,,,,
1083,,변현제,P,승,투혼,패,Z,김명운,,,,,
1084,,변현제,P,승,폴리포이드,패,Z,김명운,,,,,
1085,,변현제,P,승,이클립스,패,Z,김명운,,,,,
1086,,변현제,P,승,어센션,패,Z,김명운,,,,,
1087,,조일장,Z,패,히든트랙,승,Z,임홍규,,,,,
1088,,조일장,Z,패,투혼,승,Z,임홍규,,,,,
1089,,조일장,Z,패,얼티메이트 스트림,승,Z,임홍규,,,,,
1090,,조일장,Z,패,어센션,승,Z,임홍규,,,,,
1091,"ASL Season 11
3-4위전",김명운,Z,승,폴라리스 랩소디,패,Z,조일장,,,,,
1092,,김명운,Z,승,이클립스,패,Z,조일장,,,,,
1093,,김명운,Z,패,히든트랙,승,Z,조일장,,,,,
1094,,김명운,Z,패,폴리포이드,승,Z,조일장,,,,,
1095,,김명운,Z,패,어센션,승,Z,조일장,,,,,
1096,"ASL Season 11
결승전",변현제,P,패,폴리포이드,승,Z,임홍규,,,,,
1097,,변현제,P,패,이클립스,승,Z,임홍규,,,,,
1098,,변현제,P,승,히든트랙,패,Z,임홍규,,,,,
1099,,변현제,P,승,어센션,패,Z,임홍규,,,,,
1100,,변현제,P,패,폴라리스 랩소디,승,Z,임홍규,,,,,
1101,,변현제,P,승,얼티메이트 스트림,패,Z,임홍규,,,,,
1102,,변현제,P,패,투혼,승,Z,임홍규,,,,,
1103,"ASL Season 12
와일드카드",정영재,T,패,폴리포이드,승,P,도재욱,,,,,
1104,,정영재,T,패,어센션,승,P,도재욱,,,,,
1105,,장윤철,P,패,어센션,승,T,유영진,,,,,
1106,,장윤철,P,승,이클립스,패,T,유영진,,,,,
1107,,장윤철,P,패,폴리포이드,승,T,유영진,,,,,
1108,,도재욱,P,패,폴리포이드,승,T,유영진,,,,,
1109,,도재욱,P,패,이클립스,승,T,유영진,,,,,
1110,"ASL Season 12
24강",조기석,T,패,이클립스,승,P,김범수,,,,,
1111,,김민철,Z,승,이클립스,패,P,원지훈,,,,,
1112,,김민철,Z,승,어센션,패,P,김범수,,,,,
1113,,조기석,T,승,리볼버,패,P,원지훈,,,,,
1114,,조기석,T,패,라르고,승,P,김범수,,,,,
1115,,도재욱,P,승,이클립스,패,Z,배병우,,,,,
1116,,최호선,T,패,이클립스,승,P,윤용태,,,,,
1117,,도재욱,P,패,리볼버,승,P,윤용태,,,,,
1118,,최호선,T,패,레몬,승,Z,배병우,,,,,
1119,,도재욱,P,패,라르고,승,Z,배병우,,,,,
1120,,장윤철,P,승,이클립스,패,Z,박재혁,,,,,
1121,,정영재,T,승,이클립스,패,P,진영화,,,,,
1122,,정영재,T,패,어센션,승,P,장윤철,,,,,
1123,,박재혁,Z,패,레몬,승,P,진영화,,,,,
1124,,정영재,T,승,폴리포이드,패,P,진영화,,,,,
1125,,박상현,Z,승,이클립스,패,Z,고석현,,,,,
1126,,윤찬희,T,패,이클립스,승,T,황병영,,,,,
1127,,박상현,Z,승,어센션,패,T,황병영,,,,,
1128,,윤찬희,T,패,리볼버,승,Z,고석현,,,,,
1129,,고석현,Z,패,폴리포이드,승,T,황병영,,,,,
1130,,김성대,Z,패,이클립스,승,T,신상문,,,,,
1131,,송병구,P,승,이클립스,패,Z,유진우,,,,,
1132,,송병구,P,승,어센션,패,T,신상문,,,,,
1133,,김성대,Z,패,리볼버,승,Z,유진우,,,,,
1134,,신상문,T,패,굿나잇,승,Z,유진우,,,,,
1135,,이재호,T,승,이클립스,패,P,홍덕,,,,,
1136,,이영한,Z,승,이클립스,패,T,김지성,,,,,
1137,,이영한,Z,패,리볼버,승,T,이재호,,,,,
1138,,홍덕,P,패,어센션,승,T,김지성,,,,,
1139,,이영한,Z,패,라르고,승,T,김지성,,,,,
1140,"ASL Season 12
16강",변현제,P,패,폴리포이드,승,Z,배병우,,,,,
1141,,박상현,Z,승,폴리포이드,패,T,정영재,,,,,
1142,,박상현,Z,패,리볼버,승,Z,배병우,,,,,
1143,,박상현,Z,승,어센션,패,Z,배병우,,,,,
1144,,박상현,Z,승,라르고,패,Z,배병우,,,,,
1145,,변현제,P,승,어센션,패,T,정영재,,,,,
1146,,변현제,P,승,리볼버,패,T,정영재,,,,,
1147,,변현제,P,승,이클립스,패,Z,배병우,,,,,
1148,,변현제,P,승,어센션,패,Z,배병우,,,,,
1149,,조일장,Z,승,폴리포이드,패,P,김범수,,,,,
1150,,윤용태,P,패,폴리포이드,승,T,김지성,,,,,
1151,,조일장,Z,승,어센션,패,T,김지성,,,,,
1152,,조일장,Z,패,리볼버,승,T,김지성,,,,,
1153,,조일장,Z,패,굿나잇,승,T,김지성,,,,,
1154,,윤용태,P,승,라르고,패,P,김범수,,,,,
1155,,윤용태,P,승,리볼버,패,P,김범수,,,,,
1156,,윤용태,P,패,이클립스,승,Z,조일장,,,,,
1157,,윤용태,P,패,굿나잇,승,Z,조일장,,,,,
1158,,김명운,Z,승,폴리포이드,패,P,송병구,,,,,
1159,,이재호,T,승,폴리포이드,패,P,장윤철,,,,,
1160,,이재호,T,승,레몬,패,Z,김명운,,,,,
1161,,이재호,T,승,어센션,패,Z,김명운,,,,,
1162,,송병구,P,승,레몬,패,P,장윤철,,,,,
1163,,송병구,P,패,리볼버,승,P,장윤철,,,,,
1164,,송병구,P,패,라르고,승,P,장윤철,,,,,
1165,,김명운,Z,승,굿나잇,패,P,장윤철,,,,,
1166,,김명운,Z,패,이클립스,승,P,장윤철,,,,,
1167,,김명운,Z,승,라르고,패,P,장윤철,,,,,
1168,,유영진,T,승,폴리포이드,패,T,황병영,,,,,
1169,,유진우,Z,패,폴리포이드,승,Z,김민철,,,,,
1170,,유영진,T,패,굿나잇,승,Z,김민철,,,,,
1171,,유영진,T,패,이클립스,승,Z,김민철,,,,,
1172,,유진우,Z,패,레몬,승,T,황병영,,,,,
1173,,유진우,Z,패,어센션,승,T,황병영,,,,,
1174,,유영진,T,승,어센션,패,T,황병영,,,,,
1175,,유영진,T,승,리볼버,패,T,황병영,,,,,
1176,"ASL Season 12
8강",김민철,Z,패,폴리포이드,승,Z,김명운,,,,,
1177,,김민철,Z,승,라르고,패,Z,김명운,,,,,
1178,,김민철,Z,승,어센션,패,Z,김명운,,,,,
1179,,김민철,Z,패,굿나잇,승,Z,김명운,,,,,
1180,,김민철,Z,패,리볼버,승,Z,김명운,,,,,
1181,,김지성,T,패,폴리포이드,승,P,변현제,,,,,
1182,,김지성,T,패,레몬,승,P,변현제,,,,,
1183,,김지성,T,패,리볼버,승,P,변현제,,,,,
1184,,박상현,Z,승,라르고,패,T,유영진,,,,,
1185,,박상현,Z,패,리볼버,승,T,유영진,,,,,
1186,,박상현,Z,패,폴리포이드,승,T,유영진,,,,,
1187,,박상현,Z,패,레몬,승,T,유영진,,,,,
1188,,이재호,T,패,리볼버,승,Z,조일장,,,,,
1189,,이재호,T,승,어센션,패,Z,조일장,,,,,
1190,,이재호,T,패,폴리포이드,승,Z,조일장,,,,,
1191,,이재호,T,패,굿나잇,승,Z,조일장,,,,,
1192,"ASL Season 12
4강",김명운,Z,패,이클립스,승,P,변현제,,,,,
1193,,김명운,Z,승,라르고,패,P,변현제,,,,,
1194,,김명운,Z,패,리볼버,승,P,변현제,,,,,
1195,,김명운,Z,패,폴리포이드,승,P,변현제,,,,,
1196,,김명운,Z,패,어센션,승,P,변현제,,,,,
1197,,유영진,T,승,폴리포이드,패,Z,조일장,,,,,
1198,,유영진,T,승,어센션,패,Z,조일장,,,,,
1199,,유영진,T,승,이클립스,패,Z,조일장,,,,,
1200,,유영진,T,패,굿나잇,승,Z,조일장,,,,,
1201,,유영진,T,승,라르고,패,Z,조일장,,,,,
1202,"ASL Season 12
3-4위전",김명운,Z,패,이클립스,승,Z,조일장,,,,,
1203,,김명운,Z,패,어센션,승,Z,조일장,,,,,
1204,,김명운,Z,승,폴리포이드,패,Z,조일장,,,,,
1205,,김명운,Z,패,굿나잇,승,Z,조일장,,,,,
1206,"ASL Season 12
결승전",변현제,P,승,레몬,패,T,유영진,,,,,
1207,,변현제,P,패,라르고,승,T,유영진,,,,,
1208,,변현제,P,승,이클립스,패,T,유영진,,,,,
1209,,변현제,P,승,굿나잇,패,T,유영진,,,,,
1210,,변현제,P,패,어센션,승,T,유영진,,,,,
1211,,변현제,P,패,폴리포이드,승,T,유영진,,,,,
1212,,변현제,P,승,리볼버,패,T,유영진,,,,,
1213,"ASL Season 13
24강",도재욱,P,승,이클립스,패,Z,유진우,,,,,
1214,,김윤중,P,승,이클립스,패,T,황병영,,,,,
1215,,김윤중,P,패,버터,승,P,도재욱,,,,,
1216,,유진우,Z,승,버터,패,T,황병영,,,,,
1217,,김윤중,P,승,버미어,패,Z,유진우,,,,,
1218,,이재호,T,승,이클립스,패,P,박지훈,,,,,
1219,,김택용,P,승,이클립스,패,Z,이예훈,,,,,
1220,,김택용,P,승,메타버스,패,T,이재호,,,,,
1221,,박지훈,P,패,메타버스,승,Z,이예훈,,,,,
1222,,이재호,T,승,알레그로,패,Z,이예훈,,,,,
1223,,정윤종,P,승,이클립스,패,T,정민기,,,,,
1224,,김성대,Z,승,이클립스,패,P,이경민,,,,,
1225,,김성대,Z,패,메타버스,승,P,정윤종,,,,,
1226,,정민기,T,패,모노폴리,승,P,이경민,,,,,
1227,,김성대,Z,승,버미어,패,P,이경민,,,,,
1228,,장윤철,P,패,이클립스,승,Z,김경모,,,,,
1229,,김지성,T,승,이클립스,패,P,김승현,,,,,
1230,,김지성,T,승,메타버스,패,Z,김경모,,,,,
1231,,장윤철,P,승,모노폴리,패,P,김승현,,,,,
1232,,장윤철,P,패,버미어,승,Z,김경모,,,,,
1233,,박상현,Z,승,이클립스,패,P,홍덕,,,,,
1234,,정영재,T,승,이클립스,패,T,최호선,,,,,
1235,,정영재,T,승,메타버스,패,Z,박상현,,,,,
1236,,홍덕,P,패,모노폴리,승,T,최호선,,,,,
1237,,박상현,Z,승,알레그로,패,T,최호선,,,,,
1238,,김민철,Z,승,이클립스,패,P,진영화,,,,,
1239,,윤찬희,T,패,이클립스,승,Z,이제동,,,,,
1240,,김민철,Z,패,버터,승,Z,이제동,,,,,
1241,,윤찬희,T,승,모노폴리,패,P,진영화,,,,,
1242,,윤찬희,T,패,버미어,승,Z,김민철,,,,,
1243,"ASL Season 13
16강",변현제,P,패,버미어,승,T,이재호,,,,,
1244,,김지성,T,패,버미어,승,P,정윤종,,,,,
1245,,이재호,T,패,이클립스,승,P,정윤종,,,,,
1246,,이재호,T,승,알레그로,패,P,정윤종,,,,,
1247,,이재호,T,패,리볼버 SE,승,P,정윤종,,,,,
1248,,김지성,T,패,이클립스,승,P,변현제,,,,,
1249,,김지성,T,승,메타버스,패,P,변현제,,,,,
1250,,김지성,T,패,리볼버 SE,승,P,변현제,,,,,
1251,,변현제,P,승,버터,패,T,이재호,,,,,
1252,,변현제,P,패,알레그로,승,T,이재호,,,,,
1253,,변현제,P,패,이클립스,승,T,이재호,,,,,
1254,,유영진,T,승,버미어,패,Z,김경모,,,,,
1255,,김성대,Z,승,버미어,패,P,김윤중,,,,,
1256,,김성대,Z,승,이클립스,패,T,유영진,,,,,
1257,,김성대,Z,승,버터,패,T,유영진,,,,,
1258,,김경모,Z,패,메타버스,승,P,김윤중,,,,,
1259,,김경모,Z,패,버터,승,P,김윤중,,,,,
1260,,유영진,T,승,버터,패,P,김윤중,,,,,
1261,,유영진,T,패,메타버스,승,P,김윤중,,,,,
1262,,유영진,T,승,알레그로,패,P,김윤중,,,,,
1263,,조일장,Z,패,버미어,승,T,정영재,,,,,
1264,,이제동,Z,승,버미어,패,Z,김민철,,,,,
1265,,이제동,Z,패,메타버스,승,T,정영재,,,,,
1266,,이제동,Z,패,모노폴리,승,T,정영재,,,,,
1267,,조일장,Z,패,알레그로,승,Z,김민철,,,,,
1268,,조일장,Z,패,버터,승,Z,김민철,,,,,
1269,,이제동,Z,패,버터,승,Z,김민철,,,,,
1270,,이제동,Z,패,이클립스,승,Z,김민철,,,,,
1271,,김명운,Z,패,버미어,승,P,김택용,,,,,
1272,,도재욱,P,패,버미어,승,Z,박상현,,,,,
1273,,김택용,P,패,이클립스,승,Z,박상현,,,,,
1274,,김택용,P,패,버터,승,Z,박상현,,,,,
1275,,도재욱,P,패,메타버스,승,Z,김명운,,,,,
1276,,도재욱,P,패,버터,승,Z,김명운,,,,,
1277,,김명운,Z,승,모노폴리,패,P,김택용,,,,,
1278,,김명운,Z,패,메타버스,승,P,김택용,,,,,
1279,,김명운,Z,패,이클립스,승,P,김택용,,,,,
1280,"ASL Season 13
8강",박상현,Z,승,모노폴리,패,T,유영진,,,,,
1281,,박상현,Z,승,버터,패,T,유영진,,,,,
1282,,박상현,Z,승,버미어,패,T,유영진,,,,,
1283,,김성대,Z,승,리볼버 SE,패,T,이재호,,,,,
1284,,김성대,Z,패,알레그로,승,T,이재호,,,,,
1285,,김성대,Z,패,이클립스,승,T,이재호,,,,,
1286,,김성대,Z,패,메타버스,승,T,이재호,,,,,
1287,,정영재,T,승,알레그로,패,P,김택용,,,,,
1288,,정영재,T,패,이클립스,승,P,김택용,,,,,
1289,,정영재,T,승,모노폴리,패,P,김택용,,,,,
1290,,정영재,T,패,리볼버 SE,승,P,김택용,,,,,
1291,,정영재,T,패,메타버스,승,P,김택용,,,,,
1292,,정윤종,P,패,리볼버 SE,승,Z,김민철,,,,,
1293,,정윤종,P,승,알레그로,패,Z,김민철,,,,,
1294,,정윤종,P,패,이클립스,승,Z,김민철,,,,,
1295,,정윤종,P,승,버미어,패,Z,김민철,,,,,
1296,,정윤종,P,승,버터,패,Z,김민철,,,,,
1297,"ASL Season 13
4강",이재호,T,승,알레그로,패,P,김택용,,,,,
1298,,이재호,T,승,이클립스,패,P,김택용,,,,,
1299,,이재호,T,패,모노폴리,승,P,김택용,,,,,
1300,,이재호,T,패,버터,승,P,김택용,,,,,
1301,,이재호,T,승,버미어,패,P,김택용,,,,,
1302,,이재호,T,승,리볼버 SE,패,P,김택용,,,,,
1303,,정윤종,P,승,리볼버 SE,패,Z,박상현,,,,,
1304,,정윤종,P,승,버미어,패,Z,박상현,,,,,
1305,,정윤종,P,패,버터,승,Z,박상현,,,,,
1306,,정윤종,P,패,알레그로,승,Z,박상현,,,,,
1307,,정윤종,P,승,이클립스,패,Z,박상현,,,,,
1308,,정윤종,P,승,모노폴리,패,Z,박상현,,,,,
1309,"ASL Season 13
3-4위전",박상현,Z,승,버미어,패,P,김택용,,,,,
1310,,박상현,Z,패,리볼버 SE,승,P,김택용,,,,,
1311,,박상현,Z,패,알레그로,승,P,김택용,,,,,
1312,,박상현,Z,승,이클립스,패,P,김택용,,,,,
1313,,박상현,Z,패,버터,승,P,김택용,,,,,
1314,"ASL Season 13
결승전",정윤종,P,패,이클립스,승,T,이재호,,,,,
1315,,정윤종,P,패,알레그로,승,T,이재호,,,,,
1316,,정윤종,P,패,리볼버 SE,승,T,이재호,,,,,
1317,,정윤종,P,패,버미어,승,T,이재호,,,,,
1318,"ASL Season 14
와일드카드",김성대,Z,승,메타버스,패,T,정영재,,,,,
1319,,김성대,Z,승,버미어 SE,패,T,정영재,,,,,
1320,,유영진,T,승,버터 2,패,Z,김민철,,,,,
1321,,유영진,T,승,버미어 SE,패,Z,김민철,,,,,
1322,,유영진,T,패,알레그로,승,Z,김성대,,,,,
1323,,유영진,T,승,메타버스,패,Z,김성대,,,,,
1324,,유영진,T,패,버미어 SE,승,Z,김성대,,,,,
1325,"ASL Season 14
24강",변현제,P,승,버터 2,패,T,임진묵,,,,,
1326,,도재욱,P,승,버터 2,패,Z,이예훈,,,,,
1327,,도재욱,P,승,알레그로,패,P,변현제,,,,,
1328,,임진묵,T,패,알레그로,승,Z,이예훈,,,,,
1329,,변현제,P,승,실피드 3,패,Z,이예훈,,,,,
1330,,조일장,Z,승,버터 2,패,Z,김경모,,,,,
1331,,김윤중,P,패,버터 2,승,T,황병영,,,,,
1332,,조일장,Z,승,알레그로,패,T,황병영,,,,,
1333,,김윤중,P,승,오디세이,패,Z,김경모,,,,,
1334,,김윤중,P,패,네메시스,승,T,황병영,,,,,
1335,,김명운,Z,승,버터 2,패,Z,한두열,,,,,
1336,,조기석,T,승,버터 2,패,T,김지성,,,,,
1337,,조기석,T,패,알레그로,승,Z,김명운,,,,,
1338,,한두열,Z,패,오디세이,승,T,김지성,,,,,
1339,,조기석,T,패,실피드 3,승,T,김지성,,,,,
1340,,김민철,Z,승,버터 2,패,Z,오진식,,,,,
1341,,정영재,T,패,버터 2,승,T,최호선,,,,,
1342,,김민철,Z,승,네오 알카노이드,패,T,최호선,,,,,
1343,,정영재,T,승,알레그로,패,Z,오진식,,,,,
1344,,정영재,T,패,버미어 SE,승,T,최호선,,,,,
1345,,장윤철,P,승,버터 2,패,T,구성훈,,,,,
1346,,이영한,Z,승,버터 2,패,Z,이제동,,,,,
1347,,이영한,Z,패,오디세이,승,P,장윤철,,,,,
1348,,구성훈,T,패,네오 알카노이드,승,Z,이제동,,,,,
1349,,이영한,Z,승,실피드 3,패,Z,이제동,,,,,
1350,,유영진,T,승,버터 2,패,P,윤용태,,,,,
1351,,윤찬희,T,패,버터 2,승,P,이경민,,,,,
1352,,유영진,T,승,알레그로,패,P,이경민,,,,,
1353,,윤찬희,T,승,알레그로,패,P,윤용태,,,,,
1354,,윤찬희,T,승,버미어 SE,패,P,이경민,,,,,
1355,"ASL Season 14
16강",이재호,T,승,버미어 SE,패,T,황병영,,,,,
1356,,윤찬희,T,패,버미어 SE,승,Z,이영한,,,,,
1357,,이재호,T,패,버터 2,승,Z,이영한,,,,,
1358,,이재호,T,승,오디세이,패,Z,이영한,,,,,
1359,,이재호,T,승,실피드 3,패,Z,이영한,,,,,
1360,,윤찬희,T,패,버터 2,승,T,황병영,,,,,
1361,,윤찬희,T,승,네메시스,패,T,황병영,,,,,
1362,,윤찬희,T,패,실피드 3,승,T,황병영,,,,,
1363,,황병영,T,승,오디세이,패,Z,이영한,,,,,
1364,,황병영,T,패,네메시스,승,Z,이영한,,,,,
1365,,황병영,T,패,버터 2,승,Z,이영한,,,,,
1366,,김택용,P,승,버미어 SE,패,T,최호선,,,,,
1367,,유영진,T,패,버미어 SE,승,P,도재욱,,,,,
1368,,김택용,P,패,실피드 3,승,P,도재욱,,,,,
1369,,김택용,P,승,버터 2,패,P,도재욱,,,,,
1370,,김택용,P,승,알레그로,패,P,도재욱,,,,,
1371,,유영진,T,승,오디세이,패,T,최호선,,,,,
1372,,유영진,T,승,버터 2,패,T,최호선,,,,,
1373,,유영진,T,패,실피드 3,승,P,도재욱,,,,,
1374,,유영진,T,승,버터 2,패,P,도재욱,,,,,
1375,,유영진,T,승,네메시스,패,P,도재욱,,,,,
1376,,박상현,Z,패,버미어 SE,승,P,장윤철,,,,,
1377,,김명운,Z,승,버미어 SE,패,Z,김민철,,,,,
1378,,김명운,Z,승,네오 알카노이드,패,P,장윤철,,,,,
1379,,김명운,Z,패,네메시스,승,P,장윤철,,,,,
1380,,김명운,Z,패,오디세이,승,P,장윤철,,,,,
1381,,박상현,Z,승,버터 2,패,Z,김민철,,,,,
1382,,박상현,Z,패,네메시스,승,Z,김민철,,,,,
1383,,박상현,Z,패,실피드 3,승,Z,김민철,,,,,
1384,,김명운,Z,패,네메시스,승,Z,김민철,,,,,
1385,,김명운,Z,패,오디세이,승,Z,김민철,,,,,
1386,,김성대,Z,패,버미어 SE,승,T,김지성,,,,,
1387,,조일장,Z,승,버미어 SE,패,P,변현제,,,,,
1388,,조일장,Z,패,버터 2,승,T,김지성,,,,,
1389,,조일장,Z,패,네메시스,승,T,김지성,,,,,
1390,,김성대,Z,패,네오 알카노이드,승,P,변현제,,,,,
1391,,김성대,Z,패,오디세이,승,P,변현제,,,,,
1392,,조일장,Z,패,실피드 3,승,P,변현제,,,,,
1393,,조일장,Z,승,네메시스,패,P,변현제,,,,,
1394,,조일장,Z,승,네오 알카노이드,패,P,변현제,,,,,
1395,"ASL Season 14
8강",김지성,T,승,알레그로,패,Z,이영한,,,,,
1396,,김지성,T,승,네오 알카노이드,패,Z,이영한,,,,,
1397,,김지성,T,승,버미어 SE,패,Z,이영한,,,,,
1398,,김택용,P,패,버터 2,승,Z,김민철,,,,,
1399,,김택용,P,승,버미어 SE,패,Z,김민철,,,,,
1400,,김택용,P,패,네메시스,승,Z,김민철,,,,,
1401,,김택용,P,승,실피드 3,패,Z,김민철,,,,,
1402,,김택용,P,패,오디세이,승,Z,김민철,,,,,
1403,,이재호,T,승,버터 2,패,T,유영진,,,,,
1404,,이재호,T,패,알레그로,승,T,유영진,,,,,
1405,,이재호,T,승,오디세이,패,T,유영진,,,,,
1406,,이재호,T,패,버미어 SE,승,T,유영진,,,,,
1407,,이재호,T,패,네메시스,승,T,유영진,,,,,
1408,,장윤철,P,패,오디세이,승,Z,조일장,,,,,
1409,,장윤철,P,패,알레그로,승,Z,조일장,,,,,
1410,,장윤철,P,패,네메시스,승,Z,조일장,,,,,
1411,"ASL Season 14
4강",김지성,T,패,네오 알카노이드,승,Z,김민철,,,,,
1412,,김지성,T,승,네메시스,패,Z,김민철,,,,,
1413,,김지성,T,승,버미어 SE,패,Z,김민철,,,,,
1414,,김지성,T,패,알레그로,승,Z,김민철,,,,,
1415,,김지성,T,승,오디세이,패,Z,김민철,,,,,
1416,,김지성,T,패,실피드 3,승,Z,김민철,,,,,
1417,,김지성,T,승,버터 2,패,Z,김민철,,,,,
1418,,유영진,T,패,오디세이,승,Z,조일장,,,,,
1419,,유영진,T,승,알레그로,패,Z,조일장,,,,,
1420,,유영진,T,승,네오 알카노이드,패,Z,조일장,,,,,
1421,,유영진,T,패,버미어 SE,승,Z,조일장,,,,,
1422,,유영진,T,패,네메시스,승,Z,조일장,,,,,
1423,,유영진,T,승,버터 2,패,Z,조일장,,,,,
1424,,유영진,T,승,실피드 3,패,Z,조일장,,,,,
1425,"ASL Season 14
3-4위전",김민철,Z,승,버터 2,패,Z,조일장,,,,,
1426,,김민철,Z,승,오디세이,패,Z,조일장,,,,,
1427,,김민철,Z,패,버미어 SE,승,Z,조일장,,,,,
1428,,김민철,Z,패,네메시스,승,Z,조일장,,,,,
1429,,김민철,Z,승,네오 알카노이드,패,Z,조일장,,,,,
1430,"ASL Season 14
결승전",김지성,T,승,알레그로,패,T,유영진,,,,,
1431,,김지성,T,패,네오 알카노이드,승,T,유영진,,,,,
1432,,김지성,T,승,버미어 SE,패,T,유영진,,,,,
1433,,김지성,T,승,오디세이,패,T,유영진,,,,,
1434,,김지성,T,패,실피드 3,승,T,유영진,,,,,
1435,,김지성,T,승,네메시스,패,T,유영진,,,,,
1436,"ASL Season 15
24강",변현제,P,승,신 단장의 능선,패,T,구성훈,,,,,
1437,,김성대,Z,승,신 단장의 능선,패,T,최호선,,,,,
1438,,김성대,Z,승,다크 오리진,패,P,변현제,,,,,
1439,,구성훈,T,패,다크 오리진,승,T,최호선,,,,,
1440,,변현제,P,패,레트로,승,T,최호선,,,,,
1441,,김택용,P,승,신 단장의 능선,패,Z,고석현,,,,,
1442,,조기석,T,패,신 단장의 능선,승,T,황병영,,,,,
1443,,김택용,P,승,다크 오리진,패,T,황병영,,,,,
1444,,조기석,T,패,다크 오리진,승,Z,고석현,,,,,
1445,,고석현,Z,패,버미어 SE,승,T,황병영,,,,,
1446,,박상현,Z,패,신 단장의 능선,승,T,김태영,,,,,
1447,,도재욱,P,승,신 단장의 능선,패,T,박성균,,,,,
1448,,도재욱,P,승,다크 오리진,패,T,김태영,,,,,
1449,,박상현,Z,패,다크 오리진,승,T,박성균,,,,,
1450,,김태영,T,패,버미어 SE,승,T,박성균,,,,,
1451,,장윤철,P,승,신 단장의 능선,패,T,정민기,,,,,
1452,,김윤중,P,패,신 단장의 능선,승,Z,이제동,,,,,
1453,,장윤철,P,승,다크 오리진,패,Z,이제동,,,,,
1454,,김윤중,P,패,76,승,T,정민기,,,,,
1455,,정민기,T,패,레트로,승,Z,이제동,,,,,
1456,,김명운,Z,승,신 단장의 능선,패,P,홍덕,,,,,
1457,,이영한,Z,승,신 단장의 능선,패,T,윤찬희,,,,,
1458,,이영한,Z,패,네메시스,승,Z,김명운,,,,,
1459,,홍덕,P,승,다크 오리진,패,T,윤찬희,,,,,
1460,,홍덕,P,패,실피드 3,승,Z,이영한,,,,,
1461,,이재호,T,승,신 단장의 능선,패,Z,이예훈,,,,,
1462,,정영재,T,패,신 단장의 능선,승,P,송병구,,,,,
1463,,이재호,T,승,다크 오리진,패,P,송병구,,,,,
1464,,정영재,T,승,네메시스,패,Z,이예훈,,,,,
1465,,정영재,T,승,실피드 3,패,P,송병구,,,,,
1466,"ASL Season 15
16강",김지성,T,패,실피드 3,승,Z,이영한,,,,,
1467,,이제동,Z,승,실피드 3,패,Z,김성대,,,,,
1468,,이제동,Z,패,네메시스,승,Z,이영한,,,,,
1469,,이제동,Z,승,레트로,패,Z,이영한,,,,,
1470,,이제동,Z,승,다크 오리진,패,Z,이영한,,,,,
1471,,김지성,T,패,다크 오리진,승,Z,김성대,,,,,
1472,,김지성,T,패,레트로,승,Z,김성대,,,,,
1473,,이영한,Z,패,네메시스,승,Z,김성대,,,,,
1474,,이영한,Z,패,버미어 SE,승,Z,김성대,,,,,
1475,,유영진,T,승,실피드 3,패,T,황병영,,,,,
1476,,김명운,Z,패,실피드 3,승,T,정영재,,,,,
1477,,유영진,T,패,다크 오리진,승,T,정영재,,,,,
1478,,유영진,T,승,네메시스,패,T,정영재,,,,,
1479,,유영진,T,패,신 단장의 능선,승,T,정영재,,,,,
1480,,김명운,Z,승,신 단장의 능선,패,T,황병영,,,,,
1481,,김명운,Z,승,다크 오리진,패,T,황병영,,,,,
1482,,김명운,Z,승,다크 오리진,패,T,유영진,,,,,
1483,,김명운,Z,패,신 단장의 능선,승,T,유영진,,,,,
1484,,김명운,Z,승,레트로,패,T,유영진,,,,,
1485,,김민철,Z,패,실피드 3,승,P,도재욱,,,,,
1486,,장윤철,P,패,실피드 3,승,T,이재호,,,,,
1487,,도재욱,P,패,레트로,승,T,이재호,,,,,
1488,,도재욱,P,승,76,패,T,이재호,,,,,
1489,,도재욱,P,승,네메시스,패,T,이재호,,,,,
1490,,장윤철,P,패,76,승,Z,김민철,,,,,
1491,,장윤철,P,패,다크 오리진,승,Z,김민철,,,,,
1492,,김민철,Z,패,네메시스,승,T,이재호,,,,,
1493,,김민철,Z,승,다크 오리진,패,T,이재호,,,,,
1494,,김민철,Z,승,버미어 SE,패,T,이재호,,,,,
1495,,조일장,Z,승,실피드 3,패,T,최호선,,,,,
1496,,박성균,T,승,실피드 3,패,P,김택용,,,,,
1497,,박성균,T,패,신 단장의 능선,승,Z,조일장,,,,,
1498,,박성균,T,승,레트로,패,Z,조일장,,,,,
1499,,박성균,T,승,네메시스,패,Z,조일장,,,,,
1500,,최호선,T,패,레트로,승,P,김택용,,,,,
1501,,최호선,T,패,76,승,P,김택용,,,,,
1502,,조일장,Z,승,다크 오리진,패,P,김택용,,,,,
1503,,조일장,Z,승,버미어 SE,패,P,김택용,,,,,
1504,"ASL Season 15
8강",도재욱,P,패,실피드 3,승,Z,김성대,,,,,
1505,,도재욱,P,승,신 단장의 능선,패,Z,김성대,,,,,
1506,,도재욱,P,승,네메시스,패,Z,김성대,,,,,
1507,,도재욱,P,승,버미어 SE,패,Z,김성대,,,,,
1508,,박성균,T,패,실피드 3,승,Z,김명운,,,,,
1509,,박성균,T,승,76,패,Z,김명운,,,,,
1510,,박성균,T,승,버미어 SE,패,Z,김명운,,,,,
1511,,박성균,T,패,다크 오리진,승,Z,김명운,,,,,
1512,,박성균,T,승,레트로,패,Z,김명운,,,,,
1513,,이제동,Z,패,실피드 3,승,Z,조일장,,,,,
1514,,이제동,Z,패,다크 오리진,승,Z,조일장,,,,,
1515,,이제동,Z,패,신 단장의 능선,승,Z,조일장,,,,,
1516,,정영재,T,승,버미어 SE,패,Z,김민철,,,,,
1517,,정영재,T,패,신 단장의 능선,승,Z,김민철,,,,,
1518,,정영재,T,승,실피드 3,패,Z,김민철,,,,,
1519,,정영재,T,패,다크 오리진,승,Z,김민철,,,,,
1520,,정영재,T,승,레트로,패,Z,김민철,,,,,
1521,"ASL Season 15
4강",도재욱,P,패,신 단장의 능선,승,T,박성균,,,,,
1522,,도재욱,P,패,버미어 SE,승,T,박성균,,,,,
1523,,도재욱,P,승,76,패,T,박성균,,,,,
1524,,도재욱,P,패,실피드 3,승,T,박성균,,,,,
1525,,도재욱,P,승,다크 오리진,패,T,박성균,,,,,
1526,,도재욱,P,패,레트로,승,T,박성균,,,,,
1527,,조일장,Z,승,실피드 3,패,T,정영재,,,,,
1528,,조일장,Z,승,신 단장의 능선,패,T,정영재,,,,,
1529,,조일장,Z,패,버미어 SE,승,T,정영재,,,,,
1530,,조일장,Z,패,다크 오리진,승,T,정영재,,,,,
1531,,조일장,Z,승,네메시스,패,T,정영재,,,,,
1532,,조일장,Z,패,레트로,승,T,정영재,,,,,
1533,,조일장,Z,패,76,승,T,정영재,,,,,
1534,"ASL Season 15
결승전",박성균,T,패,버미어 SE,승,T,정영재,,,,,
1535,,박성균,T,승,다크 오리진,패,T,정영재,,,,,
1536,,박성균,T,패,실피드 3,승,T,정영재,,,,,
1537,,박성균,T,패,신 단장의 능선,승,T,정영재,,,,,
1538,,박성균,T,패,레트로,승,T,정영재,,,,,
1539,"ASL Season 16
24강",변현제,P,승,아포칼립스,패,T,신상문,,,,,
1540,,박상현,Z,승,아포칼립스,패,T,윤찬희,,,,,
1541,,박상현,Z,승,인베이더,패,P,변현제,,,,,
1542,,신상문,T,승,라 캄파넬라,패,T,윤찬희,,,,,
1543,,변현제,P,승,네오 다크 오리진,패,T,신상문,,,,,
1544,,김민철,Z,패,아포칼립스,승,Z,김윤환,,,,,
1545,,정윤종,P,승,아포칼립스,패,T,염보성,,,,,
1546,,정윤종,P,패,인베이더,승,Z,김윤환,,,,,
1547,,김민철,Z,승,템페스트,패,T,염보성,,,,,
1548,,정윤종,P,패,레트로,승,Z,김민철,,,,,
1549,,장윤철,P,패,아포칼립스,승,Z,박준오,,,,,
1550,,김지성,T,패,아포칼립스,승,P,김윤중,,,,,
1551,,박준오,Z,승,템페스트,패,P,김윤중,,,,,
1552,,김지성,T,승,템페스트,패,P,장윤철,,,,,
1553,,김지성,T,승,레트로,패,P,김윤중,,,,,
1554,,이재호,T,승,아포칼립스,패,P,윤용태,,,,,
1555,,김성대,Z,승,아포칼립스,패,Z,김정우,,,,,
1556,,김성대,Z,승,라 캄파넬라,패,T,이재호,,,,,
1557,,윤용태,P,패,라 캄파넬라,승,Z,김정우,,,,,
1558,,이재호,T,패,레트로,승,Z,김정우,,,,,
1559,,김명운,Z,패,아포칼립스,승,T,김태영,,,,,
1560,,조기석,T,승,아포칼립스,패,Z,이제동,,,,,
1561,,조기석,T,승,인베이더,패,T,김태영,,,,,
1562,,김명운,Z,승,인베이더,패,Z,이제동,,,,,
1563,,김명운,Z,패,레트로,승,T,김태영,,,,,
1564,,유영진,T,승,아포칼립스,패,Z,인치호,,,,,
1565,,김택용,P,패,아포칼립스,승,P,송병구,,,,,
1566,,유영진,T,승,템페스트,패,P,송병구,,,,,
1567,,김택용,P,승,템페스트,패,Z,인치호,,,,,
1568,,김택용,P,승,폴리포이드,패,P,송병구,,,,,
1569,"ASL Season 16
16강",정영재,T,승,레트로,패,Z,김윤환,,,,,
1570,,박상현,Z,패,레트로,승,Z,김정우,,,,,
1571,,정영재,T,패,아포칼립스,승,Z,김정우,,,,,
1572,,정영재,T,패,네오 다크 오리진,승,Z,김정우,,,,,
1573,,박상현,Z,패,폴리포이드,승,Z,김윤환,,,,,
1574,,박상현,Z,승,아포칼립스,패,Z,김윤환,,,,,
1575,,박상현,Z,패,라 캄파넬라,승,Z,김윤환,,,,,
1576,,정영재,T,승,템페스트,패,Z,김윤환,,,,,
1577,,정영재,T,승,라 캄파넬라,패,Z,김윤환,,,,,
1578,,박성균,T,승,레트로,패,Z,박준오,,,,,
1579,,변현제,P,패,레트로,승,T,유영진,,,,,
1580,,박성균,T,승,폴리포이드,패,T,유영진,,,,,
1581,,박성균,T,패,라 캄파넬라,승,T,유영진,,,,,
1582,,박성균,T,패,아포칼립스,승,T,유영진,,,,,
1583,,변현제,P,승,아포칼립스,패,Z,박준오,,,,,
1584,,변현제,P,승,폴리포이드,패,Z,박준오,,,,,
1585,,변현제,P,승,폴리포이드,패,T,박성균,,,,,
1586,,변현제,P,패,템페스트,승,T,박성균,,,,,
1587,,변현제,P,승,인베이더,패,T,박성균,,,,,
1588,,조일장,Z,승,레트로,패,T,김태영,,,,,
1589,,김민철,Z,승,레트로,패,P,김택용,,,,,
1590,,김민철,Z,패,폴리포이드,승,Z,조일장,,,,,
1591,,김민철,Z,승,인베이더,패,Z,조일장,,,,,
1592,,김민철,Z,승,네오 다크 오리진,패,Z,조일장,,,,,
1593,,김태영,T,패,템페스트,승,P,김택용,,,,,
1594,,김태영,T,승,폴리포이드,패,P,김택용,,,,,
1595,,김태영,T,승,인베이더,패,P,김택용,,,,,
1596,,조일장,Z,승,네오 다크 오리진,패,T,김태영,,,,,
1597,,조일장,Z,승,폴리포이드,패,T,김태영,,,,,
1598,,도재욱,P,패,레트로,승,T,조기석,,,,,
1599,,김성대,Z,승,레트로,패,T,김지성,,,,,
1600,,김성대,Z,승,인베이더,패,T,조기석,,,,,
1601,,김성대,Z,패,네오 다크 오리진,승,T,조기석,,,,,
1602,,김성대,Z,패,아포칼립스,승,T,조기석,,,,,
1603,,도재욱,P,승,템페스트,패,T,김지성,,,,,
1604,,도재욱,P,승,아포칼립스,패,T,김지성,,,,,
1605,,김성대,Z,패,템페스트,승,P,도재욱,,,,,
1606,,김성대,Z,승,인베이더,패,P,도재욱,,,,,
1607,,김성대,Z,승,네오 다크 오리진,패,P,도재욱,,,,,
1608,"ASL Season 16
8강",유영진,T,승,폴리포이드,패,Z,조일장,,,,,
1609,,유영진,T,승,네오 다크 오리진,패,Z,조일장,,,,,
1610,,유영진,T,승,라 캄파넬라,패,Z,조일장,,,,,
1611,,김민철,Z,패,템페스트,승,T,정영재,,,,,
1612,,김민철,Z,패,폴리포이드,승,T,정영재,,,,,
1613,,김민철,Z,승,인베이더,패,T,정영재,,,,,
1614,,김민철,Z,승,레트로,패,T,정영재,,,,,
1615,,김민철,Z,승,라 캄파넬라,패,T,정영재,,,,,
1616,,조기석,T,승,폴리포이드,패,P,변현제,,,,,
1617,,조기석,T,패,네오 다크 오리진,승,P,변현제,,,,,
1618,,조기석,T,패,라 캄파넬라,승,P,변현제,,,,,
1619,,조기석,T,패,인베이더,승,P,변현제,,,,,
1620,,김정우,Z,승,폴리포이드,패,Z,김성대,,,,,
1621,,김정우,Z,승,네오 다크 오리진,패,Z,김성대,,,,,
1622,,김정우,Z,승,인베이더,패,Z,김성대,,,,,
1623,"ASL Season 16
4강",유영진,T,승,폴리포이드,패,Z,김민철,,,,,
1624,,유영진,T,승,인베이더,패,Z,김민철,,,,,
1625,,유영진,T,패,아포칼립스,승,Z,김민철,,,,,
1626,,유영진,T,패,템페스트,승,Z,김민철,,,,,
1627,,유영진,T,승,라 캄파넬라,패,Z,김민철,,,,,
1628,,유영진,T,패,네오 다크 오리진,승,Z,김민철,,,,,
1629,,유영진,T,패,레트로,승,Z,김민철,,,,,
1630,,변현제,P,승,인베이더,패,Z,김정우,,,,,
1631,,변현제,P,승,레트로,패,Z,김정우,,,,,
1632,,변현제,P,승,아포칼립스,패,Z,김정우,,,,,
1633,,변현제,P,승,폴리포이드,패,Z,김정우,,,,,
1634,"ASL Season 16
결승전",김민철,Z,승,템페스트,패,P,변현제,,,,,
1635,,김민철,Z,승,라 캄파넬라,패,P,변현제,,,,,
1636,,김민철,Z,승,네오 다크 오리진,패,P,변현제,,,,,
1637,,김민철,Z,패,레트로,승,P,변현제,,,,,
1638,,김민철,Z,승,인베이더,패,P,변현제,,,,,
1639,"ASL Season 17
와일드카드",조기석,T,승,레트로,패,T,정영재,,,,,
1640,,조기석,T,패,라 캄파넬라,승,T,정영재,,,,,
1641,,조기석,T,승,폴리포이드,패,T,정영재,,,,,
1642,,조일장,Z,패,라 캄파넬라,승,Z,김성대,,,,,
1643,,조일장,Z,패,레트로,승,Z,김성대,,,,,
1644,,조기석,T,승,인베이더,패,Z,김성대,,,,,
1645,,조기석,T,승,라 캄파넬라,패,Z,김성대,,,,,
1646,"ASL Season 17
24강",이재호,T,승,라데온,패,Z,서문지훈,,,,,
1647,,김택용,P,승,라데온,패,T,염보성,,,,,
1648,,김택용,P,승,트로이 SE,패,T,이재호,,,,,
1649,,서문지훈,Z,패,시타델,승,T,염보성,,,,,
1650,,이재호,T,승,레트로,패,T,염보성,,,,,
1651,,조일장,Z,승,라데온,패,Z,박준오,,,,,
1652,,박성균,T,승,라데온,패,P,송병구,,,,,
1653,,박성균,T,승,블리츠 Y,패,Z,조일장,,,,,
1654,,박준오,Z,패,블리츠 Y,승,P,송병구,,,,,
1655,,조일장,Z,승,레트로,패,P,송병구,,,,,
1656,,도재욱,P,승,라데온,패,T,윤종현,,,,,
1657,,김성대,Z,승,라데온,패,T,최호선,,,,,
1658,,김성대,Z,패,시타델,승,P,도재욱,,,,,
1659,,윤종현,T,패,블리츠 Y,승,T,최호선,,,,,
1660,,김성대,Z,승,레트로,패,T,최호선,,,,,
1661,,정영재,T,승,라데온,패,T,전태양,,,,,
1662,,김윤중,P,승,라데온,패,Z,이제동,,,,,
1663,,김윤중,P,패,블리츠 Y,승,T,정영재,,,,,
1664,,전태양,T,승,블리츠 Y,패,Z,이제동,,,,,
1665,,김윤중,P,승,레트로,패,T,전태양,,,,,
1666,,장윤철,P,승,라데온,패,T,이영웅,,,,,
1667,,윤찬희,T,패,라데온,승,Z,이영한,,,,,
1668,,장윤철,P,승,시타델,패,Z,이영한,,,,,
1669,,이영웅,T,패,블리츠 Y,승,T,윤찬희,,,,,
1670,,윤찬희,T,승,아포칼립스,패,Z,이영한,,,,,
1671,,김지성,T,패,라데온,승,Z,유진우,,,,,
1672,,정윤종,P,패,라데온,승,T,황병영,,,,,
1673,,유진우,Z,패,시타델,승,T,황병영,,,,,
1674,,정윤종,P,패,블리츠 Y,승,T,김지성,,,,,
1675,,김지성,T,승,레트로,패,Z,유진우,,,,,
1676,"ASL Season 17
16강",김민철,Z,승,아포칼립스,패,T,윤찬희,,,,,
1677,,김택용,P,승,아포칼립스,패,T,정영재,,,,,
1678,,김택용,P,패,블리츠 Y,승,Z,김민철,,,,,
1679,,김택용,P,패,시타델,승,Z,김민철,,,,,
1680,,윤찬희,T,패,네오 다크 오리진,승,T,정영재,,,,,
1681,,윤찬희,T,승,블리츠 Y,패,T,정영재,,,,,
1682,,윤찬희,T,패,라데온,승,T,정영재,,,,,
1683,,김택용,P,승,네오 다크 오리진,패,T,정영재,,,,,
1684,,김택용,P,승,레트로,패,T,정영재,,,,,
1685,,변현제,P,패,아포칼립스,승,T,황병영,,,,,
1686,,김지성,T,패,아포칼립스,승,Z,조일장,,,,,
1687,,황병영,T,패,라데온,승,Z,조일장,,,,,
1688,,황병영,T,패,네오 다크 오리진,승,Z,조일장,,,,,
1689,,김지성,T,패,네오 다크 오리진,승,P,변현제,,,,,
1690,,김지성,T,패,레트로,승,P,변현제,,,,,
1691,,변현제,P,승,시타델,패,T,황병영,,,,,
1692,,변현제,P,승,레트로,패,T,황병영,,,,,
1693,,유영진,T,승,아포칼립스,패,P,김윤중,,,,,
1694,,도재욱,P,승,아포칼립스,패,T,이재호,,,,,
1695,,도재욱,P,승,네오 다크 오리진,패,T,유영진,,,,,
1696,,도재욱,P,패,블리츠 Y,승,T,유영진,,,,,
1697,,도재욱,P,승,라데온,패,T,유영진,,,,,
1698,,김윤중,P,승,레트로,패,T,이재호,,,,,
1699,,김윤중,P,패,네오 다크 오리진,승,T,이재호,,,,,
1700,,김윤중,P,승,트로이 SE,패,T,이재호,,,,,
1701,,유영진,T,승,라데온,패,P,김윤중,,,,,
1702,,유영진,T,승,네오 다크 오리진,패,P,김윤중,,,,,
1703,,조기석,T,승,아포칼립스,패,T,박성균,,,,,
1704,,김성대,Z,패,아포칼립스,승,P,장윤철,,,,,
1705,,조기석,T,승,레트로,패,P,장윤철,,,,,
1706,,조기석,T,패,시타델,승,P,장윤철,,,,,
1707,,조기석,T,패,네오 다크 오리진,승,P,장윤철,,,,,
1708,,김성대,Z,패,라데온,승,T,박성균,,,,,
1709,,김성대,Z,패,블리츠 Y,승,T,박성균,,,,,
1710,,조기석,T,승,시타델,패,T,박성균,,,,,
1711,,조기석,T,승,레트로,패,T,박성균,,,,,
1712,"ASL Season 17
8강",도재욱,P,패,라데온,승,T,조기석,,,,,
1713,,도재욱,P,승,블리츠 Y,패,T,조기석,,,,,
1714,,도재욱,P,패,시타델,승,T,조기석,,,,,
1715,,도재욱,P,패,아포칼립스,승,T,조기석,,,,,
1716,,조일장,Z,패,트로이 SE,승,T,유영진,,,,,
1717,,조일장,Z,승,시타델,패,T,유영진,,,,,
1718,,조일장,Z,승,네오 다크 오리진,패,T,유영진,,,,,
1719,,조일장,Z,승,라데온,패,T,유영진,,,,,
1720,,장윤철,P,승,네오 다크 오리진,패,P,김택용,,,,,
1721,,장윤철,P,승,아포칼립스,패,P,김택용,,,,,
1722,,장윤철,P,승,시타델,패,P,김택용,,,,,
1723,,김민철,Z,패,라데온,승,P,변현제,,,,,
1724,,김민철,Z,패,트로이 SE,승,P,변현제,,,,,
1725,,김민철,Z,승,네오 다크 오리진,패,P,변현제,,,,,
1726,,김민철,Z,승,블리츠 Y,패,P,변현제,,,,,
1727,,김민철,Z,승,레트로,패,P,변현제,,,,,
1728,"ASL Season 17
4강",조기석,T,승,시타델,패,Z,조일장,,,,,
1729,,조기석,T,패,트로이 SE,승,Z,조일장,,,,,
1730,,조기석,T,패,레트로,승,Z,조일장,,,,,
1731,,조기석,T,패,네오 다크 오리진,승,Z,조일장,,,,,
1732,,조기석,T,패,아포칼립스,승,Z,조일장,,,,,
1733,,장윤철,P,승,네오 다크 오리진,패,Z,김민철,,,,,
1734,,장윤철,P,승,레트로,패,Z,김민철,,,,,
1735,,장윤철,P,패,블리츠 Y,승,Z,김민철,,,,,
1736,,장윤철,P,패,시타델,승,Z,김민철,,,,,
1737,,장윤철,P,패,트로이 SE,승,Z,김민철,,,,,
1738,,장윤철,P,패,라데온,승,Z,김민철,,,,,
1739,"ASL Season 17
결승전",조일장,Z,승,라데온,패,Z,김민철,,,,,
1740,,조일장,Z,패,네오 다크 오리진,승,Z,김민철,,,,,
1741,,조일장,Z,패,아포칼립스,승,Z,김민철,,,,,
1742,,조일장,Z,패,레트로,승,Z,김민철,,,,,
1743,,조일장,Z,승,시타델,패,Z,김민철,,,,,
1744,,조일장,Z,승,트로이 SE,패,Z,김민철,,,,,
1745,,조일장,Z,패,블리츠 Y,승,Z,김민철,,,,,
1746,"ASL Season 18
24강",김명운,Z,승,도미네이터,패,T,문태호,,,,,
1747,,정윤종,P,패,도미네이터,승,T,황병영,,,,,
1748,,김명운,Z,패,데자뷰,승,T,황병영,,,,,
1749,,정윤종,P,승,킥백,패,T,문태호,,,,,
1750,,정윤종,P,승,라데온,패,Z,김명운,,,,,
1751,,변현제,P,승,도미네이터,패,T,유승곤,,,,,
1752,,김택용,P,승,도미네이터,패,T,최호선,,,,,
1753,,김택용,P,승,데자뷰,패,P,변현제,,,,,
1754,,유승곤,T,패,데자뷰,승,T,최호선,,,,,
1755,,변현제,P,승,라데온,패,T,최호선,,,,,
1756,,유영진,T,승,도미네이터,패,P,원선재,,,,,
1757,,김지성,T,패,도미네이터,승,Z,이예훈,,,,,
1758,,유영진,T,승,킥백,패,Z,이예훈,,,,,
1759,,김지성,T,승,민스트럴,패,P,원선재,,,,,
1760,,김지성,T,승,판테온,패,Z,이예훈,,,,,
1761,,도재욱,P,패,도미네이터,승,T,이영웅,,,,,
1762,,김성대,Z,패,도미네이터,승,T,염보성,,,,,
1763,,이영웅,T,승,민스트럴,패,T,염보성,,,,,
1764,,김성대,Z,승,데자뷰,패,P,도재욱,,,,,
1765,,김성대,Z,패,몬티홀 SE,승,T,염보성,,,,,
1766,,이재호,T,승,도미네이터,패,P,윤수철,,,,,
1767,,이영한,Z,패,도미네이터,승,Z,이제동,,,,,
1768,,이재호,T,승,데자뷰,패,Z,이제동,,,,,
1769,,이영한,Z,승,데자뷰,패,P,윤수철,,,,,
1770,,이영한,Z,패,라데온,승,Z,이제동,,,,,
1771,,정영재,T,승,도미네이터,패,P,윤용태,,,,,
1772,,박성균,T,패,도미네이터,승,P,송병구,,,,,
1773,,정영재,T,패,킥백,승,P,송병구,,,,,
1774,,박성균,T,승,킥백,패,P,윤용태,,,,,
1775,,박성균,T,패,라데온,승,T,정영재,,,,,
1776,"ASL Season 18
16강",김민철,Z,승,라데온,패,T,염보성,,,,,
1777,,유영진,T,승,라데온,패,T,정영재,,,,,
1778,,유영진,T,패,데자뷰,승,Z,김민철,,,,,
1779,,유영진,T,패,몬티홀 SE,승,Z,김민철,,,,,
1780,,염보성,T,패,데자뷰,승,T,정영재,,,,,
1781,,염보성,T,패,판테온,승,T,정영재,,,,,
1782,,유영진,T,패,킥백,승,T,정영재,,,,,
1783,,유영진,T,승,판테온,패,T,정영재,,,,,
1784,,유영진,T,승,민스트럴,패,T,정영재,,,,,
1785,,조일장,Z,패,라데온,승,T,황병영,,,,,
1786,,이제동,Z,패,라데온,승,P,김택용,,,,,
1787,,황병영,T,승,킥백,패,P,김택용,,,,,
1788,,황병영,T,승,데자뷰,패,P,김택용,,,,,
1789,,이제동,Z,패,몬티홀 SE,승,Z,조일장,,,,,
1790,,이제동,Z,승,판테온,패,Z,조일장,,,,,
1791,,이제동,Z,패,민스트럴,승,Z,조일장,,,,,
1792,,조일장,Z,승,도미네이터,패,P,김택용,,,,,
1793,,조일장,Z,패,데자뷰,승,P,김택용,,,,,
1794,,조일장,Z,승,판테온,패,P,김택용,,,,,
1795,,장윤철,P,패,라데온,승,T,이영웅,,,,,
1796,,정윤종,P,승,라데온,패,P,변현제,,,,,
1797,,정윤종,P,승,민스트럴,패,T,이영웅,,,,,
1798,,정윤종,P,승,도미네이터,패,T,이영웅,,,,,
1799,,장윤철,P,승,데자뷰,패,P,변현제,,,,,
1800,,장윤철,P,승,민스트럴,패,P,변현제,,,,,
1801,,장윤철,P,승,도미네이터,패,T,이영웅,,,,,
1802,,장윤철,P,패,판테온,승,T,이영웅,,,,,
1803,,장윤철,P,승,민스트럴,패,T,이영웅,,,,,
1804,,조기석,T,승,라데온,패,P,송병구,,,,,
1805,,김지성,T,승,라데온,패,T,이재호,,,,,
1806,,김지성,T,패,데자뷰,승,T,조기석,,,,,
1807,,김지성,T,패,도미네이터,승,T,조기석,,,,,
1808,,송병구,P,패,도미네이터,승,T,이재호,,,,,
1809,,송병구,P,패,데자뷰,승,T,이재호,,,,,
1810,,김지성,T,패,킥백,승,T,이재호,,,,,
1811,,김지성,T,승,도미네이터,패,T,이재호,,,,,
1812,,김지성,T,패,민스트럴,승,T,이재호,,,,,
1813,"ASL Season 18
8강",황병영,T,패,데자뷰,승,P,장윤철,,,,,
1814,,황병영,T,패,민스트럴,승,P,장윤철,,,,,
1815,,황병영,T,승,판테온,패,P,장윤철,,,,,
1816,,황병영,T,패,도미네이터,승,P,장윤철,,,,,
1817,,황병영,T,패,라데온,승,P,장윤철,,,,,
1818,,김민철,Z,패,라데온,승,T,이재호,,,,,
1819,,김민철,Z,승,판테온,패,T,이재호,,,,,
1820,,김민철,Z,승,킥백,패,T,이재호,,,,,
1821,,김민철,Z,패,데자뷰,승,T,이재호,,,,,
1822,,김민철,Z,승,도미네이터,패,T,이재호,,,,,
1823,,김민철,Z,승,민스트럴,패,T,이재호,,,,,
1824,,정윤종,P,승,민스트럴,패,T,유영진,,,,,
1825,,정윤종,P,승,라데온,패,T,유영진,,,,,
1826,,정윤종,P,승,킥백,패,T,유영진,,,,,
1827,,정윤종,P,승,판테온,패,T,유영진,,,,,
1828,,조기석,T,승,판테온,패,Z,조일장,,,,,
1829,,조기석,T,승,라데온,패,Z,조일장,,,,,
1830,,조기석,T,패,민스트럴,승,Z,조일장,,,,,
1831,,조기석,T,승,데자뷰,패,Z,조일장,,,,,
1832,,조기석,T,패,킥백,승,Z,조일장,,,,,
1833,,조기석,T,승,몬티홀 SE,패,Z,조일장,,,,,
1834,"ASL Season 18
4강",장윤철,P,패,민스트럴,승,Z,김민철,,,,,
1835,,장윤철,P,패,몬티홀 SE,승,Z,김민철,,,,,
1836,,장윤철,P,패,판테온,승,Z,김민철,,,,,
1837,,장윤철,P,패,킥백,승,Z,김민철,,,,,
1838,,정윤종,P,패,민스트럴,승,T,조기석,,,,,
1839,,정윤종,P,패,판테온,승,T,조기석,,,,,
1840,,정윤종,P,승,킥백,패,T,조기석,,,,,
1841,,정윤종,P,패,라데온,승,T,조기석,,,,,
1842,,정윤종,P,패,몬티홀 SE,승,T,조기석,,,,,
1843,"ASL Season 18
결승전",김민철,Z,승,판테온,패,T,조기석,,,,,
1844,,김민철,Z,승,도미네이터,패,T,조기석,,,,,
1845,,김민철,Z,패,데자뷰,승,T,조기석,,,,,
1846,,김민철,Z,승,킥백,패,T,조기석,,,,,
1847,,김민철,Z,승,민스트럴,패,T,조기석,,,,,
1848,"ASL Season 19
24강",변현제,P,승,이클립스,패,T,유승곤,,,,,
1849,,김윤중,P,패,이클립스,승,Z,김윤환,,,,,
1850,,변현제,P,승,메트로폴리스,패,Z,김윤환,,,,,
1851,,김윤중,P,패,폴스타,승,T,유승곤,,,,,
1852,,유승곤,T,승,도미네이터 SE,패,Z,김윤환,,,,,
1853,,유영진,T,승,이클립스,패,Z,고석현,,,,,
1854,,김지성,T,패,이클립스,승,T,이영웅,,,,,
1855,,유영진,T,패,메트로폴리스,승,T,이영웅,,,,,
1856,,김지성,T,패,폴스타,승,Z,고석현,,,,,
1857,,유영진,T,승,라데온,패,Z,고석현,,,,,
1858,,도재욱,P,패,이클립스,승,Z,방태수,,,,,
1859,,박성균,T,패,이클립스,승,T,황병영,,,,,
1860,,방태수,Z,패,메트로폴리스,승,T,황병영,,,,,
1861,,박성균,T,패,폴스타,승,P,도재욱,,,,,
1862,,도재욱,P,승,데자뷰 SE,패,Z,방태수,,,,,
1863,,이재호,T,승,이클립스,패,P,박지훈,,,,,
1864,,김택용,P,패,이클립스,승,Z,박준오,,,,,
1865,,이재호,T,승,폴스타,패,Z,박준오,,,,,
1866,,김택용,P,승,메트로폴리스,패,P,박지훈,,,,,
1867,,김택용,P,승,라데온,패,Z,박준오,,,,,
1868,,김명운,Z,승,이클립스,패,T,김영진,,,,,
1869,,이제동,Z,패,이클립스,승,P,송병구,,,,,
1870,,김명운,Z,승,메트로폴리스,패,P,송병구,,,,,
1871,,이제동,Z,승,폴스타,패,T,김영진,,,,,
1872,,이제동,Z,승,데자뷰 SE,패,P,송병구,,,,,
1873,,조일장,Z,승,이클립스,패,P,윤수철,,,,,
1874,,김성대,Z,패,이클립스,승,T,최호선,,,,,
1875,,조일장,Z,승,폴스타,패,T,최호선,,,,,
1876,,김성대,Z,승,메트로폴리스,패,P,윤수철,,,,,
1877,,김성대,Z,승,라데온,패,T,최호선,,,,,
1878,"ASL Season 19
16강",김민철,Z,승,메트로폴리스,패,T,유승곤,,,,,
1879,,황병영,T,패,메트로폴리스,승,T,이재호,,,,,
1880,,김민철,Z,승,라데온,패,T,이재호,,,,,
1881,,김민철,Z,패,데자뷰 SE,승,T,이재호,,,,,
1882,,김민철,Z,승,데스 밸리,패,T,이재호,,,,,
1883,,황병영,T,승,폴스타,패,T,유승곤,,,,,
1884,,황병영,T,승,이클립스,패,T,유승곤,,,,,
1885,,황병영,T,패,라데온,승,T,이재호,,,,,
1886,,황병영,T,패,폴스타,승,T,이재호,,,,,
1887,,조기석,T,패,메트로폴리스,승,T,이영웅,,,,,
1888,,이제동,Z,승,메트로폴리스,패,P,도재욱,,,,,
1889,,이제동,Z,승,데자뷰 SE,패,T,이영웅,,,,,
1890,,이제동,Z,승,도미네이터 SE,패,T,이영웅,,,,,
1891,,조기석,T,패,이클립스,승,P,도재욱,,,,,
1892,,조기석,T,패,도미네이터 SE,승,P,도재욱,,,,,
1893,,이영웅,T,패,데자뷰 SE,승,P,도재욱,,,,,
1894,,이영웅,T,패,이클립스,승,P,도재욱,,,,,
1895,,정윤종,P,승,메트로폴리스,패,Z,김성대,,,,,
1896,,김택용,P,패,메트로폴리스,승,Z,김명운,,,,,
1897,,정윤종,P,패,라데온,승,Z,김명운,,,,,
1898,,정윤종,P,패,폴스타,승,Z,김명운,,,,,
1899,,김택용,P,패,도미네이터 SE,승,Z,김성대,,,,,
1900,,김택용,P,패,이클립스,승,Z,김성대,,,,,
1901,,정윤종,P,승,이클립스,패,Z,김성대,,,,,
1902,,정윤종,P,패,라데온,승,Z,김성대,,,,,
1903,,정윤종,P,승,폴스타,패,Z,김성대,,,,,
1904,,장윤철,P,승,메트로폴리스,패,T,유영진,,,,,
1905,,조일장,Z,패,메트로폴리스,승,P,변현제,,,,,
1906,,장윤철,P,승,도미네이터 SE,패,P,변현제,,,,,
1907,,장윤철,P,승,데자뷰 SE,패,P,변현제,,,,,
1908,,조일장,Z,패,데자뷰 SE,승,T,유영진,,,,,
1909,,조일장,Z,승,라데온,패,T,유영진,,,,,
1910,,조일장,Z,패,이클립스,승,T,유영진,,,,,
1911,,유영진,T,승,도미네이터 SE,패,P,변현제,,,,,
1912,,유영진,T,승,폴스타,패,P,변현제,,,,,
1913,"ASL Season 19
8강",김명운,Z,패,메트로폴리스,승,P,도재욱,,,,,
1914,,김명운,Z,승,이클립스,패,P,도재욱,,,,,
1915,,김명운,Z,승,도미네이터 SE,패,P,도재욱,,,,,
1916,,김명운,Z,승,데스 밸리,패,P,도재욱,,,,,
1917,,김명운,Z,패,라데온,승,P,도재욱,,,,,
1918,,김명운,Z,패,데자뷰 SE,승,P,도재욱,,,,,
1919,,김명운,Z,패,폴스타,승,P,도재욱,,,,,
1920,,이제동,Z,패,도미네이터 SE,승,T,이재호,,,,,
1921,,이제동,Z,패,데자뷰 SE,승,T,이재호,,,,,
1922,,이제동,Z,패,라데온,승,T,이재호,,,,,
1923,,이제동,Z,승,폴스타,패,T,이재호,,,,,
1924,,이제동,Z,패,메트로폴리스,승,T,이재호,,,,,
1925,,장윤철,P,승,데스 밸리,패,P,정윤종,,,,,
1926,,장윤철,P,패,이클립스,승,P,정윤종,,,,,
1927,,장윤철,P,승,메트로폴리스,패,P,정윤종,,,,,
1928,,장윤철,P,승,데자뷰 SE,패,P,정윤종,,,,,
1929,,장윤철,P,패,폴스타,승,P,정윤종,,,,,
1930,,장윤철,P,승,도미네이터 SE,패,P,정윤종,,,,,
1931,,김민철,Z,패,메트로폴리스,승,T,유영진,,,,,
1932,,김민철,Z,승,폴스타,패,T,유영진,,,,,
1933,,김민철,Z,승,도미네이터 SE,패,T,유영진,,,,,
1934,,김민철,Z,승,데자뷰 SE,패,T,유영진,,,,,
1935,,김민철,Z,승,데스 밸리,패,T,유영진,,,,,
1936,"ASL Season 19
4강",도재욱,P,패,데자뷰 SE,승,T,이재호,,,,,
1937,,도재욱,P,패,데스 밸리,승,T,이재호,,,,,
1938,,도재욱,P,승,폴스타,패,T,이재호,,,,,
1939,,도재욱,P,승,이클립스,패,T,이재호,,,,,
1940,,도재욱,P,승,도미네이터 SE,패,T,이재호,,,,,
1941,,도재욱,P,패,라데온,승,T,이재호,,,,,
1942,,도재욱,P,승,메트로폴리스,패,T,이재호,,,,,
1943,,장윤철,P,패,메트로폴리스,승,Z,김민철,,,,,
1944,,장윤철,P,승,이클립스,패,Z,김민철,,,,,
1945,,장윤철,P,승,도미네이터 SE,패,Z,김민철,,,,,
1946,,장윤철,P,패,데스 밸리,승,Z,김민철,,,,,
1947,,장윤철,P,승,데자뷰 SE,패,Z,김민철,,,,,
1948,,장윤철,P,패,폴스타,승,Z,김민철,,,,,
1949,,장윤철,P,패,라데온,승,Z,김민철,,,,,
1950,"ASL Season 19
결승전",도재욱,P,패,이클립스,승,Z,김민철,,,,,
1951,,도재욱,P,승,메트로폴리스,패,Z,김민철,,,,,
1952,,도재욱,P,패,데스 밸리,승,Z,김민철,,,,,
1953,,도재욱,P,승,라데온,패,Z,김민철,,,,,
1954,,도재욱,P,승,데자뷰 SE,패,Z,김민철,,,,,
1955,,도재욱,P,패,도미네이터 SE,승,Z,김민철,,,,,
1956,,도재욱,P,패,폴스타,승,Z,김민철,,,,,
1957,"ASL Season 20
24강",조기석,T,승,도미네이터 SE,패,T,김태영,,,,,
1958,,임홍규,Z,승,도미네이터 SE,패,P,송병구,,,,,
1959,,임홍규,Z,승,울돌목,패,T,조기석,,,,,
1960,,김태영,T,승,녹아웃,패,P,송병구,,,,,
1961,,조기석,T,승,폴스타,패,T,김태영,,,,,
1962,,정영재,T,패,도미네이터 SE,승,T,전태양,,,,,
1963,,김택용,P,승,도미네이터 SE,패,T,이영웅,,,,,
1964,,김택용,P,승,리트머스,패,T,전태양,,,,,
1965,,정영재,T,패,리트머스,승,T,이영웅,,,,,
1966,,전태양,T,패,폴스타,승,T,이영웅,,,,,
1967,,변현제,P,승,도미네이터 SE,패,Z,이창우,,,,,
1968,,박상현,Z,승,도미네이터 SE,패,T,최호선,,,,,
1969,,박상현,Z,승,녹아웃,패,P,변현제,,,,,
1970,,이창우,Z,패,녹아웃,승,T,최호선,,,,,
1971,,변현제,P,승,폴스타,패,T,최호선,,,,,
1972,,김명운,Z,승,도미네이터 SE,패,Z,고석현,,,,,
1973,,김정우,Z,승,도미네이터 SE,패,Z,김윤환,,,,,
1974,,김정우,Z,승,울돌목,패,Z,김명운,,,,,
1975,,고석현,Z,승,리트머스,패,Z,김윤환,,,,,
1976,,김명운,Z,승,라데온,패,Z,고석현,,,,,
1977,,유영진,T,승,도미네이터 SE,패,P,정경두,,,,,
1978,,이제동,Z,승,도미네이터 SE,패,T,윤찬희,,,,,
1979,,이제동,Z,승,녹아웃,패,T,유영진,,,,,
1980,,정경두,P,패,녹아웃,승,T,윤찬희,,,,,
1981,,유영진,T,승,폴스타,패,T,윤찬희,,,,,
1982,,조일장,Z,패,도미네이터 SE,승,Z,방태수,,,,,
1983,,김지성,T,패,도미네이터 SE,승,T,황병영,,,,,
1984,,방태수,Z,승,리트머스,패,T,황병영,,,,,
1985,,김지성,T,승,리트머스,패,Z,조일장,,,,,
1986,,김지성,T,패,폴스타,승,T,황병영,,,,,
1987,"ASL Season 20
16강",김민철,Z,패,녹아웃,승,T,황병영,,,,,
1988,,김정우,Z,패,녹아웃,승,T,유영진,,,,,
1989,,황병영,T,승,라데온,패,T,유영진,,,,,
1990,,황병영,T,패,메트로폴리스,승,T,유영진,,,,,
1991,,황병영,T,승,폴스타,패,T,유영진,,,,,
1992,,김정우,Z,승,폴스타,패,Z,김민철,,,,,
1993,,김정우,Z,승,리트머스,패,Z,김민철,,,,,
1994,,김정우,Z,승,메트로폴리스,패,T,유영진,,,,,
1995,,김정우,Z,승,라데온,패,T,유영진,,,,,
1996,,도재욱,P,패,녹아웃,승,Z,방태수,,,,,
1997,,김명운,Z,패,녹아웃,승,P,김택용,,,,,
1998,,방태수,Z,패,폴스타,승,P,김택용,,,,,
1999,,방태수,Z,승,라데온,패,P,김택용,,,,,
2000,,방태수,Z,패,메트로폴리스,승,P,김택용,,,,,
2001,,도재욱,P,패,폴스타,승,Z,김명운,,,,,
2002,,도재욱,P,승,라데온,패,Z,김명운,,,,,
2003,,도재욱,P,승,도미네이터 SE,패,Z,김명운,,,,,
2004,,도재욱,P,패,도미네이터 SE,승,Z,방태수,,,,,
2005,,도재욱,P,승,라데온,패,Z,방태수,,,,,
2006,,도재욱,P,승,메트로폴리스,패,Z,방태수,,,,,
2007,,장윤철,P,승,녹아웃,패,T,조기석,,,,,
2008,,이제동,Z,패,녹아웃,승,P,변현제,,,,,
2009,,장윤철,P,승,폴스타,패,P,변현제,,,,,
2010,,장윤철,P,패,도미네이터 SE,승,P,변현제,,,,,
2011,,장윤철,P,승,라데온,패,P,변현제,,,,,
2012,,이제동,Z,승,폴스타,패,T,조기석,,,,,
2013,,이제동,Z,승,울돌목,패,T,조기석,,,,,
2014,,이제동,Z,패,도미네이터 SE,승,P,변현제,,,,,
2015,,이제동,Z,패,메트로폴리스,승,P,변현제,,,,,
2016,,이재호,T,승,녹아웃,패,T,이영웅,,,,,
2017,,임홍규,Z,패,녹아웃,승,Z,박상현,,,,,
2018,,이재호,T,승,라데온,패,Z,박상현,,,,,
2019,,이재호,T,패,메트로폴리스,승,Z,박상현,,,,,
2020,,이재호,T,패,도미네이터 SE,승,Z,박상현,,,,,
2021,,임홍규,Z,승,도미네이터 SE,패,T,이영웅,,,,,
2022,,임홍규,Z,승,폴스타,패,T,이영웅,,,,,
2023,,임홍규,Z,승,도미네이터 SE,패,T,이재호,,,,,
2024,,임홍규,Z,승,메트로폴리스,패,T,이재호,,,,,
2025,"ASL Season 20
8강",황병영,T,패,녹아웃,승,P,변현제,,,,,
2026,,황병영,T,승,울돌목,패,P,변현제,,,,,
2027,,황병영,T,승,메트로폴리스,패,P,변현제,,,,,
2028,,황병영,T,패,리트머스,승,P,변현제,,,,,
2029,,황병영,T,승,폴스타,패,P,변현제,,,,,
2030,,황병영,T,패,도미네이터 SE,승,P,변현제,,,,,
2031,,황병영,T,승,라데온,패,P,변현제,,,,,
2032,,장윤철,P,패,울돌목,승,Z,김정우,,,,,
2033,,장윤철,P,승,메트로폴리스,패,Z,김정우,,,,,
2034,,장윤철,P,승,도미네이터 SE,패,Z,김정우,,,,,
2035,,장윤철,P,승,리트머스,패,Z,김정우,,,,,
2036,,장윤철,P,승,녹아웃,패,Z,김정우,,,,,
2037,,박상현,Z,패,폴스타,승,P,도재욱,,,,,
2038,,박상현,Z,승,메트로폴리스,패,P,도재욱,,,,,
2039,,박상현,Z,패,라데온,승,P,도재욱,,,,,
2040,,박상현,Z,승,울돌목,패,P,도재욱,,,,,
2041,,박상현,Z,승,도미네이터 SE,패,P,도재욱,,,,,
2042,,박상현,Z,승,리트머스,패,P,도재욱,,,,,
2043,,김택용,P,패,울돌목,승,Z,임홍규,,,,,
2044,,김택용,P,승,폴스타,패,Z,임홍규,,,,,
2045,,김택용,P,승,라데온,패,Z,임홍규,,,,,
2046,,김택용,P,승,메트로폴리스,패,Z,임홍규,,,,,
2047,,김택용,P,승,녹아웃,패,Z,임홍규,,,,,
2048,"ASL Season 20
4강",황병영,T,패,울돌목,승,P,장윤철,,,,,
2049,,황병영,T,패,폴스타,승,P,장윤철,,,,,
2050,,황병영,T,승,도미네이터 SE,패,P,장윤철,,,,,
2051,,황병영,T,패,녹아웃,승,P,장윤철,,,,,
2052,,황병영,T,패,리트머스,승,P,장윤철,,,,,
2053,,박상현,Z,승,라데온,패,P,김택용,,,,,
2054,,박상현,Z,패,도미네이터 SE,승,P,김택용,,,,,
2055,,박상현,Z,패,메트로폴리스,승,P,김택용,,,,,
2056,,박상현,Z,승,폴스타,패,P,김택용,,,,,
2057,,박상현,Z,승,울돌목,패,P,김택용,,,,,
2058,,박상현,Z,패,녹아웃,승,P,김택용,,,,,
2059,,박상현,Z,승,리트머스,패,P,김택용,,,,,
2060,"ASL Season 20
결승전",장윤철,P,패,울돌목,승,Z,박상현,,,,,
2061,,장윤철,P,패,도미네이터 SE,승,Z,박상현,,,,,
2062,,장윤철,P,승,라데온,패,Z,박상현,,,,,
2063,,장윤철,P,패,폴스타,승,Z,박상현,,,,,
2064,,장윤철,P,승,메트로폴리스,패,Z,박상현,,,,,
2065,,장윤철,P,패,녹아웃,승,Z,박상현,,,,,
2066,"ASL Season 21
24강",조기석,T,승,옥타곤,패,T,유승곤,,,,,
2067,,정윤종,P,승,옥타곤,패,T,윤찬희,,,,,
2068,,정윤종,P,승,매치포인트,패,T,조기석,,,,,
2069,,유승곤,T,승,매치포인트,패,T,윤찬희,,,,,
2070,,조기석,T,승,폴스타,패,T,유승곤,,,,,
2071,,김민철,Z,승,옥타곤,패,T,김태영,,,,,
2072,,정영재,T,패,옥타곤,승,T,최호선,,,,,
2073,,김민철,Z,패,애티튜드,승,T,최호선,,,,,
2074,,정영재,T,패,애티튜드,승,T,김태영,,,,,
2075,,김민철,Z,패,실피드 3,승,T,김태영,,,,,
2076,,조일장,Z,승,옥타곤,패,P,윤수철,,,,,
2077,,임홍규,Z,패,옥타곤,승,Z,이영한,,,,,
2078,,조일장,Z,승,애티튜드,패,Z,이영한,,,,,
2079,,임홍규,Z,패,제인 도,승,P,윤수철,,,,,
2080,,윤수철,P,승,폴스타,패,Z,이영한,,,,,
2081,,이재호,T,승,옥타곤,패,Z,김윤환,,,,,
2082,,김지성,T,패,옥타곤,승,T,박성균,,,,,
2083,,이재호,T,승,애티튜드,패,T,박성균,,,,,
2084,,김지성,T,승,제인 도,패,Z,김윤환,,,,,
2085,,김지성,T,승,폴스타,패,T,박성균,,,,,
2086,,유영진,T,패,옥타곤,승,T,임진묵,,,,,
2087,,이영호,T,승,옥타곤,패,T,이영웅,,,,,
2088,,이영호,T,승,제인 도,패,T,임진묵,,,,,
2089,,유영진,T,패,애티튜드,승,T,이영웅,,,,,
2090,,임진묵,T,승,폴스타,패,T,이영웅,,,,,
2091,,도재욱,P,패,옥타곤,승,T,신상문,,,,,
2092,,김명운,Z,패,옥타곤,승,Z,이제동,,,,,
2093,,신상문,T,패,제인 도,승,Z,이제동,,,,,
2094,,김명운,Z,승,제인 도,패,P,도재욱,,,,,
2095,,김명운,Z,패,폴스타,승,T,신상문,,,,,
2096,"ASL Season 21
16강",박상현,Z,승,폴스타,패,P,윤수철,,,,,
2097,,조기석,T,패,폴스타,승,T,최호선,,,,,
2098,,박상현,Z,패,옥타곤,승,T,최호선,,,,,
2099,,박상현,Z,승,매치포인트,패,T,최호선,,,,,
2100,,박상현,Z,승,녹아웃,패,T,최호선,,,,,
2101,,조기석,T,패,실피드 3,승,P,윤수철,,,,,
2102,,조기석,T,승,매치포인트,패,P,윤수철,,,,,
2103,,조기석,T,패,녹아웃,승,P,윤수철,,,,,
2104,,윤수철,P,승,실피드 3,패,T,최호선,,,,,
2105,,윤수철,P,패,제인 도,승,T,최호선,,,,,
2106,,윤수철,P,승,녹아웃,패,T,최호선,,,,,
2107,,장윤철,P,승,폴스타,패,T,임진묵,,,,,
2108,,조일장,Z,승,폴스타,패,P,정윤종,,,,,
2109,,조일장,Z,승,녹아웃,패,P,장윤철,,,,,
2110,,조일장,Z,패,실피드 3,승,P,장윤철,,,,,
2111,,조일장,Z,패,매치포인트,승,P,장윤철,,,,,
2112,,임진묵,T,패,매치포인트,승,P,정윤종,,,,,
2113,,임진묵,T,패,녹아웃,승,P,정윤종,,,,,
2114,,조일장,Z,승,옥타곤,패,P,정윤종,,,,,
2115,,조일장,Z,패,실피드 3,승,P,정윤종,,,,,
2116,,조일장,Z,승,녹아웃,패,P,정윤종,,,,,
2117,,김택용,P,승,폴스타,패,T,김태영,,,,,
2118,,이제동,Z,승,폴스타,패,T,이영호,,,,,
2119,,이제동,Z,승,제인 도,패,P,김택용,,,,,
2120,,이제동,Z,승,녹아웃,패,P,김택용,,,,,
2121,,김태영,T,패,제인 도,승,T,이영호,,,,,
2122,,김태영,T,패,녹아웃,승,T,이영호,,,,,
2123,,김택용,P,패,애티튜드,승,T,이영호,,,,,
2124,,김택용,P,패,녹아웃,승,T,이영호,,,,,
2125,,황병영,T,패,폴스타,승,T,신상문,,,,,
2126,,김지성,T,승,폴스타,패,T,이재호,,,,,
2127,,김지성,T,패,옥타곤,승,T,신상문,,,,,
2128,,김지성,T,패,녹아웃,승,T,신상문,,,,,
2129,,황병영,T,패,실피드 3,승,T,이재호,,,,,
2130,,황병영,T,패,옥타곤,승,T,이재호,,,,,
2131,,김지성,T,패,애티튜드,승,T,이재호,,,,,
2132,,김지성,T,승,제인 도,패,T,이재호,,,,,
2133,,김지성,T,패,옥타곤,승,T,이재호,,,,,
2134,"ASL Season 21
8강",박상현,Z,승,매치포인트,패,Z,조일장,,,,,
2135,,박상현,Z,승,녹아웃,패,Z,조일장,,,,,
2136,,박상현,Z,승,제인 도,패,Z,조일장,,,,,
2137,,신상문,T,승,녹아웃,패,P,윤수철,,,,,
2138,,신상문,T,승,매치포인트,패,P,윤수철,,,,,
2139,,신상문,T,승,애티튜드,패,P,윤수철,,,,,
2140,,이제동,Z,패,매치포인트,승,T,이재호,,,,,
2141,,이제동,Z,패,제인 도,승,T,이재호,,,,,
2142,,이제동,Z,승,실피드 3,패,T,이재호,,,,,
2143,,이제동,Z,승,폴스타,패,T,이재호,,,,,
2144,,이제동,Z,패,옥타곤,승,T,이재호,,,,,
2145,,장윤철,P,승,매치포인트,패,T,이영호,,,,,
2146,,장윤철,P,패,애티튜드,승,T,이영호,,,,,
2147,,장윤철,P,패,제인 도,승,T,이영호,,,,,
2148,,장윤철,P,승,폴스타,패,T,이영호,,,,,
2149,,장윤철,P,패,녹아웃,승,T,이영호,,,,,
2150,"ASL Season 21
4강",박상현,Z,승,실피드 3,패,T,신상문,,,,,
2151,,박상현,Z,승,제인 도,패,T,신상문,,,,,
2152,,박상현,Z,패,옥타곤,승,T,신상문,,,,,
2153,,박상현,Z,승,폴스타,패,T,신상문,,,,,
2154,,박상현,Z,승,녹아웃,패,T,신상문,,,,,
2155,,이재호,T,패,애티튜드,승,T,이영호,,,,,
2156,,이재호,T,패,녹아웃,승,T,이영호,,,,,
2157,,이재호,T,패,제인 도,승,T,이영호,,,,,
2158,,이재호,T,패,폴스타,승,T,이영호,,,,,
2159,"ASL Season 21
결승전",박상현,Z,패,제인 도,승,T,이영호,,,,,
2160,,박상현,Z,패,옥타곤,승,T,이영호,,,,,
2161,,박상현,Z,승,실피드 3,패,T,이영호,,,,,
2162,,박상현,Z,승,폴스타,패,T,이영호,,,,,
2163,,박상현,Z,패,녹아웃,승,T,이영호,,,,,
2164,,박상현,Z,승,애티튜드,패,T,이영호,,,,,
2165,,박상현,Z,승,매치포인트,패,T,이영호,,,,,
2166,"ASL Season 22
와일드카드",장윤철,P,승,녹아웃,패,Z,이제동,,,,,
2167,,장윤철,P,승,폴스타,패,Z,이제동,,,,,
2168,,윤수철,P,패,옥타곤 SE,승,Z,조일장,,,,,
2169,,윤수철,P,패,매치포인트,승,Z,조일장,,,,,
2170,,장윤철,P,패,폴스타,승,Z,조일장,,,,,
2171,,장윤철,P,승,매치포인트,패,Z,조일장,,,,,
2172,,장윤철,P,승,실피드 3,패,Z,조일장,,,,,
2173,"ASL Season 22
24강",유영진,T,승,녹아웃,패,Z,배성흠,,,,,
2174,,김택용,P,패,녹아웃,승,P,김윤중,,,,,
2175,,유영진,T,패,오디세이 RE,승,P,김윤중,,,,,
2176,,김택용,P,승,애티튜드 SE,패,Z,배성흠,,,,,
2177,,김택용,P,패,옥타곤 SE,승,T,유영진,,,,,
2178,,조기석,T,패,녹아웃,승,T,김재현,,,,,
2179,,김성대,Z,패,녹아웃,승,Z,이영한,,,,,
2180,,김재현,T,패,애티튜드 SE,승,Z,이영한,,,,,
2181,,김성대,Z,승,오디세이 RE,패,T,조기석,,,,,
2182,,김성대,Z,패,옥타곤 SE,승,T,김재현,,,,,
2183,,도재욱,P,승,녹아웃,패,P,정경두,,,,,
2184,,이제동,Z,승,녹아웃,패,T,이영웅,,,,,
2185,,이제동,Z,패,컬러리스 페이트,승,P,도재욱,,,,,
2186,,정경두,P,,애티튜드 SE,,T,이영웅,,,,,
2187,,이제동,Z,,,,,,,,,,